alert_id,source_id,customer_or_subject,alert_date,display_scope,source_line_start,source_line_end,segment_sha256,review_status,currency_review_status,knowledge_extraction_status,operational_record_id,required_follow_up
MGB-ALERT-0001,SRC-MGB-PAGE-0023,School Specialty Inc.,2026-08-06,U.S.,23,29,3aae964c2dd54ff54c2cae8207ca0c2f9eb844424537563b0f9e85346a6af589,FULLY_REVIEWED,CURRENT_PAGE_NO_EXPLICIT_END_DATE_REVALIDATE_ON_PAGE_CHANGE,EXTRACTED_TO_CUSTOMER_ALERT_LAYER,CAL-2026-0001,Revalidate customer-specific scope and instructions when the alert page changes.
MGB-ALERT-0002,SRC-MGB-PAGE-0023,Alo Yoga,2026-07-29,U.S.,35,43,78b126143b00eee300fc49083bf5e3893554094049c3e713701fbcecb644d1c1,FULLY_REVIEWED,CURRENT_PAGE_NO_EXPLICIT_END_DATE_REVALIDATE_ON_PAGE_CHANGE,EXTRACTED_TO_CUSTOMER_ALERT_LAYER,CAL-2026-0002,Revalidate customer-specific scope and instructions when the alert page changes.
MGB-ALERT-0003,SRC-MGB-PAGE-0023,Sam’s Club,2026-07-08,U.S.,47,51,07f3b1c7ac360c9ac7736ec8403c40699dc73ccaa7f3a9c23dc7006ec796ce5e,FULLY_REVIEWED,CURRENT_PAGE_NO_EXPLICIT_END_DATE_REVALIDATE_ON_PAGE_CHANGE,EXTRACTED_TO_CUSTOMER_ALERT_LAYER,CAL-2026-0003,Revalidate customer-specific scope and instructions when the alert page changes.
MGB-ALERT-0004,SRC-MGB-PAGE-0023,Magic Kitchen,2026-07-08,U.S.,57,63,137b4f5b05649ebc159b713daaf01d9be1d76ae34f16101a10be8d7aa33c7d5a,FULLY_REVIEWED,CURRENT_PAGE_NO_EXPLICIT_END_DATE_REVALIDATE_ON_PAGE_CHANGE,EXTRACTED_TO_CUSTOMER_ALERT_LAYER,CAL-2026-0004,Revalidate customer-specific scope and instructions when the alert page changes.
MGB-ALERT-0005,SRC-MGB-PAGE-0023,Foot Locker,2026-06-29,U.S.,71,78,2a68d3d43c67bb8fa65f03ea8f011057f085da16ef07652fd8f86fe5d8a5a748,FULLY_REVIEWED,CURRENT_PAGE_NO_EXPLICIT_END_DATE_REVALIDATE_ON_PAGE_CHANGE,EXTRACTED_TO_CUSTOMER_ALERT_LAYER,CAL-2026-0005,Revalidate customer-specific scope and instructions when the alert page changes.
MGB-ALERT-0006,SRC-MGB-PAGE-0023,TJX Companies,2026-06-22,U.S.,82,92,fd30e5f6cc56c353c2e85ba416793567afb5ac49c6f174631cd91cda43c9e852,FULLY_REVIEWED,CURRENT_PAGE_NO_EXPLICIT_END_DATE_REVALIDATE_ON_PAGE_CHANGE,EXTRACTED_TO_CUSTOMER_ALERT_LAYER,CAL-2026-0006,Revalidate customer-specific scope and instructions when the alert page changes.
MGB-ALERT-0007,SRC-MGB-PAGE-0023,Best Buy,2026-06-16,U.S.,96,98,ee0c8177e70714e5f6c5b7a491a5be5b9bcf5421dabfac226ea3a2ded2699d57,FULLY_REVIEWED,EXPLICIT_WINDOW_ELAPSED_CURRENT_SOURCE_REQUIRED,EXTRACTED_TO_CUSTOMER_ALERT_LAYER,CAL-2026-0007,Acquire and review a current customer instruction before answering as current.
MGB-ALERT-0008,SRC-MGB-PAGE-0023,ACT Testing,2026-05-27,U.S.,104,108,aa7cd876e68de46743e523759dbd3017f889ac2fe179321424806782ae88757a,FULLY_REVIEWED,EXPLICIT_WINDOW_ELAPSED_CURRENT_SOURCE_REQUIRED,EXTRACTED_TO_CUSTOMER_ALERT_LAYER,CAL-2026-0008,Acquire and review a current customer instruction before answering as current.
MGB-ALERT-0009,SRC-MGB-PAGE-0023,Walgreens,2026-05-20,U.S.,116,122,37b4bd69fddfc40698a45d60a38c0545ebd27003d8faeb1f992159e6256ebb1a,FULLY_REVIEWED,CURRENT_PAGE_NO_EXPLICIT_END_DATE_REVALIDATE_ON_PAGE_CHANGE,EXTRACTED_TO_CUSTOMER_ALERT_LAYER,CAL-2026-0009,Revalidate customer-specific scope and instructions when the alert page changes.
MGB-ALERT-0010,SRC-MGB-PAGE-0023,RR Donnelley/The Home Depot,2026-05-15,U.S.,124,128,6b3cf4b3ff9d698e8fd56b3d6a628e9861214e02ad00f3f762c9d6a3c0ae2870,FULLY_REVIEWED,CURRENT_PAGE_NO_EXPLICIT_END_DATE_REVALIDATE_ON_PAGE_CHANGE,EXTRACTED_TO_CUSTOMER_ALERT_LAYER,CAL-2026-0010,Revalidate customer-specific scope and instructions when the alert page changes.
MGB-ALERT-0011,SRC-MGB-PAGE-0023,ACT Testing,2026-04-01,U.S.,130,134,8bb7e8cf600f073cd23ce9451b1a8a4ca4c2269fb4252ea08b0c21c670157943,FULLY_REVIEWED,EXPLICIT_WINDOW_ELAPSED_CURRENT_SOURCE_REQUIRED,EXTRACTED_TO_CUSTOMER_ALERT_LAYER,CAL-2026-0011,Acquire and review a current customer instruction before answering as current.
MGB-ALERT-0012,SRC-MGB-PAGE-0023,O’Rourke Brothers Inc. (Rent-A-Center),2026-02-25,U.S.,136,145,7a0ef4ca353ad4dc8bbd1fc227d4a7024a56ed2284ad81ec084c53b152a55977,FULLY_REVIEWED,CURRENT_PAGE_NO_EXPLICIT_END_DATE_REVALIDATE_ON_PAGE_CHANGE,EXTRACTED_TO_CUSTOMER_ALERT_LAYER,CAL-2026-0012,Revalidate customer-specific scope and instructions when the alert page changes.
MGB-ALERT-0013,SRC-MGB-PAGE-0023,"Genesco, Inc. (Journeys, Journeys Kidz, Shi, Underground Station, Johnston & Murphy)",2026-02-18,U.S.,147,156,2b9c314bda331e79c82a387c0bbd2fcbd68f730bd64dffba9a59b47ca45fea4f,FULLY_REVIEWED,CURRENT_PAGE_NO_EXPLICIT_END_DATE_REVALIDATE_ON_PAGE_CHANGE,EXTRACTED_TO_CUSTOMER_ALERT_LAYER,CAL-2026-0013,Revalidate customer-specific scope and instructions when the alert page changes.
MGB-ALERT-0014,SRC-MGB-PAGE-0023,Tapestry,2026-02-11,U.S.,158,167,90047ceeec5b19c56a72ddfef681df2d6c51e9e11d3c6f734635ab1ace840fc5,FULLY_REVIEWED,CURRENT_PAGE_NO_EXPLICIT_END_DATE_REVALIDATE_ON_PAGE_CHANGE,EXTRACTED_TO_CUSTOMER_ALERT_LAYER,CAL-2026-0014,Revalidate customer-specific scope and instructions when the alert page changes.
MGB-ALERT-0015,SRC-MGB-PAGE-0023,Alo Yoga,2026-02-11,U.S.,169,177,a8c9fe07dc5a30c79e0e512aae47908ef1daa14c2856ee317916e47eea6a5137,FULLY_REVIEWED,CURRENT_PAGE_NO_EXPLICIT_END_DATE_REVALIDATE_ON_PAGE_CHANGE,EXTRACTED_TO_CUSTOMER_ALERT_LAYER,CAL-2026-0002,Revalidate customer-specific scope and instructions when the alert page changes.
MGB-ALERT-0016,SRC-MGB-PAGE-0023,"JD Sports (Hibbett's, Finish Line, DTLR, Shoe Palace)",2026-02-11,U.S.,179,188,cf12ec0daaa2a42d41c80128f77a70a3ce0a315872e947fa5ce327d22871a207,FULLY_REVIEWED,CURRENT_PAGE_NO_EXPLICIT_END_DATE_REVALIDATE_ON_PAGE_CHANGE,EXTRACTED_TO_CUSTOMER_ALERT_LAYER,CAL-2026-0015,Revalidate customer-specific scope and instructions when the alert page changes.
MGB-ALERT-0017,SRC-MGB-PAGE-0023,J. McLaughlin,2026-01-30,U.S.,190,192,112e3badfcce6d182ef7102da8a3bb5c24b077b06d5dece92847e88c07d7db19,FULLY_REVIEWED,CURRENT_PAGE_NO_EXPLICIT_END_DATE_REVALIDATE_ON_PAGE_CHANGE,EXTRACTED_TO_CUSTOMER_ALERT_LAYER,CAL-2026-0016,Revalidate customer-specific scope and instructions when the alert page changes.
MGB-ALERT-0018,SRC-MGB-PAGE-0023,eBay,2026-01-20,U.S.,194,194,4ff4f2b3992fb3eae258aea368085766429b9db66d58aebfa24649494b2f9328,FULLY_REVIEWED,CURRENT_PAGE_NO_EXPLICIT_END_DATE_REVALIDATE_ON_PAGE_CHANGE,EXTRACTED_TO_CUSTOMER_ALERT_LAYER,CAL-2026-0017,Revalidate customer-specific scope and instructions when the alert page changes.
MGB-ALERT-0019,SRC-MGB-PAGE-0023,FlyBox,2026-01-20,U.S.,196,196,48c488574bca46d7d43e55945bc72b0bf4566c6c71561e6af87a477571b85e07,FULLY_REVIEWED,CURRENT_PAGE_INFORMATIONAL_ONLY,EXTRACTED_TO_CUSTOMER_ALERT_LAYER,CAL-2026-0018,Revalidate when the alert page changes; do not infer an unprovided procedure.
MGB-ALERT-0020,SRC-MGB-PAGE-0023,MWI Animal Health,2025-12-30,U.S.,198,198,31305ded59d0027f09fb1b02c93f56be41562d9818f304d5e8cd160bb8526839,FULLY_REVIEWED,EXPLICIT_WINDOW_ELAPSED_CURRENT_SOURCE_REQUIRED,EXTRACTED_TO_CUSTOMER_ALERT_LAYER,CAL-2025-0001,Acquire and review a current customer instruction before answering as current.
MGB-ALERT-0021,SRC-MGB-PAGE-0023,Wineshipping.com,2025-12-22,U.S.,200,204,d7b64cbe2083d9c8707a1644c407667ae5cd9cc8f04b4a6457bb5c566ac37054,FULLY_REVIEWED,EXPLICIT_WINDOW_ELAPSED_CURRENT_SOURCE_REQUIRED,EXTRACTED_TO_CUSTOMER_ALERT_LAYER,CAL-2025-0002,Acquire and review a current customer instruction before answering as current.
MGB-ALERT-0022,SRC-MGB-PAGE-0023,MWI Animal Health,2025-11-24,U.S.,206,210,2373466f43687512112cde7ec564d630c32b110c575f6ba2bfd3296a08e15c19,FULLY_REVIEWED,EXPLICIT_WINDOW_ELAPSED_CURRENT_SOURCE_REQUIRED,EXTRACTED_TO_CUSTOMER_ALERT_LAYER,CAL-2025-0003,Acquire and review a current customer instruction before answering as current.
MGB-ALERT-0023,SRC-MGB-PAGE-0023,LuxerOne,2025-11-12,U.S.,212,216,fa83317910fae11ee86a3a314bde0b3b66cf81be1697408aef82eeafe0e83bf7,FULLY_REVIEWED,EXPLICIT_WINDOW_ELAPSED_CURRENT_SOURCE_REQUIRED,EXTRACTED_TO_CUSTOMER_ALERT_LAYER,CAL-2025-0004,Acquire and review a current customer instruction before answering as current.
MGB-ALERT-0024,SRC-MGB-PAGE-0023,BELK,2025-11-12,U.S.,220,228,0a9f5b6695ce52f1b2e0c9bc80d7ff610face01a9ad0436ceab0791fb413d6c4,FULLY_REVIEWED,EXPLICIT_WINDOW_ELAPSED_CURRENT_SOURCE_REQUIRED,EXTRACTED_TO_CUSTOMER_ALERT_LAYER,CAL-2025-0005,Acquire and review a current customer instruction before answering as current.
MGB-ALERT-0025,SRC-MGB-PAGE-0023,Lululemon,2025-11-06,U.S.,232,259,210579716e84094a00c01688f40f45971d289faa84e0b1b5d090beb98e632b55,FULLY_REVIEWED,EXPLICIT_WINDOW_ELAPSED_CURRENT_SOURCE_REQUIRED,EXTRACTED_TO_CUSTOMER_ALERT_LAYER,CAL-2025-0006,Acquire and review a current customer instruction before answering as current.
MGB-ALERT-0026,SRC-MGB-PAGE-0023,New customer: J. McLaughlin,2025-11-04,U.S.,261,261,81076670c44c204df9f38a76f0f6a3017ded922c058f1f39f2ae38cbf024254e,FULLY_REVIEWED,EXPLICIT_WINDOW_ELAPSED_CURRENT_SOURCE_REQUIRED,EXTRACTED_TO_CUSTOMER_ALERT_LAYER,CAL-2025-0007,Acquire and review a current customer instruction before answering as current.
MGB-ALERT-0027,SRC-MGB-PAGE-0023,Foot Locker,2025-11-04,U.S.,263,317,6945e3351ceee4d29ce98d8d08ee7f16ac663e2fe66f6db95d1deb73dd5429a5,FULLY_REVIEWED,EXPLICIT_WINDOW_ELAPSED_CURRENT_SOURCE_REQUIRED,EXTRACTED_TO_CUSTOMER_ALERT_LAYER,CAL-2025-0008,Acquire and review a current customer instruction before answering as current.
MGB-ALERT-0028,SRC-MGB-PAGE-0023,MWI Animal Health,2025-10-27,U.S.,318,320,a9361682c006c51b498eaa448f62fe07c2699f63604d297d88cdfb0e7a81cde7,FULLY_REVIEWED,EXPLICIT_WINDOW_ELAPSED_CURRENT_SOURCE_REQUIRED,EXTRACTED_TO_CUSTOMER_ALERT_LAYER,CAL-2025-0009,Acquire and review a current customer instruction before answering as current.
MGB-ALERT-0029,SRC-MGB-PAGE-0023,ITK Collective- Doodle for Google,2025-10-17,U.S.,322,324,df99a7fee82da97fbff153a2dbfa19f8a24fdf03c4519d0051711d44de7be174,FULLY_REVIEWED,EXPLICIT_WINDOW_ELAPSED_CURRENT_SOURCE_REQUIRED,EXTRACTED_TO_CUSTOMER_ALERT_LAYER,CAL-2025-0010,Acquire and review a current customer instruction before answering as current.
MGB-ALERT-0030,SRC-MGB-PAGE-0023,Kroger and banner stores,2025-10-07,U.S.,326,331,cc9acba37ad03326da84985ea98f827dd89fba2199b3f4518bd83fb469a2ef5c,FULLY_REVIEWED,EXPLICIT_WINDOW_ELAPSED_CURRENT_SOURCE_REQUIRED,EXTRACTED_TO_CUSTOMER_ALERT_LAYER,CAL-2025-0011,Acquire and review a current customer instruction before answering as current.
MGB-ALERT-0031,SRC-MGB-PAGE-0023,MagicKitchen.com,2025-10-07,U.S.,333,335,935c17b393ca587f9279c72f6008bf2ef56e720c0cd44f876fc38761c17623f6,FULLY_REVIEWED,EXPLICIT_WINDOW_ELAPSED_CURRENT_SOURCE_REQUIRED,EXTRACTED_TO_CUSTOMER_ALERT_LAYER,CAL-2025-0012,Acquire and review a current customer instruction before answering as current.
MGB-ALERT-0032,SRC-MGB-PAGE-0023,New customer: Tapestry,2025-10-07,U.S.,337,347,3cf301370e649b4fc8b28c0bc33c91777adea0eb75925c7175fd51d4fd45e131,FULLY_REVIEWED,EXPLICIT_WINDOW_ELAPSED_CURRENT_SOURCE_REQUIRED,EXTRACTED_TO_CUSTOMER_ALERT_LAYER,CAL-2025-0013,Acquire and review a current customer instruction before answering as current.
MGB-ALERT-0033,SRC-MGB-PAGE-0023,Walmart/Sam's Club,2025-09-29,U.S.,349,351,c9e43f68b1be06f12b06ab96fbefd2a2894585dcbf2a51e5a78c48f62b13ed6d,FULLY_REVIEWED,EXPLICIT_WINDOW_ELAPSED_CURRENT_SOURCE_REQUIRED,EXTRACTED_TO_CUSTOMER_ALERT_LAYER,CAL-2025-0014,Acquire and review a current customer instruction before answering as current.
MGB-ALERT-0034,SRC-MGB-PAGE-0023,Verizon,2025-09-29,U.S.,353,358,1f3e7a948dec942b57c46235e7cfa812c1c4896355a933a05873f5569ca6ff98,FULLY_REVIEWED,EXPLICIT_WINDOW_ELAPSED_CURRENT_SOURCE_REQUIRED,EXTRACTED_TO_CUSTOMER_ALERT_LAYER,CAL-2025-0015,Acquire and review a current customer instruction before answering as current.
MGB-ALERT-0035,SRC-MGB-PAGE-0023,Best Buy,2025-09-29,U.S.,360,362,06e29722aac3f8b476ecd17fd724625114a6ab1dc5b3d939a07e2c12cef597a3,FULLY_REVIEWED,EXPLICIT_WINDOW_ELAPSED_CURRENT_SOURCE_REQUIRED,EXTRACTED_TO_CUSTOMER_ALERT_LAYER,CAL-2025-0016,Acquire and review a current customer instruction before answering as current.
MGB-ALERT-0036,SRC-MGB-PAGE-0023,Matco Tools,2025-09-23,U.S.,364,368,3cd1e4ec4fcdc0c30a7f041af05966cc91c7da0f7b3d83d4c2b53ec32230b370,FULLY_REVIEWED,EXPLICIT_WINDOW_ELAPSED_CURRENT_SOURCE_REQUIRED,EXTRACTED_TO_CUSTOMER_ALERT_LAYER,CAL-2025-0017,Acquire and review a current customer instruction before answering as current.
MGB-ALERT-0037,SRC-MGB-PAGE-0023,Walmart,2025-09-23,U.S.,370,370,a243bb1ae91ef2bde33a277caa6248ee4efec614be131b93833579b7810fb66a,FULLY_REVIEWED,EXPLICIT_WINDOW_ELAPSED_CURRENT_SOURCE_REQUIRED,EXTRACTED_TO_CUSTOMER_ALERT_LAYER,CAL-2025-0018,Acquire and review a current customer instruction before answering as current.
MGB-ALERT-0038,SRC-MGB-PAGE-0023,New customer: VIP Wireless,2025-09-15,U.S.,372,376,c5b92002f165bd8e51933798e3b2af280e18d5759813cd3bdffb3ba579dd8ecb,FULLY_REVIEWED,EXPLICIT_WINDOW_ELAPSED_CURRENT_SOURCE_REQUIRED,EXTRACTED_TO_CUSTOMER_ALERT_LAYER,CAL-2025-0019,Acquire and review a current customer instruction before answering as current.
MGB-ALERT-0039,SRC-MGB-PAGE-0023,Ross and dd's DISCOUNTS,2025-09-15,U.S.,380,380,1c171bf1af19db5c5abdee109290de8f54bc4a93b2bbda16c4817d86fbec9a04,FULLY_REVIEWED,EXPLICIT_WINDOW_ELAPSED_CURRENT_SOURCE_REQUIRED,EXTRACTED_TO_CUSTOMER_ALERT_LAYER,CAL-2025-0020,Acquire and review a current customer instruction before answering as current.
MGB-ALERT-0040,SRC-MGB-PAGE-0023,Cencora/MWI Animal Health,2025-09-15,U.S.,382,384,bc22805e8cc4539e9e8d043d1f9e145e0f3d29ae793ac3dabc672b211e1f33da,FULLY_REVIEWED,EXPLICIT_WINDOW_ELAPSED_CURRENT_SOURCE_REQUIRED,EXTRACTED_TO_CUSTOMER_ALERT_LAYER,CAL-2025-0021,Acquire and review a current customer instruction before answering as current.
MGB-ALERT-0041,SRC-MGB-PAGE-0023,Pure Country,2025-09-15,U.S. and Canada,386,386,baf2487624abf66405be375d502131364baa174d18b5a7195064556cd9bf70b5,FULLY_REVIEWED,EXPLICIT_WINDOW_ELAPSED_CURRENT_SOURCE_REQUIRED,EXTRACTED_TO_CUSTOMER_ALERT_LAYER,CAL-2025-0022,Acquire and review a current customer instruction before answering as current.
MGB-ALERT-0042,SRC-MGB-PAGE-0023,Polaris Pharmacy (on behalf of AstraZeneca),2025-09-03,U.S.,388,394,dd09da183723dce3474577e41cbbeca0e0e9352ce22284538e496034b7399a7d,FULLY_REVIEWED,EXPLICIT_WINDOW_ELAPSED_CURRENT_SOURCE_REQUIRED,EXTRACTED_TO_CUSTOMER_ALERT_LAYER,CAL-2025-0023,Acquire and review a current customer instruction before answering as current.
MGB-ALERT-0043,SRC-MGB-PAGE-0023,Spirit Halloween/Spencer's Gifts,2025-08-29,U.S.,396,400,eceb92ad6bfaed3b9a42e86f1f6d7398f04adf6e8efb95f91fb8f21eef81280e,FULLY_REVIEWED,EXPLICIT_WINDOW_ELAPSED_CURRENT_SOURCE_REQUIRED,EXTRACTED_TO_CUSTOMER_ALERT_LAYER,CAL-2025-0024,Acquire and review a current customer instruction before answering as current.
MGB-ALERT-0044,SRC-MGB-PAGE-0023,New customer: TikTok,2025-08-22,U.S.,402,402,95c7ccb27e85c8a8b3df9885be0139698158e37138506a3059826cbfedb7dd67,FULLY_REVIEWED,EXPLICIT_WINDOW_ELAPSED_CURRENT_SOURCE_REQUIRED,EXTRACTED_TO_CUSTOMER_ALERT_LAYER,CAL-2025-0025,Acquire and review a current customer instruction before answering as current.
MGB-ALERT-0045,SRC-MGB-PAGE-0023,Best Buy,2025-08-21,U.S.,404,407,d04259e2b1bab531afc8330cf08dff491aff04c07c7d3d2f69a1c6eac5884852,FULLY_REVIEWED,EXPLICIT_WINDOW_ELAPSED_CURRENT_SOURCE_REQUIRED,EXTRACTED_TO_CUSTOMER_ALERT_LAYER,CAL-2025-0026,Acquire and review a current customer instruction before answering as current.
MGB-ALERT-0046,SRC-MGB-PAGE-0023,Misfits Market,2025-08-04,U.S.,411,415,390e4ac3faea8e2525b22d16f9f0647db2910fa504eba615c03fdab408335379,FULLY_REVIEWED,EXPLICIT_WINDOW_ELAPSED_CURRENT_SOURCE_REQUIRED,EXTRACTED_TO_CUSTOMER_ALERT_LAYER,CAL-2025-0027,Acquire and review a current customer instruction before answering as current.
MGB-ALERT-0047,SRC-MGB-PAGE-0023,GameStop,2025-07-22,U.S.,417,422,b840d006dddf9747d1033e156e156358fe4fae13b269bf486914e94fe72bdf96,FULLY_REVIEWED,EXPLICIT_WINDOW_ELAPSED_CURRENT_SOURCE_REQUIRED,EXTRACTED_TO_CUSTOMER_ALERT_LAYER,CAL-2025-0028,Acquire and review a current customer instruction before answering as current.
MGB-ALERT-0048,SRC-MGB-PAGE-0023,Sanofi,2025-07-14,U.S.,424,427,bd27b1c4106665e5dfb05e827abd55b38f1fdcdbc67d892b4fbd967f8fc181f2,FULLY_REVIEWED,EXPLICIT_WINDOW_ELAPSED_CURRENT_SOURCE_REQUIRED,EXTRACTED_TO_CUSTOMER_ALERT_LAYER,CAL-2025-0029,Acquire and review a current customer instruction before answering as current.
MGB-ALERT-0048A,SRC-MGB-PAGE-0023,Kroger and banner stores,2025-07-14,U.S.,429,451,e090ba6e9144edd768c4e7ce5749208b5e9eed97fdbfbbcd8322b2f8e9a7e83b,FULLY_REVIEWED,EXPLICIT_WINDOW_ELAPSED_CURRENT_SOURCE_REQUIRED,EXTRACTED_TO_CUSTOMER_ALERT_LAYER,CAL-2025-0064,Acquire and review a current customer instruction before answering as current.
MGB-ALERT-0049,SRC-MGB-PAGE-0023,ACT Testing,2025-07-07,U.S.,456,462,1c233566a5ea5e37e5858cdaa761c0048eb8f067ab3e069ef0b7ee0fde00717e,FULLY_REVIEWED,EXPLICIT_WINDOW_ELAPSED_CURRENT_SOURCE_REQUIRED,EXTRACTED_TO_CUSTOMER_ALERT_LAYER,CAL-2025-0030,Acquire and review a current customer instruction before answering as current.
MGB-ALERT-0050,SRC-MGB-PAGE-0023,Trek,2025-07-07,U.S.,466,466,64456343eb1cfa3e13c9d8c2330f31e1dfe483ce5a9d2f8134c30a007bfe4668,FULLY_REVIEWED,EXPLICIT_WINDOW_ELAPSED_CURRENT_SOURCE_REQUIRED,EXTRACTED_TO_CUSTOMER_ALERT_LAYER,CAL-2025-0031,Acquire and review a current customer instruction before answering as current.
MGB-ALERT-0051,SRC-MGB-PAGE-0023,MWI Animal Health,2025-06-23,U.S.,468,468,39101926976edea7ce48e7592314523802b13846880f9c6a835ddbf756a9bdda,FULLY_REVIEWED,EXPLICIT_WINDOW_ELAPSED_CURRENT_SOURCE_REQUIRED,EXTRACTED_TO_CUSTOMER_ALERT_LAYER,CAL-2025-0032,Acquire and review a current customer instruction before answering as current.
MGB-ALERT-0052,SRC-MGB-PAGE-0023,Buc-ee's,2025-06-10,U.S.,470,476,e2cdc18c40b85fcdf05ff46503c153a2c3007bf76e0fd662abb63706997d71a8,FULLY_REVIEWED,EXPLICIT_WINDOW_ELAPSED_CURRENT_SOURCE_REQUIRED,EXTRACTED_TO_CUSTOMER_ALERT_LAYER,CAL-2025-0033,Acquire and review a current customer instruction before answering as current.
MGB-ALERT-0053,SRC-MGB-PAGE-0023,STIHL,2025-06-10,U.S.,478,484,716d92c610c94fef179218a17300ed186df6d4632d1eaec523a379a2ea0e7598,FULLY_REVIEWED,EXPLICIT_WINDOW_ELAPSED_CURRENT_SOURCE_REQUIRED,EXTRACTED_TO_CUSTOMER_ALERT_LAYER,CAL-2025-0034,Acquire and review a current customer instruction before answering as current.
MGB-ALERT-0054,SRC-MGB-PAGE-0023,New customer: Accelerate360,2025-05-19,U.S.,486,486,3e9f0113708c2076d8702cdcad2d692048beb86b5a61a0d56428cc5a2de89d0c,FULLY_REVIEWED,EXPLICIT_WINDOW_ELAPSED_CURRENT_SOURCE_REQUIRED,EXTRACTED_TO_CUSTOMER_ALERT_LAYER,CAL-2025-0035,Acquire and review a current customer instruction before answering as current.
MGB-ALERT-0055,SRC-MGB-PAGE-0023,Cencora/MWI Animal Health,2025-05-19,U.S.,488,492,080c26cc44ce7d097c5916cf0a42ad89d076ce506a9401dc3b9ba07fa692263f,FULLY_REVIEWED,EXPLICIT_WINDOW_ELAPSED_CURRENT_SOURCE_REQUIRED,EXTRACTED_TO_CUSTOMER_ALERT_LAYER,CAL-2025-0036,Acquire and review a current customer instruction before answering as current.
MGB-ALERT-0056,SRC-MGB-PAGE-0023,Ulta Beauty,2025-05-05,U.S.,494,498,a0e76577bf9a6d3b0ab8ea00870782a779575ded2c0ed12838fe2368923d5aa4,FULLY_REVIEWED,EXPLICIT_WINDOW_ELAPSED_CURRENT_SOURCE_REQUIRED,EXTRACTED_TO_CUSTOMER_ALERT_LAYER,CAL-2025-0037,Acquire and review a current customer instruction before answering as current.
MGB-ALERT-0057,SRC-MGB-PAGE-0023,Toshiba/Dollar General,2025-05-01,U.S.,500,500,c9ca4dd2556b2327f5454e90679e72cd261daa90faf33e23f28a69d88d45ff76,FULLY_REVIEWED,EXPLICIT_WINDOW_ELAPSED_CURRENT_SOURCE_REQUIRED,EXTRACTED_TO_CUSTOMER_ALERT_LAYER,CAL-2025-0038,Acquire and review a current customer instruction before answering as current.
MGB-ALERT-0058,SRC-MGB-PAGE-0023,Edible Arrangements,2025-05-01,U.S.,502,502,6cca41ea5e1d7fb66ba4ac2340250519763639b9563e26b46f7fce0bccb78656,FULLY_REVIEWED,EXPLICIT_WINDOW_ELAPSED_CURRENT_SOURCE_REQUIRED,EXTRACTED_TO_CUSTOMER_ALERT_LAYER,CAL-2025-0039,Acquire and review a current customer instruction before answering as current.
MGB-ALERT-0059,SRC-MGB-PAGE-0023,Academy Sports,2025-05-01,U.S.,504,504,5637bb21c9ef30880ea4cf6a553aad43345b70102ead539d9dd805d056246991,FULLY_REVIEWED,EXPLICIT_WINDOW_ELAPSED_CURRENT_SOURCE_REQUIRED,EXTRACTED_TO_CUSTOMER_ALERT_LAYER,CAL-2025-0040,Acquire and review a current customer instruction before answering as current.
MGB-ALERT-0060,SRC-MGB-PAGE-0023,La Colombe,2025-04-28,U.S.,506,508,a79eeb42aae56e0380de9296a12d70d81ec212a7987c0583f745d0ecc0ce7126,FULLY_REVIEWED,EXPLICIT_WINDOW_ELAPSED_CURRENT_SOURCE_REQUIRED,EXTRACTED_TO_CUSTOMER_ALERT_LAYER,CAL-2025-0041,Acquire and review a current customer instruction before answering as current.
MGB-ALERT-0061,SRC-MGB-PAGE-0023,Consolidated Mail Outpatient Pharmacy (CMOP),2025-04-28,U.S.,510,513,d9eee67600fdcf887b44fc49dd673212ab8120062d966a70cad635646b832361,FULLY_REVIEWED,EXPLICIT_WINDOW_ELAPSED_CURRENT_SOURCE_REQUIRED,EXTRACTED_TO_CUSTOMER_ALERT_LAYER,CAL-2025-0042,Acquire and review a current customer instruction before answering as current.
MGB-ALERT-0062,SRC-MGB-PAGE-0023,Bank of America & Wells Fargo,2025-04-21,U.S. and Canada,517,517,a893f373bed9a9a4e36ddbc9219bd1bdb4a04fc998d023d208bce6cb5f3da248,FULLY_REVIEWED,EXPLICIT_WINDOW_ELAPSED_CURRENT_SOURCE_REQUIRED,EXTRACTED_TO_CUSTOMER_ALERT_LAYER,CAL-2025-0043,Acquire and review a current customer instruction before answering as current.
MGB-ALERT-0063,SRC-MGB-PAGE-0023,TJX Companies,2025-04-21,U.S.,519,519,9b43abb84d1bc01c7897b521b99a49ab59c3f652404f9afef5d9a8f7b21a0f06,FULLY_REVIEWED,EXPLICIT_WINDOW_ELAPSED_CURRENT_SOURCE_REQUIRED,EXTRACTED_TO_CUSTOMER_ALERT_LAYER,CAL-2025-0044,Acquire and review a current customer instruction before answering as current.
MGB-ALERT-0064,SRC-MGB-PAGE-0023,Polaris,2025-04-21,U.S. and Canada,521,521,9937495123c2c18d70f6181c0514c38cd244be6248d552c4846a8005cd38d79c,FULLY_REVIEWED,EXPLICIT_WINDOW_ELAPSED_CURRENT_SOURCE_REQUIRED,EXTRACTED_TO_CUSTOMER_ALERT_LAYER,CAL-2025-0045,Acquire and review a current customer instruction before answering as current.
MGB-ALERT-0065,SRC-MGB-PAGE-0023,Wedding Gown Preservation Co.,2025-04-08,U.S.,523,523,b3f24db141a2c5427e45f8b5d888876cd3cb1ec8d51c99ff570b6f7833851a97,FULLY_REVIEWED,EXPLICIT_WINDOW_ELAPSED_CURRENT_SOURCE_REQUIRED,EXTRACTED_TO_CUSTOMER_ALERT_LAYER,CAL-2025-0046,Acquire and review a current customer instruction before answering as current.
MGB-ALERT-0066,SRC-MGB-PAGE-0023,Foot Locker,2025-04-08,U.S. and Canada,525,527,b6214271236d6d3cf6ae0edb82a8ea7ef4f39ff5f93452edf9f828df5eca68c8,FULLY_REVIEWED,EXPLICIT_WINDOW_ELAPSED_CURRENT_SOURCE_REQUIRED,EXTRACTED_TO_CUSTOMER_ALERT_LAYER,CAL-2025-0047,Acquire and review a current customer instruction before answering as current.
MGB-ALERT-0067,SRC-MGB-PAGE-0023,Quest Diagnostics,2025-03-31,U.S.,529,529,1eac0b7fddc40400ce375cd0289e6be91e0114c2852f6dae2e20b69b357bd456,FULLY_REVIEWED,EXPLICIT_WINDOW_ELAPSED_CURRENT_SOURCE_REQUIRED,EXTRACTED_TO_CUSTOMER_ALERT_LAYER,CAL-2025-0048,Acquire and review a current customer instruction before answering as current.
MGB-ALERT-0068,SRC-MGB-PAGE-0023,ACT,2025-03-31,U.S.,531,531,ba66936d15767c1e9528cff9bccee3f8e37315db040b36d51a59a88c2eddaa99,FULLY_REVIEWED,EXPLICIT_WINDOW_ELAPSED_CURRENT_SOURCE_REQUIRED,EXTRACTED_TO_CUSTOMER_ALERT_LAYER,CAL-2025-0049,Acquire and review a current customer instruction before answering as current.
MGB-ALERT-0069,SRC-MGB-PAGE-0023,New customer: Orvis,2025-03-31,U.S.,533,533,cba60259f4f789480064abedc3ed5ebba91193f8a57f330a636ff46536e29180,FULLY_REVIEWED,EXPLICIT_WINDOW_ELAPSED_CURRENT_SOURCE_REQUIRED,EXTRACTED_TO_CUSTOMER_ALERT_LAYER,CAL-2025-0050,Acquire and review a current customer instruction before answering as current.
MGB-ALERT-0070,SRC-MGB-PAGE-0023,New customer: MWI Animal Health,2025-03-18,U.S.,535,535,bd255600689f31f80889ae6608f3f4ddacc6d69fed0bfe8a8de71c69dc43653c,FULLY_REVIEWED,EXPLICIT_WINDOW_ELAPSED_CURRENT_SOURCE_REQUIRED,EXTRACTED_TO_CUSTOMER_ALERT_LAYER,CAL-2025-0051,Acquire and review a current customer instruction before answering as current.
MGB-ALERT-0071,SRC-MGB-PAGE-0023,Pure Country,2025-02-28,U.S. and Canada,537,537,8dc5bdd52a6c2655ad448bbf3006e288fa66915c0058fa4e223306db1dc45d24,FULLY_REVIEWED,EXPLICIT_WINDOW_ELAPSED_CURRENT_SOURCE_REQUIRED,EXTRACTED_TO_CUSTOMER_ALERT_LAYER,CAL-2025-0052,Acquire and review a current customer instruction before answering as current.
MGB-ALERT-0072,SRC-MGB-PAGE-0023,AstraZeneca,2025-02-21,U.S. and Canada,539,539,f3dbfd9fe750ab8a5130715028e37155c55f2aa95d380ee4d56a1af4816e4cf4,FULLY_REVIEWED,EXPLICIT_WINDOW_ELAPSED_CURRENT_SOURCE_REQUIRED,EXTRACTED_TO_CUSTOMER_ALERT_LAYER,CAL-2025-0053,Acquire and review a current customer instruction before answering as current.
MGB-ALERT-0073,SRC-MGB-PAGE-0023,Journeys,2025-02-21,U.S.,541,541,fab0916d86f05673969b876d082651fd2acf410e972037eafefe30f200117ec9,FULLY_REVIEWED,EXPLICIT_WINDOW_ELAPSED_CURRENT_SOURCE_REQUIRED,EXTRACTED_TO_CUSTOMER_ALERT_LAYER,CAL-2025-0054,Acquire and review a current customer instruction before answering as current.
MGB-ALERT-0074,SRC-MGB-PAGE-0023,JOANN,2025-02-21,U.S.,543,543,327a3b6329c0b21ab5f9646fa9bc232bccb205559272d9bf0f849e96ad3bf8e0,FULLY_REVIEWED,EXPLICIT_WINDOW_ELAPSED_CURRENT_SOURCE_REQUIRED,EXTRACTED_TO_CUSTOMER_ALERT_LAYER,CAL-2025-0055,Acquire and review a current customer instruction before answering as current.
MGB-ALERT-0075,SRC-MGB-PAGE-0023,Ross and dd's DISCOUNTS,2025-01-27,U.S.,545,545,e2fb7a2c9519c13e534c8ddbf76c36ee0ee0c41d6d571149404dbee0d4f92664,FULLY_REVIEWED,EXPLICIT_WINDOW_ELAPSED_CURRENT_SOURCE_REQUIRED,EXTRACTED_TO_CUSTOMER_ALERT_LAYER,CAL-2025-0056,Acquire and review a current customer instruction before answering as current.
MGB-ALERT-0076,SRC-MGB-PAGE-0023,New customer: Daniel's Jewelers,2025-01-27,U.S.,547,547,c3ea1ea8640f8c120d3f244e0fbf8393c5c2c1ea58650773638d503793b887fa,FULLY_REVIEWED,EXPLICIT_WINDOW_ELAPSED_CURRENT_SOURCE_REQUIRED,EXTRACTED_TO_CUSTOMER_ALERT_LAYER,CAL-2025-0057,Acquire and review a current customer instruction before answering as current.
MGB-ALERT-0077,SRC-MGB-PAGE-0023,Nike,2025-01-20,U.S.,549,549,4e539b213fcb01a73a8b534ebbd878898fab15332c13ad2976e710dd79584b72,FULLY_REVIEWED,EXPLICIT_WINDOW_ELAPSED_CURRENT_SOURCE_REQUIRED,EXTRACTED_TO_CUSTOMER_ALERT_LAYER,CAL-2025-0058,Acquire and review a current customer instruction before answering as current.
MGB-ALERT-0078,SRC-MGB-PAGE-0023,New customer: Marcone,2025-01-09,U.S.,551,551,65bc45314e3af0a4ffb73e9b3a3b31cecd7a151d157555e275c8252aff2db98f,FULLY_REVIEWED,EXPLICIT_WINDOW_ELAPSED_CURRENT_SOURCE_REQUIRED,EXTRACTED_TO_CUSTOMER_ALERT_LAYER,CAL-2025-0059,Acquire and review a current customer instruction before answering as current.
MGB-ALERT-0079,SRC-MGB-PAGE-0023,HelloFresh,2025-01-09,U.S.,553,553,d3701adf98a0ab29741885f2403f37c9560bd72c4cde1b6145cac104a8765337,FULLY_REVIEWED,EXPLICIT_WINDOW_ELAPSED_CURRENT_SOURCE_REQUIRED,EXTRACTED_TO_CUSTOMER_ALERT_LAYER,CAL-2025-0060,Acquire and review a current customer instruction before answering as current.
MGB-ALERT-0080,SRC-MGB-PAGE-0023,Staples,2025-01-09,U.S.,555,555,fa5a94046abe8b6b2280c418bb6d5c77c8fbb55943e1e6613c3de4fb60eae1b1,FULLY_REVIEWED,EXPLICIT_WINDOW_ELAPSED_CURRENT_SOURCE_REQUIRED,EXTRACTED_TO_CUSTOMER_ALERT_LAYER,CAL-2025-0061,Acquire and review a current customer instruction before answering as current.
MGB-ALERT-0081,SRC-MGB-PAGE-0023,New customer: Matco Tools,2025-01-06,U.S. and Canada,557,561,f447f737c5f46b2526293f689ac7f29e265bb6617056d87eda24a1221a929ee3,FULLY_REVIEWED,EXPLICIT_WINDOW_ELAPSED_CURRENT_SOURCE_REQUIRED,EXTRACTED_TO_CUSTOMER_ALERT_LAYER,CAL-2025-0062,Acquire and review a current customer instruction before answering as current.
MGB-ALERT-0082,SRC-MGB-PAGE-0023,GameStop,2025-01-06,U.S. and Canada,563,567,795ef71faeb8f0d50f94694ffc5f75102b6a4219318b8e681ee37975bd9c5e6a,FULLY_REVIEWED,EXPLICIT_WINDOW_ELAPSED_CURRENT_SOURCE_REQUIRED,EXTRACTED_TO_CUSTOMER_ALERT_LAYER,CAL-2025-0063,Acquire and review a current customer instruction before answering as current.
MGB-ALERT-0083,SRC-MGB-PAGE-0023,JD Sports,2024-12-03,U.S.,569,569,b8e7dc0ac9a6f576d09c6bdb95bafec287e4d4caced243f82a06ccef91e471e9,FULLY_REVIEWED,EXPLICIT_WINDOW_ELAPSED_CURRENT_SOURCE_REQUIRED,EXTRACTED_TO_CUSTOMER_ALERT_LAYER,CAL-2024-0001,Acquire and review a current customer instruction before answering as current.
MGB-ALERT-0084,SRC-MGB-PAGE-0023,Medline Industries,2024-11-27,U.S.,571,571,60b938423c350cda0a3b88c047e84f45da80beb481ecb89dc97ace54e74d4145,FULLY_REVIEWED,EXPLICIT_WINDOW_ELAPSED_CURRENT_SOURCE_REQUIRED,EXTRACTED_TO_CUSTOMER_ALERT_LAYER,CAL-2024-0002,Acquire and review a current customer instruction before answering as current.
MGB-ALERT-0085,SRC-MGB-PAGE-0023,Dick’s Sporting Goods,2024-11-19,U.S.,573,575,1cd33004fb41712144ac30d753c2ad781891c00373704d4451e36bde7fb65722,FULLY_REVIEWED,EXPLICIT_WINDOW_ELAPSED_CURRENT_SOURCE_REQUIRED,EXTRACTED_TO_CUSTOMER_ALERT_LAYER,CAL-2024-0003,Acquire and review a current customer instruction before answering as current.
MGB-ALERT-0086,SRC-MGB-PAGE-0023,Foot Locker,2024-11-11,U.S.,577,610,79db64fd73db52d15e1259f5bb2bd6e12ec27d830fa4e57cfd39b1efe1e15392,FULLY_REVIEWED,EXPLICIT_WINDOW_ELAPSED_CURRENT_SOURCE_REQUIRED,EXTRACTED_TO_CUSTOMER_ALERT_LAYER,CAL-2024-0004,Acquire and review a current customer instruction before answering as current.
MGB-ALERT-0087,SRC-MGB-PAGE-0023,Lululemon,2024-11-11,U.S.,612,630,e5fc63399a172dc664e4b4dec48caf5e5572f2db1f31fafc392151e51c5f17d2,FULLY_REVIEWED,EXPLICIT_WINDOW_ELAPSED_CURRENT_SOURCE_REQUIRED,EXTRACTED_TO_CUSTOMER_ALERT_LAYER,CAL-2024-0005,Acquire and review a current customer instruction before answering as current.
MGB-ALERT-0088,SRC-MGB-PAGE-0023,Ross and dd's DISCOUNTS,2024-11-11,U.S.,632,632,4a6522bbbd55578b344f1110f03a4b6e11ede8bd838ddbd4482cd658d3c2c839,FULLY_REVIEWED,EXPLICIT_WINDOW_ELAPSED_CURRENT_SOURCE_REQUIRED,EXTRACTED_TO_CUSTOMER_ALERT_LAYER,CAL-2024-0006,Acquire and review a current customer instruction before answering as current.
MGB-ALERT-0089,SRC-MGB-PAGE-0023,Bank of America,2024-10-25,U.S. and Canada,634,634,ca15e543692f430ea31222a50e4c3c6ec597ca0fc12171a7abd45c6c5534fc50,FULLY_REVIEWED,EXPLICIT_WINDOW_ELAPSED_CURRENT_SOURCE_REQUIRED,EXTRACTED_TO_CUSTOMER_ALERT_LAYER,CAL-2024-0007,Acquire and review a current customer instruction before answering as current.
MGB-ALERT-0090,SRC-MGB-PAGE-0023,"City Electric (CES Online, TAMCO)",2024-10-25,U.S.,636,636,810b4e80f1224db51c359e5937a060e4f8cce6d170eb2a3db912e0ed03548402,FULLY_REVIEWED,EXPLICIT_WINDOW_ELAPSED_CURRENT_SOURCE_REQUIRED,EXTRACTED_TO_CUSTOMER_ALERT_LAYER,CAL-2024-0008,Acquire and review a current customer instruction before answering as current.
MGB-ALERT-0091,SRC-MGB-PAGE-0023,Nerk Enterprises,2024-10-07,U.S. and Canada,638,638,b83f2483fe2f20681903a2e36d2ce17cbb9ab9dd41051bb07e31a448379e6b07,FULLY_REVIEWED,EXPLICIT_WINDOW_ELAPSED_CURRENT_SOURCE_REQUIRED,EXTRACTED_TO_CUSTOMER_ALERT_LAYER,CAL-2024-0009,Acquire and review a current customer instruction before answering as current.
MGB-ALERT-0092,SRC-MGB-PAGE-0023,Belk,2024-10-07,U.S.,640,640,b53959a46b622fec89d317df8b7773362a5fd46afeb70e7f0be3332b55d6807c,FULLY_REVIEWED,EXPLICIT_WINDOW_ELAPSED_CURRENT_SOURCE_REQUIRED,EXTRACTED_TO_CUSTOMER_ALERT_LAYER,CAL-2024-0010,Acquire and review a current customer instruction before answering as current.
MGB-ALERT-0093,SRC-MGB-PAGE-0023,Telecommunications customers,2024-09-10,U.S.,642,642,fe88edc1be04837473954149623f3082e11f8bbc306fb2d0d49f8ad23a57017d,FULLY_REVIEWED,EXPLICIT_WINDOW_ELAPSED_CURRENT_SOURCE_REQUIRED,EXTRACTED_TO_CUSTOMER_ALERT_LAYER,CAL-2024-0011,Acquire and review a current customer instruction before answering as current.
MGB-ALERT-0094,SRC-MGB-PAGE-0023,Spirit Halloween/Spencer's Gifts,2024-08-29,U.S.,644,648,54cc314ca4880da5ef870ed1ea01718949c1cc8a74416e73a13e99d5e171af7a,FULLY_REVIEWED,EXPLICIT_WINDOW_ELAPSED_CURRENT_SOURCE_REQUIRED,EXTRACTED_TO_CUSTOMER_ALERT_LAYER,CAL-2024-0012,Acquire and review a current customer instruction before answering as current.
MGB-ALERT-0095,SRC-MGB-PAGE-0023,Staples,2024-08-29,U.S.,650,650,e28ae08606592ac27f44fd178e4b2319cc4cf7411a34dbd05f179cd3ffd493af,FULLY_REVIEWED,EXPLICIT_WINDOW_ELAPSED_CURRENT_SOURCE_REQUIRED,EXTRACTED_TO_CUSTOMER_ALERT_LAYER,CAL-2024-0013,Acquire and review a current customer instruction before answering as current.
MGB-ALERT-0096,SRC-MGB-PAGE-0023,Dick's Sporting Goods,2024-08-15,U.S.,652,652,f6099adf80c74dd6aded3d057e79afabf451e6b8fb8944c611fe98a05273f796,FULLY_REVIEWED,EXPLICIT_WINDOW_ELAPSED_CURRENT_SOURCE_REQUIRED,EXTRACTED_TO_CUSTOMER_ALERT_LAYER,CAL-2024-0014,Acquire and review a current customer instruction before answering as current.
MGB-ALERT-0097,SRC-MGB-PAGE-0023,Staples,2024-07-18,U.S. and Canada,654,654,ca92081e6c8d2ef9c598316367ab1c40adfc0f37498444e5ab94f2ed5fe9ead8,FULLY_REVIEWED,EXPLICIT_WINDOW_ELAPSED_CURRENT_SOURCE_REQUIRED,EXTRACTED_TO_CUSTOMER_ALERT_LAYER,CAL-2024-0015,Acquire and review a current customer instruction before answering as current.
MGB-ALERT-0098,SRC-MGB-PAGE-0023,Duluth Trading Company,2024-07-18,U.S.,656,658,c3bcc182ad24969bbec6001e8264a297a57c5a4cd2635271016ad8778fc308a9,FULLY_REVIEWED,EXPLICIT_WINDOW_ELAPSED_CURRENT_SOURCE_REQUIRED,EXTRACTED_TO_CUSTOMER_ALERT_LAYER,CAL-2024-0016,Acquire and review a current customer instruction before answering as current.
MGB-ALERT-0099,SRC-MGB-PAGE-0023,Rainbow Apparel,2024-07-18,U.S.,660,660,9b48b0acdefef96fe753ef16da10fd228baf218a5848370bbbb98f4000f0bdd8,FULLY_REVIEWED,EXPLICIT_WINDOW_ELAPSED_CURRENT_SOURCE_REQUIRED,EXTRACTED_TO_CUSTOMER_ALERT_LAYER,CAL-2024-0017,Acquire and review a current customer instruction before answering as current.
MGB-ALERT-0100,SRC-MGB-PAGE-0023,GameStop,2024-06-21,U.S. and Canada,662,666,43747158fce2c5c1c8f7ffa7395cdc3f33d01fa95048b383a1279a64aefb9e91,FULLY_REVIEWED,EXPLICIT_WINDOW_ELAPSED_CURRENT_SOURCE_REQUIRED,EXTRACTED_TO_CUSTOMER_ALERT_LAYER,CAL-2024-0018,Acquire and review a current customer instruction before answering as current.
MGB-ALERT-0101,SRC-MGB-PAGE-0023,SmartStyle and Cost Cutter hair salons inside Walmart locations,2024-06-21,U.S.,668,670,aee5204630ff2ff30318e301d032f56ef77af6c272a808b6aa090a7466f78294,FULLY_REVIEWED,EXPLICIT_WINDOW_ELAPSED_CURRENT_SOURCE_REQUIRED,EXTRACTED_TO_CUSTOMER_ALERT_LAYER,CAL-2024-0019,Acquire and review a current customer instruction before answering as current.
MGB-ALERT-0102,SRC-MGB-PAGE-0023,Nike stores,2024-06-14,U.S.,672,672,48faa80a7f18c320837f8710932fb40cd58262848015cffbf8e5c91050b88b69,FULLY_REVIEWED,EXPLICIT_WINDOW_ELAPSED_CURRENT_SOURCE_REQUIRED,EXTRACTED_TO_CUSTOMER_ALERT_LAYER,CAL-2024-0020,Acquire and review a current customer instruction before answering as current.
MGB-ALERT-0103,SRC-MGB-PAGE-0023,Adidas stores,2024-05-31,Canada,674,676,0551fe0dc70e97602003ca7742335972839535b8b62048f4429dcb083c4d8ecf,FULLY_REVIEWED,EXPLICIT_WINDOW_ELAPSED_CURRENT_SOURCE_REQUIRED,EXTRACTED_TO_CUSTOMER_ALERT_LAYER,CAL-2024-0021,Acquire and review a current customer instruction before answering as current.
MGB-ALERT-0104,SRC-MGB-PAGE-0023,Rite Aid,2024-05-31,U.S.,678,678,10c3efaa91670c11d3f732314879b11be4fa8069710ab0f306d82d52f8f84914,FULLY_REVIEWED,EXPLICIT_WINDOW_ELAPSED_CURRENT_SOURCE_REQUIRED,EXTRACTED_TO_CUSTOMER_ALERT_LAYER,CAL-2024-0022,Acquire and review a current customer instruction before answering as current.
MGB-ALERT-0105,SRC-MGB-PAGE-0023,Walmart Auto Care Centers,2024-05-10,U.S.,680,680,66392caf98074e8fc42d1563b66b40fe189d11f49608e1d9fb672be69fbe4725,FULLY_REVIEWED,EXPLICIT_WINDOW_ELAPSED_CURRENT_SOURCE_REQUIRED,EXTRACTED_TO_CUSTOMER_ALERT_LAYER,CAL-2024-0023,Acquire and review a current customer instruction before answering as current.
MGB-ALERT-0106,SRC-MGB-PAGE-0023,New customer: Duluth Trading Company,2024-05-10,U.S.,682,686,7791e683e8fb893c7f4f2cc4967ddb44d0232c71893826710f7509435d6d4394,FULLY_REVIEWED,EXPLICIT_WINDOW_ELAPSED_CURRENT_SOURCE_REQUIRED,EXTRACTED_TO_CUSTOMER_ALERT_LAYER,CAL-2024-0024,Acquire and review a current customer instruction before answering as current.
MGB-ALERT-0107,SRC-MGB-PAGE-0023,Ross and dd's DISCOUNTS,2024-05-10,U.S.,688,688,401be3e29137ef5ac11431ae852940a5e396911a989ec710f47501d858c71636,FULLY_REVIEWED,EXPLICIT_WINDOW_ELAPSED_CURRENT_SOURCE_REQUIRED,EXTRACTED_TO_CUSTOMER_ALERT_LAYER,CAL-2024-0025,Acquire and review a current customer instruction before answering as current.
MGB-ALERT-0107A,SRC-MGB-PAGE-0023,New customer: LeMans Corporation,2024-04-26,U.S.,690,697,b8184705964cee473fc50c21362df952bcdaffa65e6525cec290d9eefc039525,FULLY_REVIEWED,EXPLICIT_WINDOW_ELAPSED_CURRENT_SOURCE_REQUIRED,EXTRACTED_TO_CUSTOMER_ALERT_LAYER,CAL-2024-0026,Acquire and review a current customer instruction before answering as current.
MGB-ALERT-0108,SRC-MGB-PAGE-0023,Nike Stores,2024-04-19,U.S.,699,701,ca5fd9c472381b4c6072bc9e1d29e246acd3c600696900864d129df979ca812b,FULLY_REVIEWED,EXPLICIT_WINDOW_ELAPSED_CURRENT_SOURCE_REQUIRED,EXTRACTED_TO_CUSTOMER_ALERT_LAYER,CAL-2024-0027,Acquire and review a current customer instruction before answering as current.
MGB-ALERT-0109,SRC-MGB-PAGE-0023,Universal Music Group (UMG),2024-04-19,U.S.,703,703,c829a0952cad68a230f2eec06574d1b3b01b080ee34f0a5f07605a558902e7aa,FULLY_REVIEWED,EXPLICIT_WINDOW_ELAPSED_CURRENT_SOURCE_REQUIRED,EXTRACTED_TO_CUSTOMER_ALERT_LAYER,CAL-2024-0028,Acquire and review a current customer instruction before answering as current.
MGB-ALERT-0110,SRC-MGB-PAGE-0023,Pool Corporation,2024-03-29,U.S.,705,709,d4e7c1eb67bb1bf68c07bfa2023a88bb5d34422da21b04e1eb726b8ca576f249,FULLY_REVIEWED,EXPLICIT_WINDOW_ELAPSED_CURRENT_SOURCE_REQUIRED,EXTRACTED_TO_CUSTOMER_ALERT_LAYER,CAL-2024-0029,Acquire and review a current customer instruction before answering as current.
MGB-ALERT-0111,SRC-MGB-PAGE-0023,PetSmart,2024-03-14,U.S.,711,722,4dfc4cee1f7cb79e1a1659d55ce988aa9c6aa76015dc3b12251ee6a4e3174aee,FULLY_REVIEWED,EXPLICIT_WINDOW_ELAPSED_CURRENT_SOURCE_REQUIRED,EXTRACTED_TO_CUSTOMER_ALERT_LAYER,CAL-2024-0030,Acquire and review a current customer instruction before answering as current.
MGB-ALERT-0112,SRC-MGB-PAGE-0023,New customer: Aerosafe Global,2024-03-14,U.S.,724,726,4ab7f85da7ca1740792fac50fce99495dde50c785fe2b1b8e3592daada5e60ee,FULLY_REVIEWED,EXPLICIT_WINDOW_ELAPSED_CURRENT_SOURCE_REQUIRED,EXTRACTED_TO_CUSTOMER_ALERT_LAYER,CAL-2024-0031,Acquire and review a current customer instruction before answering as current.
MGB-ALERT-0113,SRC-MGB-PAGE-0023,Trek,2024-03-06,U.S.,728,730,21f79a0348ebee3069844a63657b52efbc3b6db4bdffbbcfbad4378fbac6065c,FULLY_REVIEWED,EXPLICIT_WINDOW_ELAPSED_CURRENT_SOURCE_REQUIRED,EXTRACTED_TO_CUSTOMER_ALERT_LAYER,CAL-2024-0032,Acquire and review a current customer instruction before answering as current.
MGB-ALERT-0114,SRC-MGB-PAGE-0023,Foot Locker,2024-03-01,U.S. and Canada,732,736,8ff5b0fa534a44d17c47c9f946278db4559ebe9fe430c9fa92f0a8ed6737731f,FULLY_REVIEWED,EXPLICIT_WINDOW_ELAPSED_CURRENT_SOURCE_REQUIRED,EXTRACTED_TO_CUSTOMER_ALERT_LAYER,CAL-2024-0033,Acquire and review a current customer instruction before answering as current.
MGB-ALERT-0115,SRC-MGB-PAGE-0023,Lakeshore Learning,2024-01-29,U.S.,739,739,b9b4842f2f46a8f3ea5051a68a775121c651617fea1e8803323348a325ee1239,FULLY_REVIEWED,EXPLICIT_WINDOW_ELAPSED_CURRENT_SOURCE_REQUIRED,EXTRACTED_TO_CUSTOMER_ALERT_LAYER,CAL-2024-0034,Acquire and review a current customer instruction before answering as current.
MGB-ALERT-0116,SRC-MGB-PAGE-0023,Lululemon,2024-01-15,U.S. and Canada,741,743,b9283babe9380453e47de02ec5c0b06436daffd6829436a8e403d5a8bf2eafc6,FULLY_REVIEWED,EXPLICIT_WINDOW_ELAPSED_CURRENT_SOURCE_REQUIRED,EXTRACTED_TO_CUSTOMER_ALERT_LAYER,CAL-2024-0035,Acquire and review a current customer instruction before answering as current.
MGB-ALERT-0117,SRC-MGB-PAGE-0023,Target,2024-01-12,U.S.,745,745,8aec86723345df34d9f558f05ea93d222991b401459db31efeeebb5fe06e357e,FULLY_REVIEWED,EXPLICIT_WINDOW_ELAPSED_CURRENT_SOURCE_REQUIRED,EXTRACTED_TO_CUSTOMER_ALERT_LAYER,CAL-2024-0036,Acquire and review a current customer instruction before answering as current.
MGB-ALERT-0118,SRC-MGB-PAGE-0023,GameStop,2023-12-20,U.S. and Canada,747,751,9d8c44451caa32cfb1a5020946f50bd4e01b9b0c8071b9a32b8892cb1b3bc93f,FULLY_REVIEWED,EXPLICIT_WINDOW_ELAPSED_CURRENT_SOURCE_REQUIRED,EXTRACTED_TO_CUSTOMER_ALERT_LAYER,CAL-2023-0001,Acquire and review a current customer instruction before answering as current.
MGB-ALERT-0119,SRC-MGB-PAGE-0023,Sally Beauty: Deliveries to Smart Style Salons inside Walmart stores,2023-12-15,U.S.,753,755,69aed7e19cd6e0e2aadd65b340161832632ccfd1cd7dc5a0863031f93c292453,FULLY_REVIEWED,EXPLICIT_WINDOW_ELAPSED_CURRENT_SOURCE_REQUIRED,EXTRACTED_TO_CUSTOMER_ALERT_LAYER,CAL-2023-0002,Acquire and review a current customer instruction before answering as current.
MGB-ALERT-0120,SRC-MGB-PAGE-0023,New customer: Consolidated Mail Outpatient Pharmacy,2023-11-28,U.S.,757,757,c5ac7b80f02a86d8c4434efe8b12ec0efa5c8eb6e819591b2472433ddee611ff,FULLY_REVIEWED,EXPLICIT_WINDOW_ELAPSED_CURRENT_SOURCE_REQUIRED,EXTRACTED_TO_CUSTOMER_ALERT_LAYER,CAL-2023-0003,Acquire and review a current customer instruction before answering as current.
MGB-ALERT-0121,SRC-MGB-PAGE-0023,Dick's Sporting Goods,2023-11-21,U.S.,759,759,f694983cbe05229f228199d3a91fd956833b0346ab93df6d5390ae7cebf7f238,FULLY_REVIEWED,EXPLICIT_WINDOW_ELAPSED_CURRENT_SOURCE_REQUIRED,EXTRACTED_TO_CUSTOMER_ALERT_LAYER,CAL-2023-0004,Acquire and review a current customer instruction before answering as current.
MGB-ALERT-0122,SRC-MGB-PAGE-0023,Dick’s Sporting Goods,2023-11-21,U.S.,761,774,389b90d14aaf86ecec63bcf434b3c3c4f6c9af1869aaa57b9a8d3ffd886c0108,FULLY_REVIEWED,EXPLICIT_WINDOW_ELAPSED_CURRENT_SOURCE_REQUIRED,EXTRACTED_TO_CUSTOMER_ALERT_LAYER,CAL-2023-0005,Acquire and review a current customer instruction before answering as current.
MGB-ALERT-0123,SRC-MGB-PAGE-0023,PRC-Saltillo,2023-11-21,U.S. and Canada,776,776,1919838f3ffe68976af8a07e89604ffb918c9152bbb390b2fc80804518e59232,FULLY_REVIEWED,EXPLICIT_WINDOW_ELAPSED_CURRENT_SOURCE_REQUIRED,EXTRACTED_TO_CUSTOMER_ALERT_LAYER,CAL-2023-0006,Acquire and review a current customer instruction before answering as current.
MGB-ALERT-0124,SRC-MGB-PAGE-0023,KI Mobility,2023-11-21,U.S.,778,778,832b86265eab8031a5c3bd7cb49cba84b55a7f55ac292dde4a134b1124afcaf7,FULLY_REVIEWED,EXPLICIT_WINDOW_ELAPSED_CURRENT_SOURCE_REQUIRED,EXTRACTED_TO_CUSTOMER_ALERT_LAYER,CAL-2023-0007,Acquire and review a current customer instruction before answering as current.
MGB-ALERT-0125,SRC-MGB-PAGE-0023,Ross and dd’s DISCOUNTS,2023-11-20,U.S.,780,780,f7a0e46ebe7b19341e65cfa15795ba68c2f2bd735b6382a4258bc88788845785,FULLY_REVIEWED,EXPLICIT_WINDOW_ELAPSED_CURRENT_SOURCE_REQUIRED,EXTRACTED_TO_CUSTOMER_ALERT_LAYER,CAL-2023-0008,Acquire and review a current customer instruction before answering as current.
MGB-ALERT-0126,SRC-MGB-PAGE-0023,Foot Locker,2023-11-13,U.S. and Canada,782,802,16ccc5c64c9879c5d4b5bc0a854a15783959f8da1a35735413506840b9181e52,FULLY_REVIEWED,EXPLICIT_WINDOW_ELAPSED_CURRENT_SOURCE_REQUIRED,EXTRACTED_TO_CUSTOMER_ALERT_LAYER,CAL-2023-0009,Acquire and review a current customer instruction before answering as current.
MGB-ALERT-0127,SRC-MGB-PAGE-0023,Lululemon,2023-11-13,U.S. and Canada,804,812,a3fbb9c84821d6c03118ab8888d9a0d3e7c3c72952e3ddeb30ddadfd5b7ef35e,FULLY_REVIEWED,EXPLICIT_WINDOW_ELAPSED_CURRENT_SOURCE_REQUIRED,EXTRACTED_TO_CUSTOMER_ALERT_LAYER,CAL-2023-0010,Acquire and review a current customer instruction before answering as current.
MGB-ALERT-0128,SRC-MGB-PAGE-0023,Finish Line store locations inside of Macy's,2023-11-06,U.S.,814,818,6da2c824237b2b51b1405d579353a76922ea65c49218c9a0d6a5f5738bb1e8d0,FULLY_REVIEWED,EXPLICIT_WINDOW_ELAPSED_CURRENT_SOURCE_REQUIRED,EXTRACTED_TO_CUSTOMER_ALERT_LAYER,CAL-2023-0011,Acquire and review a current customer instruction before answering as current.
MGB-ALERT-0129,SRC-MGB-PAGE-0023,New Customer: Hudson’s Bay Company,2023-11-03,Canada,820,826,ffb258053a513f9a159676f2e5dac5d5508fe05e1772b33680453342b3c3e773,FULLY_REVIEWED,EXPLICIT_WINDOW_ELAPSED_CURRENT_SOURCE_REQUIRED,EXTRACTED_TO_CUSTOMER_ALERT_LAYER,CAL-2023-0012,Acquire and review a current customer instruction before answering as current.
MGB-ALERT-0130,SRC-MGB-PAGE-0023,Walmart,2023-10-19,U.S. and Canada,828,828,df9d4f91dc3efe1f618632035b75f15481133ce140bb5f78d7a2b60903434ebb,FULLY_REVIEWED,EXPLICIT_WINDOW_ELAPSED_CURRENT_SOURCE_REQUIRED,EXTRACTED_TO_CUSTOMER_ALERT_LAYER,CAL-2023-0013,Acquire and review a current customer instruction before answering as current.
MGB-ALERT-0131,SRC-MGB-PAGE-0023,Under Armour,2023-10-19,U.S. and Canada,830,835,150f4222dbe2dbf8663c0d4e209f56d6b7891df37f0393c88710d2d80da6b44c,FULLY_REVIEWED,EXPLICIT_WINDOW_ELAPSED_CURRENT_SOURCE_REQUIRED,EXTRACTED_TO_CUSTOMER_ALERT_LAYER,CAL-2023-0014,Acquire and review a current customer instruction before answering as current.
MGB-ALERT-0132,SRC-MGB-PAGE-0023,Pool Corporation,2023-10-19,U.S.,837,840,5c8671c5e8b959b283350818066f74116cac8ff251871ad984ab777d9cb5a87c,FULLY_REVIEWED,EXPLICIT_WINDOW_ELAPSED_CURRENT_SOURCE_REQUIRED,EXTRACTED_TO_CUSTOMER_ALERT_LAYER,CAL-2023-0015,Acquire and review a current customer instruction before answering as current.
MGB-ALERT-0133,SRC-MGB-PAGE-0023,GameStop,2023-10-11,U.S. and Canada,842,849,588d9b64ba1f6660742b655deb0ea361abb2040bc3c0c0a73b4195bcfaaeab30,FULLY_REVIEWED,EXPLICIT_WINDOW_ELAPSED_CURRENT_SOURCE_REQUIRED,EXTRACTED_TO_CUSTOMER_ALERT_LAYER,CAL-2023-0016,Acquire and review a current customer instruction before answering as current.
MGB-ALERT-0134,SRC-MGB-PAGE-0023,Google,2023-10-06,U.S.,851,851,79e100f2ede85901754da38a83d6a298481b9ccce7e12865e2df98b0d9339833,FULLY_REVIEWED,EXPLICIT_WINDOW_ELAPSED_CURRENT_SOURCE_REQUIRED,EXTRACTED_TO_CUSTOMER_ALERT_LAYER,CAL-2023-0017,Acquire and review a current customer instruction before answering as current.
MGB-ALERT-0135,SRC-MGB-PAGE-0023,Sam's Club,2023-09-26,U.S.,853,866,df6cf52ee59afcdd9f478cc62314419a57da457b3a975d68b816440781a1b305,FULLY_REVIEWED,EXPLICIT_WINDOW_ELAPSED_CURRENT_SOURCE_REQUIRED,EXTRACTED_TO_CUSTOMER_ALERT_LAYER,CAL-2023-0018,Acquire and review a current customer instruction before answering as current.
MGB-ALERT-0136,SRC-MGB-PAGE-0023,Walmart/Sam's Club,2023-09-19,U.S. and Canada,868,870,b445a440d7ba3ad17bee5a222f721ab6cdf9755209c5d9f722b42bf27ce09a84,FULLY_REVIEWED,EXPLICIT_WINDOW_ELAPSED_CURRENT_SOURCE_REQUIRED,EXTRACTED_TO_CUSTOMER_ALERT_LAYER,CAL-2023-0019,Acquire and review a current customer instruction before answering as current.
