page,section_or_subject,coverage_disposition,knowledge_ids,coverage_basis,required_follow_up
1,"Identity, version, authority, and application-scope notice",GOVERNING_FRONT_MATTER,,"Document identity, version, confidentiality, demo scope, and cross-version warning; not an operational procedure.",
2,Table of contents,TABLE_OF_CONTENTS,,Navigation/front matter only.,
3,Table of contents,TABLE_OF_CONTENTS,,Navigation/front matter only.,
4,Table of contents,TABLE_OF_CONTENTS,,Navigation/front matter only.,
5,"Multicode barcode, user type, and vehicle type guidance",KNOWLEDGE_MAPPED,KNO-FORGE-MULTICODE-001,Mapped to one or more operational knowledge records with exact source evidence.,
6,"Multicode barcode, user type, and vehicle type guidance",KNOWLEDGE_MAPPED,KNO-FORGE-LOGIN-DISPATCH-001,Mapped to one or more operational knowledge records with exact source evidence.,
7,"Multicode barcode, user type, and vehicle type guidance",KNOWLEDGE_MAPPED,KNO-FORGE-LOGIN-DISPATCH-001,Mapped to one or more operational knowledge records with exact source evidence.,
8,"First launch, authentication, assignment, vehicle, duty, manifest, and dispatch",KNOWLEDGE_MAPPED,KNO-FORGE-FIRST-LAUNCH-001;KNO-FORGE-LOGIN-DISPATCH-001,Mapped to one or more operational knowledge records with exact source evidence.,
9,"First launch, authentication, assignment, vehicle, duty, manifest, and dispatch",KNOWLEDGE_MAPPED,KNO-FORGE-FIRST-LAUNCH-001;KNO-FORGE-LOGIN-DISPATCH-001,Mapped to one or more operational knowledge records with exact source evidence.,
10,"First launch, authentication, assignment, vehicle, duty, manifest, and dispatch",KNOWLEDGE_MAPPED,KNO-FORGE-FIRST-LAUNCH-001;KNO-FORGE-LOGIN-DISPATCH-001,Mapped to one or more operational knowledge records with exact source evidence.,
11,"First launch, authentication, assignment, vehicle, duty, manifest, and dispatch",KNOWLEDGE_MAPPED,KNO-FORGE-LOGIN-DISPATCH-001,Mapped to one or more operational knowledge records with exact source evidence.,
12,"First launch, authentication, assignment, vehicle, duty, manifest, and dispatch",KNOWLEDGE_MAPPED,KNO-FORGE-LOGIN-DISPATCH-001,Mapped to one or more operational knowledge records with exact source evidence.,
13,"First launch, authentication, assignment, vehicle, duty, manifest, and dispatch",KNOWLEDGE_MAPPED,KNO-FORGE-LOGIN-DISPATCH-001,Mapped to one or more operational knowledge records with exact source evidence.,
14,"First launch, authentication, assignment, vehicle, duty, manifest, and dispatch",KNOWLEDGE_MAPPED,KNO-FORGE-LOGIN-DISPATCH-001,Mapped to one or more operational knowledge records with exact source evidence.,
15,"First launch, authentication, assignment, vehicle, duty, manifest, and dispatch",KNOWLEDGE_MAPPED,KNO-FORGE-LOGIN-DISPATCH-001,Mapped to one or more operational knowledge records with exact source evidence.,
16,"First launch, authentication, assignment, vehicle, duty, manifest, and dispatch",KNOWLEDGE_MAPPED,KNO-FORGE-LOGIN-DISPATCH-001,Mapped to one or more operational knowledge records with exact source evidence.,
17,"First launch, authentication, assignment, vehicle, duty, manifest, and dispatch",KNOWLEDGE_MAPPED,KNO-FORGE-LOGIN-DISPATCH-001,Mapped to one or more operational knowledge records with exact source evidence.,
18,"First launch, authentication, assignment, vehicle, duty, manifest, and dispatch",KNOWLEDGE_MAPPED,KNO-FORGE-LOGIN-DISPATCH-001,Mapped to one or more operational knowledge records with exact source evidence.,
19,"First launch, authentication, assignment, vehicle, duty, manifest, and dispatch",KNOWLEDGE_MAPPED,KNO-FORGE-LOGIN-DISPATCH-001,Mapped to one or more operational knowledge records with exact source evidence.,
20,"First launch, authentication, assignment, vehicle, duty, manifest, and dispatch",KNOWLEDGE_MAPPED,KNO-FORGE-LOGIN-DISPATCH-001,Mapped to one or more operational knowledge records with exact source evidence.,
21,"First launch, authentication, assignment, vehicle, duty, manifest, and dispatch",KNOWLEDGE_MAPPED,KNO-FORGE-LOGIN-DISPATCH-001,Mapped to one or more operational knowledge records with exact source evidence.,
22,"First launch, authentication, assignment, vehicle, duty, manifest, and dispatch",KNOWLEDGE_MAPPED,KNO-FORGE-LOGIN-DISPATCH-001,Mapped to one or more operational knowledge records with exact source evidence.,
23,"FORGE UI, language, premium-service icons, and general icons",UI_SCREEN_REFERENCE,,Annotated Stop List screen reference; no independent procedure.,
24,"FORGE UI, language, premium-service icons, and general icons",UI_SCREEN_REFERENCE,,Annotated Stop Details screen reference; no independent procedure.,
25,"FORGE UI, language, premium-service icons, and general icons",KNOWLEDGE_MAPPED,KNO-FORGE-LANGUAGE-001,Mapped to one or more operational knowledge records with exact source evidence.,
26,"FORGE UI, language, premium-service icons, and general icons",KNOWLEDGE_MAPPED,KNO-DEL-SIG-ASR-001,Mapped to one or more operational knowledge records with exact source evidence.,
27,"FORGE UI, language, premium-service icons, and general icons",ICON_GLOSSARY_REFERENCE,,General icon glossary; operational uses are mapped on their workflow pages.,
28,"Listed delivery, listed pickup, and unmanifested delivery",KNOWLEDGE_MAPPED,KNO-FORGE-STANDARD-DELIVERY-001,Mapped to one or more operational knowledge records with exact source evidence.,
29,"Listed delivery, listed pickup, and unmanifested delivery",KNOWLEDGE_MAPPED,KNO-FORGE-STANDARD-DELIVERY-001,Mapped to one or more operational knowledge records with exact source evidence.,
30,"Listed delivery, listed pickup, and unmanifested delivery",KNOWLEDGE_MAPPED,KNO-FORGE-STANDARD-DELIVERY-001,Mapped to one or more operational knowledge records with exact source evidence.,
31,"Listed delivery, listed pickup, and unmanifested delivery",KNOWLEDGE_MAPPED,KNO-FORGE-STANDARD-DELIVERY-001,Mapped to one or more operational knowledge records with exact source evidence.,
32,"Listed delivery, listed pickup, and unmanifested delivery",KNOWLEDGE_MAPPED,KNO-FORGE-STANDARD-DELIVERY-001,Mapped to one or more operational knowledge records with exact source evidence.,
33,"Listed delivery, listed pickup, and unmanifested delivery",KNOWLEDGE_MAPPED,KNO-FORGE-STANDARD-PICKUP-001,Mapped to one or more operational knowledge records with exact source evidence.,
34,"Listed delivery, listed pickup, and unmanifested delivery",KNOWLEDGE_MAPPED,KNO-FORGE-STANDARD-PICKUP-001,Mapped to one or more operational knowledge records with exact source evidence.,
35,"Listed delivery, listed pickup, and unmanifested delivery",KNOWLEDGE_MAPPED,KNO-FORGE-STANDARD-PICKUP-001,Mapped to one or more operational knowledge records with exact source evidence.,
36,"Listed delivery, listed pickup, and unmanifested delivery",KNOWLEDGE_MAPPED,KNO-FORGE-STANDARD-PICKUP-001,Mapped to one or more operational knowledge records with exact source evidence.,
37,"Listed delivery, listed pickup, and unmanifested delivery",KNOWLEDGE_MAPPED,KNO-FORGE-STANDARD-PICKUP-001,Mapped to one or more operational knowledge records with exact source evidence.,
38,"Listed delivery, listed pickup, and unmanifested delivery",KNOWLEDGE_MAPPED,KNO-FORGE-STANDARD-PICKUP-001,Mapped to one or more operational knowledge records with exact source evidence.,
39,"Listed delivery, listed pickup, and unmanifested delivery",KNOWLEDGE_MAPPED,KNO-FORGE-STANDARD-PICKUP-001,Mapped to one or more operational knowledge records with exact source evidence.,
40,"Listed delivery, listed pickup, and unmanifested delivery",KNOWLEDGE_MAPPED,KNO-FORGE-UNMANIFESTED-DELIVERY-001,Mapped to one or more operational knowledge records with exact source evidence.,
41,"Listed delivery, listed pickup, and unmanifested delivery",KNOWLEDGE_MAPPED,KNO-FORGE-UNMANIFESTED-DELIVERY-001,Mapped to one or more operational knowledge records with exact source evidence.,
42,"Listed delivery, listed pickup, and unmanifested delivery",KNOWLEDGE_MAPPED,KNO-FORGE-UNMANIFESTED-DELIVERY-001,Mapped to one or more operational knowledge records with exact source evidence.,
43,Unlisted retail pickup,KNOWLEDGE_MAPPED,KNO-PUP-UNLISTED-001,Mapped to one or more operational knowledge records with exact source evidence.,
44,Unlisted retail pickup,KNOWLEDGE_MAPPED,KNO-PUP-UNLISTED-001,Mapped to one or more operational knowledge records with exact source evidence.,
45,Unlisted retail pickup,KNOWLEDGE_MAPPED,KNO-PUP-UNLISTED-001,Mapped to one or more operational knowledge records with exact source evidence.,
46,Unlisted retail pickup,KNOWLEDGE_MAPPED,KNO-PUP-UNLISTED-001,Mapped to one or more operational knowledge records with exact source evidence.,
47,Unlisted retail pickup,KNOWLEDGE_MAPPED,KNO-PUP-UNLISTED-001,Mapped to one or more operational knowledge records with exact source evidence.,
48,Unlisted retail pickup,KNOWLEDGE_MAPPED,KNO-PUP-UNLISTED-001,Mapped to one or more operational knowledge records with exact source evidence.,
49,Stop-level and package-level delivery status scope,KNOWLEDGE_MAPPED,KNO-FORGE-STATUS-SCOPE-001,Mapped to one or more operational knowledge records with exact source evidence.,
50,Stop-level and package-level delivery status scope,KNOWLEDGE_MAPPED,KNO-FORGE-STATUS-SCOPE-001,Mapped to one or more operational knowledge records with exact source evidence.,
51,Stop-level and package-level delivery status scope,KNOWLEDGE_MAPPED,KNO-FORGE-STATUS-SCOPE-001,Mapped to one or more operational knowledge records with exact source evidence.,
52,Stop-level and package-level delivery status scope,KNOWLEDGE_MAPPED,KNO-FORGE-STATUS-SCOPE-001,Mapped to one or more operational knowledge records with exact source evidence.,
53,Stop-level and package-level delivery status scope,KNOWLEDGE_MAPPED,KNO-FORGE-STATUS-SCOPE-001,Mapped to one or more operational knowledge records with exact source evidence.,
54,Stop-level and package-level delivery status scope,KNOWLEDGE_MAPPED,KNO-FORGE-STATUS-SCOPE-001,Mapped to one or more operational knowledge records with exact source evidence.,
55,Stop-level and package-level delivery status scope,KNOWLEDGE_MAPPED,KNO-FORGE-STATUS-SCOPE-001,Mapped to one or more operational knowledge records with exact source evidence.,
56,Stop-level and package-level delivery status scope,KNOWLEDGE_MAPPED,KNO-FORGE-STATUS-SCOPE-001,Mapped to one or more operational knowledge records with exact source evidence.,
57,Stop-level and package-level delivery status scope,KNOWLEDGE_MAPPED,KNO-FORGE-STATUS-SCOPE-001,Mapped to one or more operational knowledge records with exact source evidence.,
58,Stop-level and package-level delivery status scope,KNOWLEDGE_MAPPED,KNO-FORGE-STATUS-SCOPE-001,Mapped to one or more operational knowledge records with exact source evidence.,
59,Zero-package pickup,KNOWLEDGE_MAPPED,KNO-PUP-ZERO-001,Mapped to one or more operational knowledge records with exact source evidence.,
60,Zero-package pickup,KNOWLEDGE_MAPPED,KNO-PUP-ZERO-001,Mapped to one or more operational knowledge records with exact source evidence.,
61,Zero-package pickup,KNOWLEDGE_MAPPED,KNO-PUP-ZERO-001,Mapped to one or more operational knowledge records with exact source evidence.,
62,Misdelivery pickup and same-day redelivery,KNOWLEDGE_MAPPED,KNO-DEL-MISDELIVERY-RECOVERY-001,Mapped to one or more operational knowledge records with exact source evidence.,
63,Misdelivery pickup and same-day redelivery,KNOWLEDGE_MAPPED,KNO-DEL-MISDELIVERY-RECOVERY-001,Mapped to one or more operational knowledge records with exact source evidence.,
64,Misdelivery pickup and same-day redelivery,KNOWLEDGE_MAPPED,KNO-DEL-MISDELIVERY-RECOVERY-001,Mapped to one or more operational knowledge records with exact source evidence.,
65,Misdelivery pickup and same-day redelivery,KNOWLEDGE_MAPPED,KNO-DEL-MISDELIVERY-RECOVERY-001,Mapped to one or more operational knowledge records with exact source evidence.,
66,Misdelivery pickup and same-day redelivery,KNOWLEDGE_MAPPED,KNO-DEL-MISDELIVERY-RECOVERY-001,Mapped to one or more operational knowledge records with exact source evidence.,
67,Misdelivery pickup and same-day redelivery,KNOWLEDGE_MAPPED,KNO-DEL-MISDELIVERY-RECOVERY-001,Mapped to one or more operational knowledge records with exact source evidence.,
68,Misdelivery pickup and same-day redelivery,KNOWLEDGE_MAPPED,KNO-DEL-MISDELIVERY-RECOVERY-001,Mapped to one or more operational knowledge records with exact source evidence.,
69,Misdelivery pickup and same-day redelivery,KNOWLEDGE_MAPPED,KNO-DEL-MISDELIVERY-RECOVERY-001,Mapped to one or more operational knowledge records with exact source evidence.,
70,Misdelivery pickup and same-day redelivery,KNOWLEDGE_MAPPED,KNO-DEL-MISDELIVERY-RECOVERY-001,Mapped to one or more operational knowledge records with exact source evidence.,
71,Misdelivery pickup and same-day redelivery,KNOWLEDGE_MAPPED,KNO-DEL-MISDELIVERY-RECOVERY-001,Mapped to one or more operational knowledge records with exact source evidence.,
72,Misdelivery pickup and same-day redelivery,KNOWLEDGE_MAPPED,KNO-DEL-MISDELIVERY-RECOVERY-001,Mapped to one or more operational knowledge records with exact source evidence.,
73,"Indirect, residential, and business release",KNOWLEDGE_MAPPED,KNO-DEL-SIG-ISR-001,Mapped to one or more operational knowledge records with exact source evidence.,
74,"Indirect, residential, and business release",KNOWLEDGE_MAPPED,KNO-DEL-SIG-ISR-001,Mapped to one or more operational knowledge records with exact source evidence.,
75,"Indirect, residential, and business release",KNOWLEDGE_MAPPED,KNO-DEL-SIG-ISR-001,Mapped to one or more operational knowledge records with exact source evidence.,
76,"Indirect, residential, and business release",KNOWLEDGE_MAPPED,KNO-DEL-SIG-ISR-001,Mapped to one or more operational knowledge records with exact source evidence.,
77,"Indirect, residential, and business release",KNOWLEDGE_MAPPED,KNO-DEL-PPOD-001,Mapped to one or more operational knowledge records with exact source evidence.,
78,"Indirect, residential, and business release",KNOWLEDGE_MAPPED,KNO-DEL-PPOD-001,Mapped to one or more operational knowledge records with exact source evidence.,
79,"Indirect, residential, and business release",UI_SCREEN_REFERENCE,,"Intermediate residential release screen showing the locker-number prompt and SKIP control; it does not independently establish locker eligibility, when omission is authorized, or PPOD content requirements.",
80,"Indirect, residential, and business release",UI_SCREEN_REFERENCE,,Intermediate residential release screen showing an optional door-tag scan for non-Other release selections; current door-tag requirements are established by mapped OP-117 procedures.,
81,"Indirect, residential, and business release",KNOWLEDGE_MAPPED,KNO-DEL-PPOD-001,Mapped to one or more operational knowledge records with exact source evidence.,
82,"Indirect, residential, and business release",KNOWLEDGE_MAPPED,KNO-DEL-PPOD-001,Mapped to one or more operational knowledge records with exact source evidence.,
83,"Indirect, residential, and business release",KNOWLEDGE_MAPPED,KNO-DEL-BUS-OP201-001,Mapped to one or more operational knowledge records with exact source evidence.,
84,"Indirect, residential, and business release",KNOWLEDGE_MAPPED,KNO-DEL-BUS-OP201-001,Mapped to one or more operational knowledge records with exact source evidence.,
85,"Indirect, residential, and business release",KNOWLEDGE_MAPPED,KNO-DEL-BUS-OP201-001,Mapped to one or more operational knowledge records with exact source evidence.,
86,International pickup documents,KNOWLEDGE_MAPPED,KNO-PUP-INTERNATIONAL-DOCS-001,Mapped to one or more operational knowledge records with exact source evidence.,
87,International pickup documents,KNOWLEDGE_MAPPED,KNO-PUP-INTERNATIONAL-DOCS-001,Mapped to one or more operational knowledge records with exact source evidence.,
88,International pickup documents,KNOWLEDGE_MAPPED,KNO-PUP-INTERNATIONAL-DOCS-001,Mapped to one or more operational knowledge records with exact source evidence.,
89,International pickup documents,KNOWLEDGE_MAPPED,KNO-PUP-INTERNATIONAL-DOCS-001,Mapped to one or more operational knowledge records with exact source evidence.,
90,International pickup documents,KNOWLEDGE_MAPPED,KNO-PUP-INTERNATIONAL-DOCS-001,Mapped to one or more operational knowledge records with exact source evidence.,
91,International pickup documents,KNOWLEDGE_MAPPED,KNO-PUP-INTERNATIONAL-DOCS-001,Mapped to one or more operational knowledge records with exact source evidence.,
92,Adult Signature Required delivery,KNOWLEDGE_MAPPED,KNO-DEL-SIG-ASR-001,Mapped to one or more operational knowledge records with exact source evidence.,
93,Adult Signature Required delivery,UI_SCREEN_REFERENCE,,Intermediate ASR time-definite and Stop Details screens; the page adds no independent ASR rule beyond the mapped eligibility and completion pages.,
94,Adult Signature Required delivery,KNOWLEDGE_MAPPED,KNO-DEL-SIG-ASR-001,Mapped to one or more operational knowledge records with exact source evidence.,
95,Adult Signature Required delivery,KNOWLEDGE_MAPPED,KNO-DEL-SIG-ASR-001,Mapped to one or more operational knowledge records with exact source evidence.,
96,Adult Signature Required delivery,KNOWLEDGE_MAPPED,KNO-DEL-SIG-ASR-001,Mapped to one or more operational knowledge records with exact source evidence.,
97,COD and SenseAware delivery,KNOWLEDGE_MAPPED,KNO-DEL-COD-MULTI-001,Mapped to one or more operational knowledge records with exact source evidence.,
98,COD and SenseAware delivery,KNOWLEDGE_MAPPED,KNO-DEL-COD-MULTI-001,Mapped to one or more operational knowledge records with exact source evidence.,
99,COD and SenseAware delivery,KNOWLEDGE_MAPPED,KNO-DEL-COD-MULTI-001,Mapped to one or more operational knowledge records with exact source evidence.,
100,COD and SenseAware delivery,KNOWLEDGE_MAPPED,KNO-DEL-COD-MULTI-001,Mapped to one or more operational knowledge records with exact source evidence.,
101,COD and SenseAware delivery,KNOWLEDGE_MAPPED,KNO-DEL-COD-MULTI-001,Mapped to one or more operational knowledge records with exact source evidence.,
102,COD and SenseAware delivery,KNOWLEDGE_MAPPED,KNO-DEL-SENSEAWARE-TAG-001,Mapped to one or more operational knowledge records with exact source evidence.,
103,COD and SenseAware delivery,KNOWLEDGE_MAPPED,KNO-DEL-SENSEAWARE-TAG-001,Mapped to one or more operational knowledge records with exact source evidence.,
104,Pharmacy and critical-healthcare delivery,KNOWLEDGE_MAPPED,KNO-DEL-PHARMACY-001,Mapped to one or more operational knowledge records with exact source evidence.,
105,Pharmacy and critical-healthcare delivery,KNOWLEDGE_MAPPED,KNO-DEL-PHARMACY-001,Mapped to one or more operational knowledge records with exact source evidence.,
106,Pharmacy and critical-healthcare delivery,KNOWLEDGE_MAPPED,KNO-DEL-PHARMACY-001,Mapped to one or more operational knowledge records with exact source evidence.,
107,Pharmacy and critical-healthcare delivery,KNOWLEDGE_MAPPED,KNO-DEL-CRITICAL-HEALTH-001,Mapped to one or more operational knowledge records with exact source evidence.,
108,Pharmacy and critical-healthcare delivery,KNOWLEDGE_MAPPED,KNO-DEL-CRITICAL-HEALTH-001,Mapped to one or more operational knowledge records with exact source evidence.,
109,Pharmacy and critical-healthcare delivery,KNOWLEDGE_MAPPED,KNO-DEL-CRITICAL-HEALTH-001,Mapped to one or more operational knowledge records with exact source evidence.,
110,HAL transfer and hazmat delivery,KNOWLEDGE_MAPPED,KNO-DEL-HAL-DELIVERY-001;KNO-DEL-HAL-NONHAL-TRANSFER-001,Mapped to one or more operational knowledge records with exact source evidence.,
111,HAL transfer and hazmat delivery,KNOWLEDGE_MAPPED,KNO-DEL-HAL-DELIVERY-001,Mapped to one or more operational knowledge records with exact source evidence.,
112,HAL transfer and hazmat delivery,KNOWLEDGE_MAPPED,KNO-DEL-HAL-DELIVERY-001,Mapped to one or more operational knowledge records with exact source evidence.,
113,HAL transfer and hazmat delivery,KNOWLEDGE_MAPPED,KNO-DEL-HAL-DELIVERY-001,Mapped to one or more operational knowledge records with exact source evidence.,
114,HAL transfer and hazmat delivery,KNOWLEDGE_MAPPED,KNO-DEL-HAL-NONHAL-TRANSFER-001,Mapped to one or more operational knowledge records with exact source evidence.,
115,HAL transfer and hazmat delivery,KNOWLEDGE_MAPPED,KNO-DEL-HAZMAT-SIGNATURE-001,Mapped to one or more operational knowledge records with exact source evidence.,
116,HAL transfer and hazmat delivery,KNOWLEDGE_MAPPED,KNO-DEL-HAZMAT-SIGNATURE-001,Mapped to one or more operational knowledge records with exact source evidence.,
117,"Unlisted hazmat, call-tag, and SenseAware pickup",KNOWLEDGE_MAPPED,KNO-PUP-UNLISTED-001,Mapped to one or more operational knowledge records with exact source evidence.,
118,"Unlisted hazmat, call-tag, and SenseAware pickup",KNOWLEDGE_MAPPED,KNO-PUP-UNLISTED-001,Mapped to one or more operational knowledge records with exact source evidence.,
119,"Unlisted hazmat, call-tag, and SenseAware pickup",KNOWLEDGE_MAPPED,KNO-PUP-UNLISTED-001,Mapped to one or more operational knowledge records with exact source evidence.,
120,"Unlisted hazmat, call-tag, and SenseAware pickup",KNOWLEDGE_MAPPED,KNO-PUP-UNLISTED-001,Mapped to one or more operational knowledge records with exact source evidence.,
121,"Unlisted hazmat, call-tag, and SenseAware pickup",KNOWLEDGE_MAPPED,KNO-PUP-UNLISTED-001,Mapped to one or more operational knowledge records with exact source evidence.,
122,"Unlisted hazmat, call-tag, and SenseAware pickup",KNOWLEDGE_MAPPED,KNO-PUP-CALLTAG-FRAUD-001,Mapped to one or more operational knowledge records with exact source evidence.,
123,"Unlisted hazmat, call-tag, and SenseAware pickup",KNOWLEDGE_MAPPED,KNO-PUP-CALLTAG-FRAUD-001,Mapped to one or more operational knowledge records with exact source evidence.,
124,"Unlisted hazmat, call-tag, and SenseAware pickup",KNOWLEDGE_MAPPED,KNO-PUP-CALLTAG-FRAUD-001,Mapped to one or more operational knowledge records with exact source evidence.,
125,"Unlisted hazmat, call-tag, and SenseAware pickup",KNOWLEDGE_MAPPED,KNO-PUP-CALLTAG-FRAUD-001,Mapped to one or more operational knowledge records with exact source evidence.,
126,"Unlisted hazmat, call-tag, and SenseAware pickup",KNOWLEDGE_MAPPED,KNO-FORGE-CALLTAG-SCOPE-001;KNO-PUP-CALLTAG-FRAUD-001,Mapped to one or more operational knowledge records with exact source evidence.,
127,"Unlisted hazmat, call-tag, and SenseAware pickup",KNOWLEDGE_MAPPED,KNO-FORGE-CALLTAG-SCOPE-001;KNO-PUP-CALLTAG-FRAUD-001,Mapped to one or more operational knowledge records with exact source evidence.,
128,"Unlisted hazmat, call-tag, and SenseAware pickup",KNOWLEDGE_MAPPED,KNO-PUP-CALLTAG-FRAUD-001,Mapped to one or more operational knowledge records with exact source evidence.,
129,"Unlisted hazmat, call-tag, and SenseAware pickup",KNOWLEDGE_MAPPED,KNO-PUP-CALLTAG-FRAUD-001,Mapped to one or more operational knowledge records with exact source evidence.,
130,"Unlisted hazmat, call-tag, and SenseAware pickup",KNOWLEDGE_MAPPED,KNO-PUP-CALLTAG-FRAUD-001,Mapped to one or more operational knowledge records with exact source evidence.,
131,"Unlisted hazmat, call-tag, and SenseAware pickup",KNOWLEDGE_MAPPED,KNO-PUP-SENSEAWARE-NOHEALTHY-001,Mapped to one or more operational knowledge records with exact source evidence.,
132,"Unlisted hazmat, call-tag, and SenseAware pickup",KNOWLEDGE_MAPPED,KNO-PUP-SENSEAWARE-NOHEALTHY-001,Mapped to one or more operational knowledge records with exact source evidence.,
133,"Unlisted hazmat, call-tag, and SenseAware pickup",KNOWLEDGE_MAPPED,KNO-PUP-SENSEAWARE-NOHEALTHY-001,Mapped to one or more operational knowledge records with exact source evidence.,
134,"Unlisted hazmat, call-tag, and SenseAware pickup",KNOWLEDGE_MAPPED,KNO-PUP-SENSEAWARE-NOHEALTHY-001,Mapped to one or more operational knowledge records with exact source evidence.,
135,Bulk delivery and pickup,KNOWLEDGE_MAPPED,KNO-FORGE-BULK-001,Mapped to one or more operational knowledge records with exact source evidence.,
136,Bulk delivery and pickup,KNOWLEDGE_MAPPED,KNO-FORGE-BULK-001,Mapped to one or more operational knowledge records with exact source evidence.,
137,Bulk delivery and pickup,KNOWLEDGE_MAPPED,KNO-FORGE-BULK-001,Mapped to one or more operational knowledge records with exact source evidence.,
138,Bulk delivery and pickup,KNOWLEDGE_MAPPED,KNO-FORGE-BULK-001,Mapped to one or more operational knowledge records with exact source evidence.,
139,Bulk delivery and pickup,KNOWLEDGE_MAPPED,KNO-FORGE-BULK-001,Mapped to one or more operational knowledge records with exact source evidence.,
140,Bulk delivery and pickup,KNOWLEDGE_MAPPED,KNO-FORGE-BULK-001,Mapped to one or more operational knowledge records with exact source evidence.,
141,Bulk delivery and pickup,KNOWLEDGE_MAPPED,KNO-FORGE-BULK-001,Mapped to one or more operational knowledge records with exact source evidence.,
142,Bulk delivery and pickup,KNOWLEDGE_MAPPED,KNO-FORGE-BULK-001,Mapped to one or more operational knowledge records with exact source evidence.,
143,"Combine, split, revisit, and merge stop workflows",KNOWLEDGE_MAPPED,KNO-FORGE-COMBINE-DELIVERY-001,Mapped to one or more operational knowledge records with exact source evidence.,
144,"Combine, split, revisit, and merge stop workflows",KNOWLEDGE_MAPPED,KNO-FORGE-COMBINE-DELIVERY-001,Mapped to one or more operational knowledge records with exact source evidence.,
145,"Combine, split, revisit, and merge stop workflows",KNOWLEDGE_MAPPED,KNO-FORGE-COMBINE-DELIVERY-001,Mapped to one or more operational knowledge records with exact source evidence.,
146,"Combine, split, revisit, and merge stop workflows",KNOWLEDGE_MAPPED,KNO-FORGE-SPLIT-DELIVERY-001,Mapped to one or more operational knowledge records with exact source evidence.,
147,"Combine, split, revisit, and merge stop workflows",KNOWLEDGE_MAPPED,KNO-FORGE-SPLIT-DELIVERY-001,Mapped to one or more operational knowledge records with exact source evidence.,
148,"Combine, split, revisit, and merge stop workflows",KNOWLEDGE_MAPPED,KNO-FORGE-SPLIT-DELIVERY-001,Mapped to one or more operational knowledge records with exact source evidence.,
149,"Combine, split, revisit, and merge stop workflows",KNOWLEDGE_MAPPED,KNO-FORGE-SPLIT-DELIVERY-001,Mapped to one or more operational knowledge records with exact source evidence.,
150,"Combine, split, revisit, and merge stop workflows",KNOWLEDGE_MAPPED,KNO-FORGE-SPLIT-DELIVERY-001,Mapped to one or more operational knowledge records with exact source evidence.,
151,"Combine, split, revisit, and merge stop workflows",KNOWLEDGE_MAPPED,KNO-FORGE-COMBO-STOP-001,Mapped to one or more operational knowledge records with exact source evidence.,
152,"Combine, split, revisit, and merge stop workflows",KNOWLEDGE_MAPPED,KNO-FORGE-COMBO-STOP-001,Mapped to one or more operational knowledge records with exact source evidence.,
153,"Combine, split, revisit, and merge stop workflows",KNOWLEDGE_MAPPED,KNO-FORGE-COMBO-STOP-001,Mapped to one or more operational knowledge records with exact source evidence.,
154,"Combine, split, revisit, and merge stop workflows",KNOWLEDGE_MAPPED,KNO-FORGE-COMBO-STOP-001,Mapped to one or more operational knowledge records with exact source evidence.,
155,"Combine, split, revisit, and merge stop workflows",KNOWLEDGE_MAPPED,KNO-FORGE-COMBO-STOP-001,Mapped to one or more operational knowledge records with exact source evidence.,
156,"Combine, split, revisit, and merge stop workflows",KNOWLEDGE_MAPPED,KNO-FORGE-MERGE-PICKUP-001,Mapped to one or more operational knowledge records with exact source evidence.,
157,"Combine, split, revisit, and merge stop workflows",KNOWLEDGE_MAPPED,KNO-FORGE-MERGE-PICKUP-001,Mapped to one or more operational knowledge records with exact source evidence.,
158,"Combine, split, revisit, and merge stop workflows",KNOWLEDGE_MAPPED,KNO-FORGE-MERGE-PICKUP-001,Mapped to one or more operational knowledge records with exact source evidence.,
159,"Combine, split, revisit, and merge stop workflows",KNOWLEDGE_MAPPED,KNO-FORGE-MERGE-PICKUP-001,Mapped to one or more operational knowledge records with exact source evidence.,
160,"Combine, split, revisit, and merge stop workflows",KNOWLEDGE_MAPPED,KNO-FORGE-MERGE-PICKUP-001,Mapped to one or more operational knowledge records with exact source evidence.,
161,"Combine, split, revisit, and merge stop workflows",KNOWLEDGE_MAPPED,KNO-FORGE-MERGE-PICKUP-001,Mapped to one or more operational knowledge records with exact source evidence.,
162,"Combine, split, revisit, and merge stop workflows",KNOWLEDGE_MAPPED,KNO-FORGE-MERGE-PICKUP-001,Mapped to one or more operational knowledge records with exact source evidence.,
163,"Combine, split, revisit, and merge stop workflows",KNOWLEDGE_MAPPED,KNO-FORGE-MERGE-PICKUP-001,Mapped to one or more operational knowledge records with exact source evidence.,
164,"Combine, split, revisit, and merge stop workflows",KNOWLEDGE_MAPPED,KNO-FORGE-MERGE-PICKUP-001,Mapped to one or more operational knowledge records with exact source evidence.,
165,"Combine, split, revisit, and merge stop workflows",KNOWLEDGE_MAPPED,KNO-FORGE-MERGE-PICKUP-001,Mapped to one or more operational knowledge records with exact source evidence.,
166,"Combine, split, revisit, and merge stop workflows",KNOWLEDGE_MAPPED,KNO-FORGE-MERGE-PICKUP-001,Mapped to one or more operational knowledge records with exact source evidence.,
167,"Combine, split, revisit, and merge stop workflows",KNOWLEDGE_MAPPED,KNO-FORGE-MERGE-PICKUP-001,Mapped to one or more operational knowledge records with exact source evidence.,
168,"Combine, split, revisit, and merge stop workflows",KNOWLEDGE_MAPPED,KNO-FORGE-MERGE-PICKUP-001,Mapped to one or more operational knowledge records with exact source evidence.,
169,"Combine, split, revisit, and merge stop workflows",KNOWLEDGE_MAPPED,KNO-FORGE-MERGE-PICKUP-001,Mapped to one or more operational knowledge records with exact source evidence.,
170,Package and stop comments,KNOWLEDGE_MAPPED,KNO-FORGE-COMMENT-SCOPE-001,Mapped to one or more operational knowledge records with exact source evidence.,
171,Package and stop comments,KNOWLEDGE_MAPPED,KNO-FORGE-COMMENT-SCOPE-001,Mapped to one or more operational knowledge records with exact source evidence.,
172,Package and stop comments,KNOWLEDGE_MAPPED,KNO-FORGE-COMMENT-SCOPE-001,Mapped to one or more operational knowledge records with exact source evidence.,
173,Package and stop comments,KNOWLEDGE_MAPPED,KNO-FORGE-COMMENT-SCOPE-001,Mapped to one or more operational knowledge records with exact source evidence.,
174,Package and stop comments,KNOWLEDGE_MAPPED,KNO-FORGE-COMMENT-SCOPE-001,Mapped to one or more operational knowledge records with exact source evidence.,
175,Package and stop comments,KNOWLEDGE_MAPPED,KNO-FORGE-COMMENT-SCOPE-001,Mapped to one or more operational knowledge records with exact source evidence.,
176,Package and stop comments,KNOWLEDGE_MAPPED,KNO-FORGE-COMMENT-SCOPE-001,Mapped to one or more operational knowledge records with exact source evidence.,
177,Package and stop comments,KNOWLEDGE_MAPPED,KNO-FORGE-COMMENT-SCOPE-001,Mapped to one or more operational knowledge records with exact source evidence.,
178,"Manual barcode, address, scan deletion, and alternate signature",KNOWLEDGE_MAPPED,KNO-FORGE-MANUAL-BARCODE-001,Mapped to one or more operational knowledge records with exact source evidence.,
179,"Manual barcode, address, scan deletion, and alternate signature",KNOWLEDGE_MAPPED,KNO-FORGE-MANUAL-BARCODE-001,Mapped to one or more operational knowledge records with exact source evidence.,
180,"Manual barcode, address, scan deletion, and alternate signature",KNOWLEDGE_MAPPED,KNO-FORGE-MANUAL-BARCODE-001,Mapped to one or more operational knowledge records with exact source evidence.,
181,"Manual barcode, address, scan deletion, and alternate signature",KNOWLEDGE_MAPPED,KNO-FORGE-MANUAL-BARCODE-001,Mapped to one or more operational knowledge records with exact source evidence.,
182,"Manual barcode, address, scan deletion, and alternate signature",KNOWLEDGE_MAPPED,KNO-FORGE-EDIT-ADDRESS-001,Mapped to one or more operational knowledge records with exact source evidence.,
183,"Manual barcode, address, scan deletion, and alternate signature",KNOWLEDGE_MAPPED,KNO-FORGE-EDIT-ADDRESS-001,Mapped to one or more operational knowledge records with exact source evidence.,
184,"Manual barcode, address, scan deletion, and alternate signature",KNOWLEDGE_MAPPED,KNO-FORGE-EDIT-ADDRESS-001,Mapped to one or more operational knowledge records with exact source evidence.,
185,"Manual barcode, address, scan deletion, and alternate signature",KNOWLEDGE_MAPPED,KNO-FORGE-DELETE-SCAN-001,Mapped to one or more operational knowledge records with exact source evidence.,
186,"Manual barcode, address, scan deletion, and alternate signature",KNOWLEDGE_MAPPED,KNO-DEL-ALT-SIGNATURE-001,Mapped to one or more operational knowledge records with exact source evidence.,
187,"Manual barcode, address, scan deletion, and alternate signature",KNOWLEDGE_MAPPED,KNO-DEL-ALT-SIGNATURE-001,Mapped to one or more operational knowledge records with exact source evidence.,
188,"Manual barcode, address, scan deletion, and alternate signature",KNOWLEDGE_MAPPED,KNO-DEL-ALT-SIGNATURE-001,Mapped to one or more operational knowledge records with exact source evidence.,
189,"End of day, listing/manifest download, and refresh",KNOWLEDGE_MAPPED,KNO-FORGE-EOD-001,Mapped to one or more operational knowledge records with exact source evidence.,
190,"End of day, listing/manifest download, and refresh",KNOWLEDGE_MAPPED,KNO-FORGE-EOD-001,Mapped to one or more operational knowledge records with exact source evidence.,
191,"End of day, listing/manifest download, and refresh",KNOWLEDGE_MAPPED,KNO-FORGE-EOD-001,Mapped to one or more operational knowledge records with exact source evidence.,
192,"End of day, listing/manifest download, and refresh",KNOWLEDGE_MAPPED,KNO-FORGE-EOD-001,Mapped to one or more operational knowledge records with exact source evidence.,
193,"End of day, listing/manifest download, and refresh",KNOWLEDGE_MAPPED,KNO-FORGE-EOD-001,Mapped to one or more operational knowledge records with exact source evidence.,
194,"End of day, listing/manifest download, and refresh",KNOWLEDGE_MAPPED,KNO-FORGE-EOD-001,Mapped to one or more operational knowledge records with exact source evidence.,
195,"End of day, listing/manifest download, and refresh",KNOWLEDGE_MAPPED,KNO-FORGE-EOD-001,Mapped to one or more operational knowledge records with exact source evidence.,
196,"End of day, listing/manifest download, and refresh",KNOWLEDGE_MAPPED,KNO-FORGE-EOD-001,Mapped to one or more operational knowledge records with exact source evidence.,
197,"End of day, listing/manifest download, and refresh",KNOWLEDGE_MAPPED,KNO-FORGE-DOWNLOAD-SYNC-001,Mapped to one or more operational knowledge records with exact source evidence.,
198,"End of day, listing/manifest download, and refresh",KNOWLEDGE_MAPPED,KNO-FORGE-DOWNLOAD-SYNC-001,Mapped to one or more operational knowledge records with exact source evidence.,
199,"End of day, listing/manifest download, and refresh",KNOWLEDGE_MAPPED,KNO-FORGE-DOWNLOAD-SYNC-001,Mapped to one or more operational knowledge records with exact source evidence.,
200,"End of day, listing/manifest download, and refresh",KNOWLEDGE_MAPPED,KNO-FORGE-DOWNLOAD-SYNC-001,Mapped to one or more operational knowledge records with exact source evidence.,
201,"End of day, listing/manifest download, and refresh",KNOWLEDGE_MAPPED,KNO-FORGE-DOWNLOAD-SYNC-001,Mapped to one or more operational knowledge records with exact source evidence.,
202,Drop-box connection and configuration,KNOWLEDGE_MAPPED,KNO-PUP-DROPBOX-CONNECTION-001,Mapped to one or more operational knowledge records with exact source evidence.,
203,Drop-box connection and configuration,KNOWLEDGE_MAPPED,KNO-PUP-DROPBOX-CONNECTION-001,Mapped to one or more operational knowledge records with exact source evidence.,
204,Drop-box connection and configuration,KNOWLEDGE_MAPPED,KNO-PUP-DROPBOX-CONNECTION-001,Mapped to one or more operational knowledge records with exact source evidence.,
205,Drop-box connection and configuration,KNOWLEDGE_MAPPED,KNO-PUP-DROPBOX-CONNECTION-001,Mapped to one or more operational knowledge records with exact source evidence.,
206,Drop-box connection and configuration,KNOWLEDGE_MAPPED,KNO-PUP-DROPBOX-CONNECTION-001,Mapped to one or more operational knowledge records with exact source evidence.,
207,Drop-box connection and configuration,KNOWLEDGE_MAPPED,KNO-PUP-DROPBOX-CONNECTION-001,Mapped to one or more operational knowledge records with exact source evidence.,
208,Drop-box connection and configuration,KNOWLEDGE_MAPPED,KNO-PUP-DROPBOX-CONNECTION-001,Mapped to one or more operational knowledge records with exact source evidence.,
209,Drop-box connection and configuration,KNOWLEDGE_MAPPED,KNO-PUP-DROPBOX-CONNECTION-001,Mapped to one or more operational knowledge records with exact source evidence.,
210,Drop-box connection and configuration,KNOWLEDGE_MAPPED,KNO-PUP-DROPBOX-CONNECTION-001,Mapped to one or more operational knowledge records with exact source evidence.,
211,Drop-box connection and configuration,KNOWLEDGE_MAPPED,KNO-PUP-DROPBOX-CONNECTION-001,Mapped to one or more operational knowledge records with exact source evidence.,
212,Drop-box connection and configuration,KNOWLEDGE_MAPPED,KNO-PUP-DROPBOX-CONNECTION-001,Mapped to one or more operational knowledge records with exact source evidence.,
213,Drop-box connection and configuration,KNOWLEDGE_MAPPED,KNO-PUP-DROPBOX-EARLY-LAST-001,Mapped to one or more operational knowledge records with exact source evidence.,
214,Drop-box connection and configuration,KNOWLEDGE_MAPPED,KNO-PUP-DROPBOX-HOLIDAY-001,Mapped to one or more operational knowledge records with exact source evidence.,
215,Drop-box connection and configuration,KNOWLEDGE_MAPPED,KNO-PUP-DROPBOX-HOLIDAY-001,Mapped to one or more operational knowledge records with exact source evidence.,
216,Drop-box connection and configuration,KNOWLEDGE_MAPPED,KNO-PUP-DROPBOX-SETTINGS-001,Mapped to one or more operational knowledge records with exact source evidence.,
217,Drop-box connection and configuration,KNOWLEDGE_MAPPED,KNO-PUP-DROPBOX-SETTINGS-001,Mapped to one or more operational knowledge records with exact source evidence.,
218,Drop-box connection and configuration,KNOWLEDGE_MAPPED,KNO-PUP-DROPBOX-SETTINGS-001,Mapped to one or more operational knowledge records with exact source evidence.,
219,Drop-box connection and configuration,KNOWLEDGE_MAPPED,KNO-PUP-DROPBOX-SETTINGS-001,Mapped to one or more operational knowledge records with exact source evidence.,
220,Drop-box connection and configuration,KNOWLEDGE_MAPPED,KNO-PUP-DROPBOX-SETTINGS-001,Mapped to one or more operational knowledge records with exact source evidence.,
221,Drop-box connection and configuration,KNOWLEDGE_MAPPED,KNO-PUP-DROPBOX-SETTINGS-001,Mapped to one or more operational knowledge records with exact source evidence.,
222,Drop-box connection and configuration,KNOWLEDGE_MAPPED,KNO-PUP-DROPBOX-SETTINGS-001,Mapped to one or more operational knowledge records with exact source evidence.,
223,Drop-box connection and configuration,KNOWLEDGE_MAPPED,KNO-PUP-DROPBOX-SERIAL-001,Mapped to one or more operational knowledge records with exact source evidence.,
224,"Bulk transfer, vehicle change, DVIR, and synchronization",KNOWLEDGE_MAPPED,KNO-FORGE-BULK-TRANSFER-001,Mapped to one or more operational knowledge records with exact source evidence.,
225,"Bulk transfer, vehicle change, DVIR, and synchronization",KNOWLEDGE_MAPPED,KNO-FORGE-BULK-TRANSFER-001,Mapped to one or more operational knowledge records with exact source evidence.,
226,"Bulk transfer, vehicle change, DVIR, and synchronization",KNOWLEDGE_MAPPED,KNO-FORGE-BULK-TRANSFER-001,Mapped to one or more operational knowledge records with exact source evidence.,
227,"Bulk transfer, vehicle change, DVIR, and synchronization",KNOWLEDGE_MAPPED,KNO-FORGE-BULK-TRANSFER-001,Mapped to one or more operational knowledge records with exact source evidence.,
228,"Bulk transfer, vehicle change, DVIR, and synchronization",KNOWLEDGE_MAPPED,KNO-FORGE-BULK-TRANSFER-001,Mapped to one or more operational knowledge records with exact source evidence.,
229,"Bulk transfer, vehicle change, DVIR, and synchronization",KNOWLEDGE_MAPPED,KNO-FORGE-VEHICLE-CHANGE-001,Mapped to one or more operational knowledge records with exact source evidence.,
230,"Bulk transfer, vehicle change, DVIR, and synchronization",KNOWLEDGE_MAPPED,KNO-FORGE-VEHICLE-CHANGE-001,Mapped to one or more operational knowledge records with exact source evidence.,
231,"Bulk transfer, vehicle change, DVIR, and synchronization",KNOWLEDGE_MAPPED,KNO-FORGE-VEHICLE-CHANGE-001,Mapped to one or more operational knowledge records with exact source evidence.,
232,"Bulk transfer, vehicle change, DVIR, and synchronization",KNOWLEDGE_MAPPED,KNO-FORGE-SYNC-QUEUE-001,Mapped to one or more operational knowledge records with exact source evidence.,
233,"Camera scan, navigation, reminders, and messages",KNOWLEDGE_MAPPED,KNO-FORGE-CAMERA-SCAN-001,Mapped to one or more operational knowledge records with exact source evidence.,
234,"Camera scan, navigation, reminders, and messages",KNOWLEDGE_MAPPED,KNO-FORGE-CAMERA-SCAN-001,Mapped to one or more operational knowledge records with exact source evidence.,
235,"Camera scan, navigation, reminders, and messages",NAVIGATION_REFERENCE,,Shows map-entry buttons and icon meanings; does not establish routing or safe-driving policy.,
236,"Camera scan, navigation, reminders, and messages",KNOWLEDGE_MAPPED,KNO-FORGE-TIME-REMINDER-001,Mapped to one or more operational knowledge records with exact source evidence.,
237,"Camera scan, navigation, reminders, and messages",KNOWLEDGE_MAPPED,KNO-FORGE-MESSAGING-001,Mapped to one or more operational knowledge records with exact source evidence.,
238,"Camera scan, navigation, reminders, and messages",KNOWLEDGE_MAPPED,KNO-FORGE-MESSAGING-001,Mapped to one or more operational knowledge records with exact source evidence.,
239,"Camera scan, navigation, reminders, and messages",KNOWLEDGE_MAPPED,KNO-FORGE-BUSINESS-CLOSURE-MSG-001,Mapped to one or more operational knowledge records with exact source evidence.,
240,"Demo fixtures, validation warnings, and device information",DEMO_FIXTURE_REFERENCE,,Demonstration-login barcode fixtures only; not production package data or a procedure.,
241,"Demo fixtures, validation warnings, and device information",DEMO_FIXTURE_REFERENCE,,Demonstration pickup barcode fixtures only; not production package data or a procedure.,
242,"Demo fixtures, validation warnings, and device information",KNOWLEDGE_MAPPED,KNO-FORGE-MANUAL-BARCODE-001,Mapped to one or more operational knowledge records with exact source evidence.,
243,"Demo fixtures, validation warnings, and device information",KNOWLEDGE_MAPPED,KNO-FORGE-LOGIN-WARNING-001,Mapped to one or more operational knowledge records with exact source evidence.,
244,"Demo fixtures, validation warnings, and device information",KNOWLEDGE_MAPPED,KNO-FORGE-LOGIN-WARNING-001,Mapped to one or more operational knowledge records with exact source evidence.,
245,"Demo fixtures, validation warnings, and device information",KNOWLEDGE_MAPPED,KNO-FORGE-LOGIN-WARNING-001,Mapped to one or more operational knowledge records with exact source evidence.,
246,"Demo fixtures, validation warnings, and device information",KNOWLEDGE_MAPPED,KNO-FORGE-DEVICE-INFO-001,Mapped to one or more operational knowledge records with exact source evidence.,
