legacy_source_id,legacy_page,legacy_subject,crosswalk_disposition,current_source_ids,current_locators,knowledge_ids,reference_data_scope,remaining_gap_ids,review_basis
SRC-GDRIVE-FILE-0001,2,Security and delivery/pickup status-code quick reference,CURRENT_REFERENCE_DATA_WITH_GAPS,SRC-GDRIVE-FILE-0014,OP-117 pages 36-39,,DELIVERY_STATUS:50;PICKUP_REASON:7,REFSRC-002;REFSRC-003,"The newer OP-117 code tables are normalized, but current OP-324 and OP-321 decision criteria remain unacquired. No procedure is inferred from either old or current labels."
SRC-GDRIVE-FILE-0002,11,Tracking events scan integrity and older delivery-status reference,MIXED_CURRENT_MODEL_AND_GAPS,SRC-GDRIVE-FILE-0014;SRC-GDRIVE-FILE-0001,OP-117 pages 9-11 and 36-39;MGB-119 pages 1-2,KNO-DEL-SCAN-INTEGRITY-001;KNO-PUP-SCAN-INTEGRITY-001,DELIVERY_STATUS:50;PICKUP_REASON:7,REFSRC-002;REFSRC-003,"Current sources preserve point-of-service scan integrity and normalized reference tables; complete current code/reason selection remains gated on OP-324 and OP-321."
SRC-GDRIVE-FILE-0009,2,Legacy FORGE login and password/reset workflow,VERSION_GATED_CURRENT_MODEL,SRC-GDRIVE-FILE-0008,FORGE P&D Application Guide 3.00 pages 6-22,KNO-FORGE-LOGIN-DISPATCH-001,,REFSRC-022,"The April 2025 guide supersedes the demonstrated login path but still does not establish current production credential-reset policy or complete real-user authorization. The 2023 phone number password rules and attempt limit are not promoted."
SRC-GDRIVE-FILE-0009,3,Legacy user authorization map vehicle duty and dispatch workflow,VERSION_GATED_CURRENT_MODEL,SRC-GDRIVE-FILE-0008,FORGE P&D Application Guide 3.00 pages 15-22 and 243-245,KNO-FORGE-LOGIN-DISPATCH-001;KNO-FORGE-LOGIN-WARNING-001,,REFSRC-022,"Newer login/dispatch and validation-warning pages are modeled with human-review limits; the simplified 2023 sequence is not treated as current authority."
SRC-GDRIVE-FILE-0009,4,Legacy listed business delivery and pickup workflows,VERSION_GATED_CURRENT_MODEL,SRC-GDRIVE-FILE-0008,FORGE P&D Application Guide 3.00 pages 28-39,KNO-FORGE-STANDARD-DELIVERY-001;KNO-FORGE-STANDARD-PICKUP-001,,REFSRC-022,"The newer comprehensive guide supplies the replacement workflows; both records remain version-gated pending current production documentation."
SRC-GDRIVE-FILE-0009,5,Legacy residential driver-release and indirect-delivery workflows,CURRENT_POLICY_AND_VERSION_GATED_UI,SRC-GDRIVE-FILE-0014;SRC-GDRIVE-FILE-0008,OP-117 pages 12 19-25 and 30-35;FORGE P&D Application Guide 3.00 pages 73-85,KNO-DEL-SAFEPLACE-001;KNO-DEL-SIG-ISR-001;KNO-DEL-PPOD-001,,REFSRC-022,"Current OP-117 establishes release/signature/photo policy and the April 2025 guide supplies UI sequences. The older 2023 exceptions are not used as current UI authority."
SRC-GDRIVE-FILE-0009,6,Legacy stop-level and package-level delivery-status workflow,MIXED_CURRENT_MODEL_AND_GAPS,SRC-GDRIVE-FILE-0008;SRC-GDRIVE-FILE-0014,FORGE P&D Application Guide 3.00 pages 49-58;OP-117 pages 36-39,KNO-FORGE-STATUS-SCOPE-001,DELIVERY_STATUS:50,REFSRC-002;REFSRC-022,"Current reviewed sources preserve scope and normalized labels; complete selection criteria and current production UI remain separately gated."
SRC-GDRIVE-FILE-0009,7,Legacy scan deletion and End of Day workflow,MIXED_CURRENT_MODEL_AND_GAPS,SRC-GDRIVE-FILE-0014;SRC-GDRIVE-FILE-0008,OP-117 page 11;FORGE P&D Application Guide 3.00 pages 185 and 189-196,KNO-FORGE-DELETE-SCAN-001;KNO-FORGE-EOD-001,,REFSRC-022,"Wrong-scan deletion is current-source corroborated; EOD remains human-review/version-gated because the application guide does not establish every current closeout obligation."
SRC-GDRIVE-FILE-0009,8,Legacy inbox compose and quick-message workflow,VERSION_GATED_CURRENT_MODEL,SRC-GDRIVE-FILE-0008,FORGE P&D Application Guide 3.00 pages 237-239,KNO-FORGE-MESSAGING-001;KNO-FORGE-BUSINESS-CLOSURE-MSG-001,,REFSRC-022,"The April 2025 guide replaces the 2023 messaging screens, while current production paths and the authority behind preset exception messages still require verification."
