source_id,locator,knowledge_id,supported_scope,reviewed_at
SRC-GDRIVE-FILE-0001,MGB-119 page 1,KNO-DEL-BUS-OP201-001,Commercial signature expectation and OP-201 waiver condition,2026-08-09
SRC-GDRIVE-FILE-0001,MGB-119 page 1,KNO-DEL-PLACEMENT-HAZARD-001,"Current release eligibility, placement, handling, mailbox, and tracking expectations",2026-08-09
SRC-GDRIVE-FILE-0001,MGB-119 page 1,KNO-DEL-PPOD-001,Corroborates accurate package-location photography at the point of delivery without defining complete applicability or privacy rules,2026-08-09
SRC-GDRIVE-FILE-0001,MGB-119 page 1,KNO-DEL-PREMIUM-WINDOW-001,"Actual-location/time scanning, safe-late delivery, and exact-label same-day second attempts",2026-08-09
SRC-GDRIVE-FILE-0001,MGB-119 page 1,KNO-DEL-SAFEPLACE-001,"Current residential-release eligibility, secure placement, signature exclusion, and mailbox prohibition",2026-08-09
SRC-GDRIVE-FILE-0001,MGB-119 page 1,KNO-DEL-SCAN-INTEGRITY-001,Point-of-service real-time scanning expectations,2026-08-08
SRC-GDRIVE-FILE-0001,MGB-119 page 1,KNO-DEL-SIG-ASR-001,"Defines current ASR age, ID, and in-person signature conditions",2026-08-09
SRC-GDRIVE-FILE-0001,MGB-119 page 1,KNO-DEL-SIG-DSR-001,DSR in-person signature at delivery address,2026-08-08
SRC-GDRIVE-FILE-0001,MGB-119 page 1,KNO-DEL-SIG-ISR-001,"Defines current ISR in-person, neighboring-address, and signed-door-tag signature sources",2026-08-09
SRC-GDRIVE-FILE-0001,MGB-119 page 1 — inaccurate commercial-as-residential designation,KNO-DEL-CLASSIFICATION-001,Current inaccurate-designation consequence,2026-08-09
SRC-GDRIVE-FILE-0001,MGB-119 page 2 — Security Standards of Service,KNO-SEC-ROUTE-001,"Vehicle/package security and between-stop lock, bulkhead, window, and key controls",2026-08-09
SRC-GDRIVE-FILE-0002,OP-119 page 10,KNO-PUP-SCAN-INTEGRITY-001,Customer-location barcode scanning and inaccurate off-location or wrong-status practices,2026-08-09
SRC-GDRIVE-FILE-0002,OP-119 page 12,KNO-DEL-ALCOHOL-001,ASR age ID signature manual-entry alcohol-label intoxication and prohibited-release requirements,2026-08-09
SRC-GDRIVE-FILE-0002,OP-119 page 12,KNO-DEL-SIG-ASR-001,"Defines ASR age, ID scan/manual-entry conditions, no release, and ID-refusal return",2026-08-09
SRC-GDRIVE-FILE-0002,OP-119 page 13,KNO-DEL-ALCOHOL-001,Unsuccessful-signature delivery notice do-not-leave requirement and alcohol release-method table,2026-08-09
SRC-GDRIVE-FILE-0002,OP-119 page 13,KNO-DEL-SIG-ASR-001,"Defines the no-signature do-not-leave branch, central receiving, and prohibited release methods",2026-08-09
SRC-GDRIVE-FILE-0002,OP-119 page 13,KNO-DEL-TOBACCO-001,Limited preauthorized commercial exception candidate,2026-08-08
SRC-GDRIVE-FILE-0002,OP-119 page 14,KNO-DEL-SAFEPLACE-001,"Driver-release placement, door-tag, and photo expectations",2026-08-09
SRC-GDRIVE-FILE-0002,OP-119 page 15,KNO-DEL-SAFEPLACE-001,Driver-release exclusions and indirect-delivery documentation,2026-08-09
SRC-GDRIVE-FILE-0002,OP-119 page 16,KNO-COMMS-MEDIA-001,"Recording, media inquiry, brand, and public-comment rules",2026-08-08
SRC-GDRIVE-FILE-0002,OP-119 page 4,KNO-PUP-SCAN-INTEGRITY-001,Pickup-time and pickup-location scanning plus accurate scanning and status-code expectations,2026-08-09
SRC-GDRIVE-FILE-0002,OP-119 page 5,KNO-PUP-SERVICE-TYPES-001,"Defines the seven pickup-service categories, abbreviations, descriptions, timing context, and special notes.",2026-08-09
SRC-GDRIVE-FILE-0002,OP-119 page 6,KNO-DEL-ATTEMPT-LIMIT-001,Older source corroborates the three-service-day attempt expectation for packages that cannot be driver released.,2026-08-09
SRC-GDRIVE-FILE-0002,OP-119 page 6 — residential/commercial definitions,KNO-DEL-CLASSIFICATION-001,Older definition corroboration,2026-08-09
SRC-GDRIVE-FILE-0002,OP-119 page 7,KNO-DEL-PLACEMENT-HAZARD-001,"Package-care, careful-handling, weather protection, primary-entrance placement, and reasonable customer-instruction expectations",2026-08-09
SRC-GDRIVE-FILE-0002,"OP-119 page 8 — badge, business-name apparel, and Alternative Vehicle vest",KNO-CX-APPEARANCE-001,"Badge, business-name apparel, and Alternative Vehicle vest",2026-08-09
SRC-GDRIVE-FILE-0002,OP-119 page 9,KNO-PUP-SCAN-INTEGRITY-001,Scan-created tracking notifications and value of timely accurate updates,2026-08-09
SRC-GDRIVE-FILE-0002,OP-119 pages 12-15,KNO-DEL-SIG-DSR-001,DSR in-person location requirement and no release,2026-08-08
SRC-GDRIVE-FILE-0002,OP-119 pages 12-15,KNO-DEL-SIG-ISR-001,"Defines ISR authorization methods, service exclusions, unsuccessful signature delivery, and indirect-delivery documentation",2026-08-09
SRC-GDRIVE-FILE-0002,OP-119 pages 9-10,KNO-DEL-SCAN-INTEGRITY-001,Corroborates actual customer-location scanning and inaccurate scan/status practices.,2026-08-09
SRC-GDRIVE-FILE-0004,Focus on Package Placement page 10,KNO-DEL-PLACEMENT-HAZARD-001,Location tracking and PPOD quality/privacy checks,2026-08-09
SRC-GDRIVE-FILE-0004,Focus on Package Placement page 10,KNO-DEL-PPOD-001,"Corroborates PPOD secure-placement subject, surroundings, clear quality, and people/address/label/PII exclusions",2026-08-09
SRC-GDRIVE-FILE-0004,Focus on Package Placement page 11,KNO-DEL-SCAN-INTEGRITY-001,Point-of-delivery scan and accurate status expectations,2026-08-08
SRC-GDRIVE-FILE-0004,Focus on Package Placement page 4,KNO-DEL-PLACEMENT-HAZARD-001,"Secure primary-entrance, weather/theft, and alternative-location checks",2026-08-09
SRC-GDRIVE-FILE-0004,Focus on Package Placement page 5,KNO-DEL-PLACEMENT-HAZARD-001,"Customer instructions, customer contact, and tracking information",2026-08-09
SRC-GDRIVE-FILE-0004,Focus on Package Placement page 6,KNO-DEL-PLACEMENT-HAZARD-001,"Garage, gate, driveway, handling, contact, and failed-release checks",2026-08-09
SRC-GDRIVE-FILE-0004,Focus on Package Placement page 7,KNO-DEL-PLACEMENT-HAZARD-001,Doorway/ramp accessibility and failed-release checks,2026-08-09
SRC-GDRIVE-FILE-0004,Focus on Package Placement page 8,KNO-DEL-PLACEMENT-HAZARD-001,Small-package placement and mailbox prohibition,2026-08-09
SRC-GDRIVE-FILE-0004,Focus on Package Placement page 9,KNO-DEL-PLACEMENT-HAZARD-001,Large-package characteristics and handling equipment,2026-08-09
SRC-GDRIVE-FILE-0005,FORGE Business Closure guide page 1 — detailed message workflow,KNO-FORGE-BUSINESS-CLOSURE-MSG-001,Detailed Business Closure message workflow and SEND confirmation,2026-08-09
SRC-GDRIVE-FILE-0006,FORGE Call Tags 2.2.0 page 1 — call-tag action entry context,KNO-FORGE-CALLTAG-SCOPE-001,Older call-tag action-entry context only,2026-08-09
SRC-GDRIVE-FILE-0006,FORGE Call Tags 2.2.0 page 2 — suspected-fraud all-call-tags action,KNO-PUP-CALLTAG-FRAUD-001,Stop-wide suspected-fraud cancellation action and code 106 effect,2026-08-09
SRC-GDRIVE-FILE-0006,FORGE Call Tags 2.2.0 page 2 — all-call-tags actions,KNO-FORGE-CALLTAG-SCOPE-001,Detailed all-call-tags action scope,2026-08-09
SRC-GDRIVE-FILE-0006,FORGE Call Tags 2.2.0 page 3 — individual current-tag action,KNO-FORGE-CALLTAG-SCOPE-001,Detailed individual current-tag scope,2026-08-09
SRC-GDRIVE-FILE-0007,"FORGE Delayed Login guide, pages 1-5",KNO-FORGE-DELAYED-LOGIN-001,Delayed Login entry limits exit transmission and EOD,2026-08-08
SRC-GDRIVE-FILE-0008,FORGE 2.8.0 Application Guide page 102,KNO-DEL-SENSEAWARE-TAG-001,SenseAware scan prompt and Time Definite acknowledgment plus delivery removal and station return,2026-08-09
SRC-GDRIVE-FILE-0008,FORGE 2.8.0 Application Guide page 103,KNO-DEL-SENSEAWARE-TAG-001,Stop Details Stop Close Summary signature flow and tag removal/return note,2026-08-09
SRC-GDRIVE-FILE-0008,FORGE 2.8.0 Application Guide page 232,KNO-FORGE-SYNC-QUEUE-001,Queued stop files and upload-count reconciliation,2026-08-08
SRC-GDRIVE-FILE-0008,FORGE 2.8.0 Application Guide page 236,KNO-FORGE-TIME-REMINDER-001,Version-specific 30-minute reminder behavior,2026-08-08
SRC-GDRIVE-FILE-0008,FORGE 2.8.0 Application Guide pages 104-106,KNO-DEL-PHARMACY-001,Separate pharmacy-counter ASR/DSR delivery,2026-08-08
SRC-GDRIVE-FILE-0008,FORGE 2.8.0 Application Guide pages 107-109,KNO-DEL-CRITICAL-HEALTH-001,Critical healthcare Time Definite/SenseAware workflow,2026-08-08
SRC-GDRIVE-FILE-0008,FORGE 2.8.0 Application Guide pages 135-142,KNO-FORGE-BULK-001,Bulk manifest/count and vehicle-dependent pickup workflow,2026-08-08
SRC-GDRIVE-FILE-0008,FORGE 2.8.0 Application Guide pages 143-145,KNO-FORGE-COMBINE-DELIVERY-001,Delivery-stop address verification/combine UI,2026-08-08
SRC-GDRIVE-FILE-0008,FORGE 2.8.0 Application Guide pages 146-150,KNO-FORGE-SPLIT-DELIVERY-001,Partial-package close and new open stop,2026-08-08
SRC-GDRIVE-FILE-0008,FORGE 2.8.0 Application Guide pages 156-169,KNO-FORGE-MERGE-PICKUP-001,Zero-package revisit and unlisted pickup-ID assignment,2026-08-08
SRC-GDRIVE-FILE-0008,FORGE 2.8.0 Application Guide page 170,KNO-FORGE-COMMENT-SCOPE-001,Package Comment purpose and one-package scope,2026-08-09
SRC-GDRIVE-FILE-0008,FORGE 2.8.0 Application Guide page 171,KNO-FORGE-COMMENT-SCOPE-001,Package selection and Add Comment navigation,2026-08-09
SRC-GDRIVE-FILE-0008,FORGE 2.8.0 Application Guide page 172,KNO-FORGE-COMMENT-SCOPE-001,Preset and typed Package Comment entry,2026-08-09
SRC-GDRIVE-FILE-0008,FORGE 2.8.0 Application Guide page 173,KNO-FORGE-COMMENT-SCOPE-001,Package Comment save icon and viewing,2026-08-09
SRC-GDRIVE-FILE-0008,FORGE 2.8.0 Application Guide page 174,KNO-FORGE-COMMENT-SCOPE-001,Whole-stop scope and coexistence with package comments,2026-08-09
SRC-GDRIVE-FILE-0008,FORGE 2.8.0 Application Guide page 175,KNO-FORGE-COMMENT-SCOPE-001,Add Stop Comment navigation,2026-08-09
SRC-GDRIVE-FILE-0008,FORGE 2.8.0 Application Guide page 176,KNO-FORGE-COMMENT-SCOPE-001,Stop Comment entry save display and edit navigation,2026-08-09
SRC-GDRIVE-FILE-0008,FORGE 2.8.0 Application Guide page 177,KNO-FORGE-COMMENT-SCOPE-001,Stop Comment edit update and removal,2026-08-09
SRC-GDRIVE-FILE-0008,FORGE 2.8.0 Application Guide page 182,KNO-FORGE-EDIT-ADDRESS-001,Incorrect-label scenario and correct-address premise,2026-08-09
SRC-GDRIVE-FILE-0008,FORGE 2.8.0 Application Guide page 183,KNO-FORGE-EDIT-ADDRESS-001,Stop Details and Edit Address navigation,2026-08-09
SRC-GDRIVE-FILE-0008,FORGE 2.8.0 Application Guide page 184,KNO-FORGE-EDIT-ADDRESS-001,Address edit save verification and close-stop entry,2026-08-09
SRC-GDRIVE-FILE-0008,FORGE 2.8.0 Application Guide pages 189-196,KNO-FORGE-EOD-001,"Vehicle closure, defects, times, summary, logout",2026-08-08
SRC-GDRIVE-FILE-0008,FORGE 2.8.0 Application Guide pages 197-201,KNO-FORGE-DOWNLOAD-SYNC-001,Pickup/manifest download and refresh recovery,2026-08-08
SRC-GDRIVE-FILE-0008,FORGE 2.8.0 Application Guide pages 224-228,KNO-FORGE-BULK-TRANSFER-001,"Unattempted-stop transfer, code 079, and sender/receiver confirmation",2026-08-08
SRC-GDRIVE-FILE-0008,FORGE 2.8.0 Application Guide pages 243-245,KNO-FORGE-LOGIN-WARNING-001,"Authorization, medical-card, vehicle, CARB, HOS, and qualification warnings",2026-08-08
SRC-GDRIVE-FILE-0008,FORGE 2.8.0 Application Guide pages 86-91,KNO-PUP-INTERNATIONAL-DOCS-001,International pickup scan and document-confirmation workflow,2026-08-08
SRC-GDRIVE-FILE-0008,FORGE 2.8.0 Application Guide pages 97-101,KNO-DEL-COD-MULTI-001,Per-package COD amount/check and stop-total workflow,2026-08-08
SRC-GDRIVE-FILE-0008,FORGE P&D Application Guide 3.00 page 110 — current HAL/HLD identification,KNO-DEL-HAL-NONHAL-TRANSFER-001,Current HAL/HLD label mechanics,2026-08-09
SRC-GDRIVE-FILE-0008,FORGE P&D Application Guide 3.00 page 110 — current HAL/HLD identification and signature rule,KNO-DEL-HAL-DELIVERY-001,Current HAL/HLD and signature rule,2026-08-09
SRC-GDRIVE-FILE-0008,FORGE P&D Application Guide 3.00 page 111 — current location-type selection,KNO-DEL-HAL-DELIVERY-001,Current location selection,2026-08-09
SRC-GDRIVE-FILE-0008,FORGE P&D Application Guide 3.00 page 112 — current in-person-signature confirmation,KNO-DEL-HAL-DELIVERY-001,Current in-person-signature confirmation,2026-08-09
SRC-GDRIVE-FILE-0008,FORGE P&D Application Guide 3.00 page 113 — current scan and closeout sequence,KNO-DEL-HAL-DELIVERY-001,Current scan and closeout sequence,2026-08-09
SRC-GDRIVE-FILE-0008,FORGE P&D Application Guide 3.00 page 114 — current Deliver-to-Transfer mechanics,KNO-DEL-HAL-NONHAL-TRANSFER-001,Current Deliver/Transfer drag-and-NEXT mechanics,2026-08-09
SRC-GDRIVE-FILE-0008,FORGE P&D Application Guide 3.00 page 115 — Hazmat label and in-person-signature prompt,KNO-DEL-HAZMAT-SIGNATURE-001,Current Hazmat label and in-person-signature confirmation,2026-08-09
SRC-GDRIVE-FILE-0008,FORGE P&D Application Guide 3.00 page 116 — Time Definite acknowledgment and hazmat closeout entry,KNO-DEL-HAZMAT-SIGNATURE-001,Current Time Definite and closeout entry,2026-08-09
SRC-GDRIVE-FILE-0008,FORGE P&D Application Guide 3.00 page 117,KNO-PUP-UNLISTED-001,Unlisted-hazmat scope,2026-08-09
SRC-GDRIVE-FILE-0008,FORGE P&D Application Guide 3.00 page 118,KNO-PUP-UNLISTED-001,Unlisted-hazmat Pickup selection and list review,2026-08-09
SRC-GDRIVE-FILE-0008,FORGE P&D Application Guide 3.00 page 119,KNO-PUP-UNLISTED-001,Unlisted-hazmat assignment or address entry,2026-08-09
SRC-GDRIVE-FILE-0008,FORGE P&D Application Guide 3.00 page 120,KNO-PUP-UNLISTED-001,"Hazmat acknowledgment, stop type, and close initiation",2026-08-09
SRC-GDRIVE-FILE-0008,FORGE P&D Application Guide 3.00 page 121,KNO-PUP-UNLISTED-001,Hazmat package count and specialized close,2026-08-09
SRC-GDRIVE-FILE-0008,FORGE P&D Application Guide 3.00 page 122 — current call-tag workflow context,KNO-FORGE-CALLTAG-SCOPE-001,Current call-tag purpose placement scenario and first-package scan context,2026-08-09
SRC-GDRIVE-FILE-0008,FORGE P&D Application Guide 3.00 page 126 — current all-versus-individual action scope,KNO-FORGE-CALLTAG-SCOPE-001,Current all-versus-individual action scope,2026-08-09
SRC-GDRIVE-FILE-0008,FORGE P&D Application Guide 3.00 page 127 — action confirmation and remaining scans,KNO-FORGE-CALLTAG-SCOPE-001,Current action confirmation and remaining scans,2026-08-09
SRC-GDRIVE-FILE-0008,FORGE P&D Application Guide 3.00 page 151 — scan delivery packages,KNO-FORGE-COMBO-STOP-001,Combined-stop delivery-package scan,2026-08-09
SRC-GDRIVE-FILE-0008,FORGE P&D Application Guide 3.00 page 152 — Assign Pickup ID selection,KNO-FORGE-COMBO-STOP-001,Assign Pickup ID selection,2026-08-09
SRC-GDRIVE-FILE-0008,FORGE P&D Application Guide 3.00 page 153 — confirm pickup assignment,KNO-FORGE-COMBO-STOP-001,Pickup assignment confirmation and Pickup tab,2026-08-09
SRC-GDRIVE-FILE-0008,FORGE P&D Application Guide 3.00 page 154 — scan combined pickup packages,KNO-FORGE-COMBO-STOP-001,Combined pickup-package scan,2026-08-09
SRC-GDRIVE-FILE-0008,FORGE P&D Application Guide 3.00 page 155 — Pickup tab and stop close,KNO-FORGE-COMBO-STOP-001,Pickup tab result and stop-close entry,2026-08-09
SRC-GDRIVE-FILE-0008,FORGE P&D Application Guide 3.00 page 178 — manual-entry applicability,KNO-FORGE-MANUAL-BARCODE-001,Manual-entry applicability when tracking ID is readable but the stop barcode cannot be scanned,2026-08-09
SRC-GDRIVE-FILE-0008,FORGE P&D Application Guide 3.00 page 179 — Key Enter Barcode navigation,KNO-FORGE-MANUAL-BARCODE-001,Stop Options and Key Enter Barcode navigation,2026-08-09
SRC-GDRIVE-FILE-0008,FORGE P&D Application Guide 3.00 page 180 — Free Form entry and validation,KNO-FORGE-MANUAL-BARCODE-001,"Free Form entry, acceptance, and invalid-value behavior",2026-08-09
SRC-GDRIVE-FILE-0008,FORGE P&D Application Guide 3.00 page 181 — EPIC and Air Waybill entry and validation,KNO-FORGE-MANUAL-BARCODE-001,"EPIC and Air Waybill entry, acceptance, and invalid-value behavior",2026-08-09
SRC-GDRIVE-FILE-0008,FORGE P&D Application Guide 3.00 page 185 — Delete Scan mechanics and confirmation,KNO-FORGE-DELETE-SCAN-001,Current FORGE Delete Scan mechanics and check-mark confirmation,2026-08-09
SRC-GDRIVE-FILE-0008,FORGE P&D Application Guide 3.00 page 213,KNO-PUP-DROPBOX-EARLY-LAST-001,Early Last Pickup option and connection handoff,2026-08-09
SRC-GDRIVE-FILE-0008,FORGE P&D Application Guide 3.00 page 223,KNO-PUP-DROPBOX-SERIAL-001,Listed-pickup manual-entry path and inside-door barcode source,2026-08-09
SRC-GDRIVE-FILE-0008,FORGE P&D Application Guide 3.00 page 233 — enable Camera Scan and hardware-scanner effect,KNO-FORGE-CAMERA-SCAN-001,Current Camera Scan enable sequence and device-scanner disablement,2026-08-09
SRC-GDRIVE-FILE-0008,FORGE P&D Application Guide 3.00 page 234 — camera control and flash,KNO-FORGE-CAMERA-SCAN-001,Current camera scan control and optional flash behavior,2026-08-09
SRC-GDRIVE-FILE-0008,FORGE P&D Application Guide 3.00 page 239 — current Business Closure purpose and fields,KNO-FORGE-BUSINESS-CLOSURE-MSG-001,"Current Business Closure purpose, date/service choices, and address options",2026-08-09
SRC-GDRIVE-FILE-0008,FORGE P&D Application Guide 3.00 page 242 — check-digit failure recovery,KNO-FORGE-MANUAL-BARCODE-001,Check-digit failure rescan or correct key-entry recovery,2026-08-09
SRC-GDRIVE-FILE-0008,FORGE P&D Application Guide 3.00 page 246,KNO-FORGE-DEVICE-INFO-001,Identifies the device fields and three application locations where they are displayed.,2026-08-09
SRC-GDRIVE-FILE-0008,FORGE P&D Application Guide 3.00 page 25,KNO-FORGE-LANGUAGE-001,Shows the Settings > Language path and effect on displayed screen text.,2026-08-09
SRC-GDRIVE-FILE-0008,FORGE P&D Application Guide 3.00 page 26,KNO-DEL-SIG-ASR-001,"Defines eligible ASR recipient age, ID, no-visible-intoxication, stop-address, and signature conditions",2026-08-09
SRC-GDRIVE-FILE-0008,FORGE P&D Application Guide 3.00 page 43,KNO-PUP-UNLISTED-001,Unlisted stop creation and optional retail scope,2026-08-09
SRC-GDRIVE-FILE-0008,FORGE P&D Application Guide 3.00 page 44,KNO-PUP-UNLISTED-001,Pickup selection and listed-choice review,2026-08-09
SRC-GDRIVE-FILE-0008,FORGE P&D Application Guide 3.00 page 45,KNO-PUP-UNLISTED-001,Correct assignment and Not on List continuation,2026-08-09
SRC-GDRIVE-FILE-0008,FORGE P&D Application Guide 3.00 page 46,KNO-PUP-UNLISTED-001,Address/premium/Business/Residential and retail-options entry,2026-08-09
SRC-GDRIVE-FILE-0008,FORGE P&D Application Guide 3.00 page 47,KNO-PUP-UNLISTED-001,Retail location-type selection,2026-08-09
SRC-GDRIVE-FILE-0008,FORGE P&D Application Guide 3.00 page 48,KNO-PUP-UNLISTED-001,Retail save and close initiation,2026-08-09
SRC-GDRIVE-FILE-0008,FORGE P&D Application Guide 3.00 page 5,KNO-FORGE-MULTICODE-001,Defines supported multicode examples and the one-barcode-per-package warning.,2026-08-09
SRC-GDRIVE-FILE-0008,FORGE P&D Application Guide 3.00 page 59,KNO-PUP-ZERO-001,Scheduled listed pickup no-package scenario correct pickup selection and stop-close entry,2026-08-09
SRC-GDRIVE-FILE-0008,FORGE P&D Application Guide 3.00 page 60,KNO-PUP-ZERO-001,Close Zero Pkg threshold prompt and Stop Close Summary with zero packages,2026-08-09
SRC-GDRIVE-FILE-0008,FORGE P&D Application Guide 3.00 page 61,KNO-PUP-ZERO-001,Zero Package Pickup reason-code selection and DONE closeout,2026-08-09
SRC-GDRIVE-FILE-0008,FORGE P&D Application Guide 3.00 page 77,KNO-DEL-PPOD-001,Defines the residential driver-release-without-signature workflow context,2026-08-09
SRC-GDRIVE-FILE-0008,FORGE P&D Application Guide 3.00 page 78,KNO-DEL-PPOD-001,Defines Met Customer and actual driver-release location selection,2026-08-09
SRC-GDRIVE-FILE-0008,FORGE P&D Application Guide 3.00 page 81,KNO-DEL-PPOD-001,Defines the required Photo At Delivery capture screen and missing-photo warning,2026-08-09
SRC-GDRIVE-FILE-0008,FORGE P&D Application Guide 3.00 page 82,KNO-DEL-PPOD-001,"Defines delete/recapture, Restricted Location, and DONE completion controls",2026-08-09
SRC-GDRIVE-FILE-0008,FORGE P&D Application Guide 3.00 page 92,KNO-DEL-SIG-ASR-001,Defines eligible-recipient conditions and prohibits driver or unattended release,2026-08-09
SRC-GDRIVE-FILE-0008,FORGE P&D Application Guide 3.00 page 94,KNO-DEL-SIG-ASR-001,Requires valid ID or applicable non-delivery status and shows the ID-specification prompt,2026-08-09
SRC-GDRIVE-FILE-0008,FORGE P&D Application Guide 3.00 page 95,KNO-DEL-SIG-ASR-001,Defines scan alignment and the unscannable/refused-scan manual-entry branch,2026-08-09
SRC-GDRIVE-FILE-0008,FORGE P&D Application Guide 3.00 page 96,KNO-DEL-SIG-ASR-001,"Defines DOB entry, decline recording, visual-verification attestation, age confirmation, and signature continuation",2026-08-09
SRC-GDRIVE-FILE-0008,FORGE 2.8.0 Application Guide page 126 — suspected-fraud all-call-tags action,KNO-PUP-CALLTAG-FRAUD-001,Stop-wide suspected-fraud cancellation scope and code 106 effect without decision criteria,2026-08-09
SRC-GDRIVE-FILE-0008,FORGE P&D Application Guide 3.00 pages 131-134,KNO-PUP-SENSEAWARE-NOHEALTHY-001,SenseAware absent unhealthy and unresponsive tag branches,2026-08-08
SRC-GDRIVE-FILE-0008,FORGE P&D Application Guide 3.00 pages 186-188,KNO-DEL-ALT-SIGNATURE-001,"Demonstrates ALT, signed OP-200 scanning/key entry, physical-record line selection, and recipient-name capture.",2026-08-09
SRC-GDRIVE-FILE-0008,FORGE P&D Application Guide 3.00 pages 202-206,KNO-PUP-DROPBOX-CONNECTION-001,NFC workflow and third-failure BLE transition,2026-08-09
SRC-GDRIVE-FILE-0008,FORGE P&D Application Guide 3.00 pages 207-210,KNO-PUP-DROPBOX-CONNECTION-001,"BLE-only/fallback workflow, positioning, retries, and third-failure assistance prompt",2026-08-09
SRC-GDRIVE-FILE-0008,FORGE P&D Application Guide 3.00 pages 211-212,KNO-PUP-DROPBOX-CONNECTION-001,Manual-entry eligibility and controlled combination request/entry,2026-08-09
SRC-GDRIVE-FILE-0008,FORGE P&D Application Guide 3.00 pages 214-215,KNO-PUP-DROPBOX-HOLIDAY-001,"Holiday Closing selection, confirmation, connection, and exit behavior",2026-08-09
SRC-GDRIVE-FILE-0008,FORGE P&D Application Guide 3.00 pages 216-222,KNO-PUP-DROPBOX-SETTINGS-001,Complete pickup-settings workflow and FINISH requirement,2026-08-09
SRC-GDRIVE-FILE-0008,FORGE P&D Application Guide 3.00 pages 229-231,KNO-FORGE-VEHICLE-CHANGE-001,Vehicle change DVIR and EOD representation,2026-08-08
SRC-GDRIVE-FILE-0008,FORGE P&D Application Guide 3.00 pages 237-238,KNO-FORGE-MESSAGING-001,"Defines work-area/CPC messaging, Inbox, stop-reference attachment, and quick-message selection.",2026-08-09
SRC-GDRIVE-FILE-0008,FORGE P&D Application Guide 3.00 pages 28-32,KNO-FORGE-STANDARD-DELIVERY-001,Demonstrates a complete listed multi-package business delivery and transmission state.,2026-08-09
SRC-GDRIVE-FILE-0008,FORGE P&D Application Guide 3.00 pages 33-39,KNO-FORGE-STANDARD-PICKUP-001,"Demonstrates a complete listed multi-package pickup, threshold prompt, count, close, and sync state.",2026-08-09
SRC-GDRIVE-FILE-0008,FORGE P&D Application Guide 3.00 pages 40-42,KNO-FORGE-UNMANIFESTED-DELIVERY-001,Demonstrates adding a station-found unmanifested package as a new delivery stop.,2026-08-09
SRC-GDRIVE-FILE-0008,FORGE P&D Application Guide 3.00 pages 49-58,KNO-FORGE-STATUS-SCOPE-001,Stop-level versus package-level status-code scope,2026-08-08
SRC-GDRIVE-FILE-0008,FORGE P&D Application Guide 3.00 pages 6-22,KNO-FORGE-LOGIN-DISPATCH-001,"Defines user/vehicle types and demonstrates authentication, assignment, vehicle, duty-time, hazmat-manifest, and dispatch prompts.",2026-08-09
SRC-GDRIVE-FILE-0008,FORGE P&D Application Guide 3.00 pages 62-72,KNO-DEL-MISDELIVERY-RECOVERY-001,Misdelivery recovery and same-day redelivery sequence,2026-08-08
SRC-GDRIVE-FILE-0008,FORGE P&D Application Guide 3.00 pages 73-76,KNO-DEL-SIG-ISR-001,"Demonstrates indirect-delivery selection, address entry, door-tag capture, and close prompts",2026-08-09
SRC-GDRIVE-FILE-0008,FORGE P&D Application Guide 3.00 pages 8-10,KNO-FORGE-FIRST-LAUNCH-001,"Shows first-launch permission sequence, repeated prompts, and app unavailability until permissions are allowed.",2026-08-09
SRC-GDRIVE-FILE-0008,FORGE 2.8.0 Application Guide page 83 — OP-201 requirement and no-OP-201 scenario,KNO-DEL-BUS-OP201-001,OP-201 requirement and introduction of the no-OP-201 scenario,2026-08-09
SRC-GDRIVE-FILE-0008,FORGE 2.8.0 Application Guide page 84 — business driver-release selection,KNO-DEL-BUS-OP201-001,Alternate Delivery and OP201 Business selection,2026-08-09
SRC-GDRIVE-FILE-0008,FORGE 2.8.0 Application Guide page 85 — no-OP-201 release path,KNO-DEL-BUS-OP201-001,Conflicting release path after the no-OP-201 warning,2026-08-09
SRC-GDRIVE-FILE-0009,FORGE Quick Start Guide page 1,KNO-FORGE-DEVICE-ROAD-001,Older safety warning against on-road device operation,2026-08-08
SRC-GDRIVE-FILE-0010,FORGE Settings 2.0.0 page 5 — older camera-scan corroboration,KNO-FORGE-CAMERA-SCAN-001,Older corroboration only; current FORGE 2.8.0 guide controls camera-scan workflow,2026-08-09
SRC-GDRIVE-FILE-0010,FORGE Settings page 2,KNO-FORGE-AUDIO-ALERTS-001,Version-specific required audio notification behavior,2026-08-08
SRC-GDRIVE-FILE-0010,FORGE Settings page 6,KNO-FORGE-DEVICE-INFO-001,Shows the older Settings About/version-information path.,2026-08-09
SRC-GDRIVE-FILE-0010,FORGE Settings pages 1 and 3-4,KNO-FORGE-DISPLAY-NAV-SETTINGS-001,Defines Settings entry points and navigation/map/stop-list display preferences in FORGE 2.0.0.,2026-08-09
SRC-GDRIVE-FILE-0011,Single image page: completed Delivery Record examples and code tables,KNO-DOC-HANDSHEET-001,Worked hand-sheet examples with unresolved source identity and revision,2026-08-08
SRC-GDRIVE-FILE-0012,Single image page: manual sheeting barcode and Delivery Record notation guide,KNO-DOC-HANDSHEET-001,"Manual-sheet fields, barcode examples, and notation with unresolved source identity and revision",2026-08-08
SRC-GDRIVE-FILE-0013,"Manifest Preview 4.5.0 guide, pages 7-12",KNO-FORGE-MANIFEST-PREVIEW-001,Predispatch misload missing add and sequencing behavior,2026-08-08
SRC-GDRIVE-FILE-0013,Manifest Preview guide pages 2-3,KNO-FORGE-MANIFEST-PERMISSIONS-001,Version-specific permission-gated availability,2026-08-08
SRC-GDRIVE-FILE-0013,Manifest Preview guide pages 4-6 and 13-14,KNO-FORGE-MANIFEST-SEARCH-001,"Defines summary, expand, map prerequisite, premium filters, and search by address/shipper/SID.",2026-08-09
SRC-GDRIVE-FILE-0014,OP-117 page 12,KNO-DEL-SIG-ASR-001,"Defines ASR age, labeled-address signature, government-ID check, no-release rules, and the no-signer attempt branch",2026-08-09
SRC-GDRIVE-FILE-0014,OP-117 page 12,KNO-DEL-SIG-ISR-001,Defines ISR authorization sources and the signature-service unsuccessful-attempt branch,2026-08-09
SRC-GDRIVE-FILE-0014,OP-117 page 13,KNO-DEL-ALCOHOL-001,Alcohol-label forms ID signature release intoxication failed-attempt notice and penalty warning,2026-08-09
SRC-GDRIVE-FILE-0014,OP-117 page 14,KNO-DEL-PREMIUM-WINDOW-001,Premium-service family and requested-service requirement,2026-08-09
SRC-GDRIVE-FILE-0014,OP-117 page 14,KNO-DEL-SIG-ASR-001,Defines apartment/mailroom/central-receiving ASR conditions and continued age verification,2026-08-09
SRC-GDRIVE-FILE-0014,OP-117 page 15,KNO-DEL-PREMIUM-WINDOW-001,"Appointment, Date Certain, Evening, and initial Time Definite rules",2026-08-09
SRC-GDRIVE-FILE-0014,OP-117 page 16,KNO-DEL-PREMIUM-WINDOW-001,Time Definite service-specific commit distinctions,2026-08-09
SRC-GDRIVE-FILE-0014,OP-117 page 19,KNO-DEL-DOORTAG-001,"Defines door-tag purpose, checkbox/signature-strip handling, barcode linkage, qualifying scenarios, prohibited placements, main-entrance placement, and PPODA prompt",2026-08-09
SRC-GDRIVE-FILE-0014,OP-117 page 19,KNO-DEL-SIG-ISR-001,"Defines door-tag scanning, placement, and PPODA prompts",2026-08-09
SRC-GDRIVE-FILE-0014,OP-117 page 20,KNO-DEL-DOORTAG-001,"Defines indirect-delivery location notation, tag scanning, and placement at the original recipient's primary entrance",2026-08-09
SRC-GDRIVE-FILE-0014,OP-117 page 20,KNO-DEL-SIG-ISR-001,"Defines indirect delivery, alternate-address entry, signature, and recipient door-tag notification",2026-08-09
SRC-GDRIVE-FILE-0014,OP-117 page 22,KNO-DEL-SIG-ISR-001,"Defines signed-door-tag eligibility, safe release, ALT/name/photo steps, and physical-tag return",2026-08-09
SRC-GDRIVE-FILE-0014,OP-117 page 23,KNO-DEL-DOORTAG-001,Defines the photography-restricted-location screen used to bypass photo capture,2026-08-09
SRC-GDRIVE-FILE-0014,OP-117 page 23,KNO-DEL-SIG-ISR-001,Defines paper and digital SRA concepts and the barcoded/non-barcoded split,2026-08-09
SRC-GDRIVE-FILE-0014,OP-117 page 24,KNO-DEL-SIG-ISR-001,Defines non-barcoded SRA processing and check-in,2026-08-09
SRC-GDRIVE-FILE-0014,OP-117 page 25,KNO-DEL-SIG-ISR-001,Defines barcoded SRA processing and the Electronic Signature Received intercept/icon,2026-08-09
SRC-GDRIVE-FILE-0014,OP-117 page 28,KNO-DEL-SAFEPLACE-001,"Ordinary residential recipient-not-home release, indirect, and later-attempt options",2026-08-09
SRC-GDRIVE-FILE-0014,OP-117 page 29,KNO-DEL-LOCKER-FAIL-001,"Current locker eligibility, status, failure recovery, access-code security, and placement prohibition",2026-08-09
SRC-GDRIVE-FILE-0014,OP-117 page 30,KNO-DEL-PLACEMENT-HAZARD-001,"Secure placement, mailbox prohibition, and PPOD applicability",2026-08-09
SRC-GDRIVE-FILE-0014,OP-117 page 30,KNO-DEL-PPOD-001,"Defines residential PPOD applicability, Met Customer exception, actual-location capture, and customer visibility",2026-08-09
SRC-GDRIVE-FILE-0014,OP-117 page 30,KNO-DEL-SAFEPLACE-001,"Secure placement, mailbox, and residential PPOD rules",2026-08-09
SRC-GDRIVE-FILE-0014,OP-117 page 31,KNO-DEL-DOORTAG-001,Corroborates completed/scanned indirect-delivery tag placement in plain sight at the primary entrance and prohibits placement on the package,2026-08-09
SRC-GDRIVE-FILE-0014,OP-117 page 31,KNO-DEL-PLACEMENT-HAZARD-001,Required PPOD capture and completion,2026-08-09
SRC-GDRIVE-FILE-0014,OP-117 page 31,KNO-DEL-PPOD-001,"Defines capture, delete/recapture, required-photo warning, and completion sequence",2026-08-09
SRC-GDRIVE-FILE-0014,OP-117 page 31,KNO-DEL-SAFEPLACE-001,Indirect-delivery door-tag placement,2026-08-09
SRC-GDRIVE-FILE-0014,OP-117 page 32,KNO-DEL-ALCOHOL-001,ASR age labeled-address signature government-ID scan and no-release requirements,2026-08-09
SRC-GDRIVE-FILE-0014,OP-117 page 32,KNO-DEL-SIG-ASR-001,"Defines ASR age, address, ID scan, signature, and no driver/indirect release requirements",2026-08-09
SRC-GDRIVE-FILE-0014,OP-117 page 33,KNO-DEL-ALCOHOL-001,ID-refusal disposition and limited manual-verification contingency,2026-08-09
SRC-GDRIVE-FILE-0014,OP-117 page 33,KNO-DEL-SIG-ASR-001,Defines ID refusal disposition and the limited manual DOB/visual-verification contingency,2026-08-09
SRC-GDRIVE-FILE-0014,OP-117 page 34,KNO-DEL-ALCOHOL-001,Unavailable-signer status and Shipment Status Door Tag requirements,2026-08-09
SRC-GDRIVE-FILE-0014,OP-117 page 34,KNO-DEL-DOORTAG-001,Defines recipient-not-in status/tag expectations and PPODA image-content requirements,2026-08-09
SRC-GDRIVE-FILE-0014,OP-117 page 34,KNO-DEL-PLACEMENT-HAZARD-001,"No-safe-place documentation, return, and PPODA applicability",2026-08-09
SRC-GDRIVE-FILE-0014,OP-117 page 34,KNO-DEL-PPOD-001,"Defines PPODA status scope, door-tag/location subject, context, clarity, people, and residential-sensitive-information rules",2026-08-09
SRC-GDRIVE-FILE-0014,OP-117 page 34,KNO-DEL-SAFEPLACE-001,No-safe-place neighbor and unsuccessful-return branch,2026-08-09
SRC-GDRIVE-FILE-0014,OP-117 page 34,KNO-DEL-SIG-ASR-001,"Defines the no-signer non-delivery status, door-tag, and PPODA branch",2026-08-09
SRC-GDRIVE-FILE-0014,OP-117 page 35,KNO-DEL-DOORTAG-001,Defines the PPODA capture/close sequence and restricted-location bypass,2026-08-09
SRC-GDRIVE-FILE-0014,OP-117 page 35,KNO-DEL-PLACEMENT-HAZARD-001,Prompted PPODA capture,2026-08-09
SRC-GDRIVE-FILE-0014,OP-117 page 35,KNO-DEL-PPOD-001,"Defines PPODA completion/restricted-location handling and business PPODB applicability, placement subject, public-signage, restricted-entrance privacy, and context rules",2026-08-09
SRC-GDRIVE-FILE-0014,OP-117 page 35,KNO-DEL-SAFEPLACE-001,Prompted PPODA capture and restricted-location bypass,2026-08-09
SRC-GDRIVE-FILE-0014,OP-117 page 45,KNO-DEL-SENSEAWARE-TAG-001,Current SenseAware ID removal timing recipient handoff and station return,2026-08-09
SRC-GDRIVE-FILE-0014,OP-117 page 46,KNO-DEL-ATTEMPT-LIMIT-001,Establishes QA handoff after three unsuccessful attempts and preserves the possibility of approved further attempts.,2026-08-09
SRC-GDRIVE-FILE-0014,OP-117 page 46,KNO-DEL-BARCODE-001,Missing/00 barcode decision,2026-08-08
SRC-GDRIVE-FILE-0014,OP-117 page 46,KNO-DEL-PLACEMENT-HAZARD-001,Code 007 and station return when release options are unavailable,2026-08-09
SRC-GDRIVE-FILE-0014,OP-117 page 46,KNO-DEL-SAFEPLACE-001,"Neighbor eligibility, signature, location, door tag, code 007, and return sequence",2026-08-09
SRC-GDRIVE-FILE-0014,OP-117 page 46,KNO-DEL-SIG-ISR-001,"Defines neighbor-signature, indirect-location, door-tag, unsuccessful-status, and after-three-attempt QA branches",2026-08-09
SRC-GDRIVE-FILE-0014,OP-117 page 46,KNO-FORGE-COMMENT-SCOPE-001,Current damage Package Comment path,2026-08-08
SRC-GDRIVE-FILE-0014,OP-117 page 36,KNO-FORGE-EDIT-ADDRESS-001,Status Code 002 definition,2026-08-09
SRC-GDRIVE-FILE-0014,OP-117 page 40,KNO-FORGE-EDIT-ADDRESS-001,Undelivered-package notation fields,2026-08-09
SRC-GDRIVE-FILE-0014,OP-117 page 46,KNO-FORGE-EDIT-ADDRESS-001,Entered-ZIP correction and recipient-moved code-002 return,2026-08-09
SRC-GDRIVE-FILE-0014,OP-117 page 49,KNO-PUP-UNLISTED-001,"Pickup selection, listed matching, assignment, and Not on List branch",2026-08-09
SRC-GDRIVE-FILE-0014,OP-117 page 50,KNO-PUP-UNLISTED-001,"Address acceptance, premium prompt, stop type, and close initiation",2026-08-09
SRC-GDRIVE-FILE-0014,OP-117 page 51,KNO-PUP-UNLISTED-001,"Stop type, package count, and close summary",2026-08-09
SRC-GDRIVE-FILE-0014,OP-117 page 66,KNO-PUP-OFFER-DECLINE-001,Pickup Offer acceptance and undefined decline limitation,2026-08-08
SRC-GDRIVE-FILE-0014,OP-117 page 68,KNO-PUP-PRR-001,Pickup Research Request facts and response,2026-08-08
SRC-GDRIVE-FILE-0014,OP-117 page 68,KNO-PUP-UNLISTED-001,Unlisted pickup may still be serviced,2026-08-09
SRC-GDRIVE-FILE-0014,OP-117 page 69,KNO-PUP-SCAN-INTEGRITY-001,Pickup-time scans customer-location reconciliation and Status Code 26 manual-update scanner-failure branch,2026-08-09
SRC-GDRIVE-FILE-0014,OP-117 page 82,KNO-SEC-FACILITY-VEHICLE-001,Personal-vehicle parking and Alternative Vehicle facility-entry conditions,2026-08-08
SRC-GDRIVE-FILE-0014,OP-117 page 84,KNO-COMMS-MEDIA-001,Current FedEx-premises recording prohibition,2026-08-08
SRC-GDRIVE-FILE-0014,"OP-117 pages 12-13, 19, 34-35, and 46",KNO-DEL-SIG-DSR-001,DSR signature location and unsuccessful-attempt path,2026-08-08
SRC-GDRIVE-FILE-0014,OP-117 pages 20-22 and 46,KNO-DEL-APT-001,Accessible apartment attempt followed by indirect delivery,2026-08-08
SRC-GDRIVE-FILE-0014,OP-117 pages 40-41,KNO-DEL-DISPUTE-PREVENTION-001,"Disputed-delivery prevention, scanning integrity, indirect delivery, and door-tag requirements",2026-08-08
SRC-GDRIVE-FILE-0014,OP-117 pages 44-45,KNO-DEL-HAL-UNABLE-001,Code 250 reasons and after-close OP-406 QA-return sequence,2026-08-08
SRC-GDRIVE-FILE-0014,OP-117 page 47,KNO-PUP-PACKAGING-001,Shipper packaging responsibility marking and new-condition expectation,2026-08-09
SRC-GDRIVE-FILE-0014,OP-117 page 48,KNO-PUP-PACKAGING-001,Defects old-label coverage sealing and recurring concern notification,2026-08-09
SRC-GDRIVE-FILE-0014,OP-117 page 69,KNO-PUP-PACKAGING-001,Sturdy cardboard all-seam tape not-advisable caution and customer referral,2026-08-09
SRC-GDRIVE-FILE-0014,OP-117 pages 52-54,KNO-PUP-CALLTAG-NOTREADY-001,Call tag not ready and no same-day return,2026-08-08
SRC-GDRIVE-FILE-0014,OP-117 pages 65-66 and 69,KNO-PUP-WRONG-WA-001,Predispatch versus postdispatch pickup transfer,2026-08-08
SRC-GDRIVE-FILE-0014,OP-117 pages 65-69,KNO-PUP-WINDOW-RISK-001,Pickup-window update and CXPC alert branch,2026-08-08
SRC-GDRIVE-FILE-0014,OP-117 pages 77 and 80,KNO-HAZ-LEAK-001,Leaking/damaged hazmat on-route emergency,2026-08-08
SRC-GDRIVE-FILE-0014,OP-117 pages 8-10,KNO-HOS-DUTY-LIMITS-001,On-duty/driving classification and normal HOS framework,2026-08-08
SRC-GDRIVE-FILE-0014,OP-117 pages 83-84,KNO-SEC-WEAPONS-SCREENING-001,"Weapons prohibition, screening, and denied-access rules",2026-08-08
SRC-GDRIVE-FILE-0014,OP-117 pages 9-10,KNO-HOS-SHORT-ADVERSE-001,"Short-haul, reporting-location, 16-hour, and adverse-condition branches",2026-08-08
SRC-GDRIVE-FILE-0014,OP-117 v2 page 11 — incorrect-scan deletion,KNO-FORGE-DELETE-SCAN-001,Current OP-117 wrong-scan Delete Scan action,2026-08-09
SRC-GDRIVE-FILE-0014,OP-117 v2 page 12 — misdelivery and redelivery distinction,KNO-FORGE-DELETE-SCAN-001,Current OP-117 actual-misdelivery/redelivery distinction,2026-08-09
SRC-GDRIVE-FILE-0014,OP-117 v2 page 14,KNO-DEL-TOBACCO-001,Tobacco/vape prohibition consumer rule and station escalation,2026-08-08
SRC-GDRIVE-FILE-0014,OP-117 v2 page 16 — classification tracking requirement,KNO-DEL-CLASSIFICATION-001,Current classification tracking requirement,2026-08-09
SRC-GDRIVE-FILE-0014,"OP-117 v2 page 17 — definitions, mixed-location examples, and fallback",KNO-DEL-CLASSIFICATION-001,"Current definitions, mixed-location branches, and Business fallback",2026-08-09
SRC-GDRIVE-FILE-0014,OP-117 v2 page 18 — commercial examples,KNO-DEL-CLASSIFICATION-001,Current commercial examples,2026-08-09
SRC-GDRIVE-FILE-0014,OP-117 v2 page 27 — Driver release authorized by the shipper,KNO-DEL-SHIPPER-RELEASE-001,"Current advance-enrolled-shipper, no-signature, status-removal, release, and door-tag workflow",2026-08-09
SRC-GDRIVE-FILE-0014,OP-117 v2 page 34 — no hazmat driver release and recipient-unavailable attempt handling,KNO-DEL-HAZMAT-SIGNATURE-001,Current no-driver-release and recipient-unavailable attempt branch,2026-08-09
SRC-GDRIVE-FILE-0014,OP-117 v2 page 35 — PPODA capture and restricted-location bypass,KNO-DEL-HAZMAT-SIGNATURE-001,Current PPODA and restricted-location branch,2026-08-09
SRC-GDRIVE-FILE-0014,OP-117 v2 page 36,KNO-DEL-DAMAGE-INSPECTION-001,Possible-damage inspection code and station-return requirement,2026-08-08
SRC-GDRIVE-FILE-0014,OP-117 v2 page 36,KNO-DEL-REFUSED-001,Ordinary recipient-refusal status-code condition and source-scope limit,2026-08-08
SRC-GDRIVE-FILE-0014,OP-117 v2 page 36,KNO-DEL-SECURITY-NODELIVERY-001,Security-prevented no-delivery code and station-return requirement,2026-08-08
SRC-GDRIVE-FILE-0014,OP-117 v2 page 38,KNO-DEL-DAMAGE-INSPECTION-001,Restricted call-tag damage leak hazmat and packaging refusal branch,2026-08-09
SRC-GDRIVE-FILE-0014,OP-117 v2 page 39,KNO-DEL-SECURITY-NODELIVERY-001,Security-delay distinction Express-only code 364 and Ground informational limit,2026-08-09
SRC-GDRIVE-FILE-0014,OP-117 v2 page 40,KNO-DEL-DAMAGE-INSPECTION-001,Undelivered-package notation fields and status consistency,2026-08-08
SRC-GDRIVE-FILE-0014,OP-117 v2 page 40,KNO-DEL-NOTATION-001,Undelivered-package notation and code-100 marking,2026-08-08
SRC-GDRIVE-FILE-0014,OP-117 v2 page 40,KNO-DEL-SECURITY-NODELIVERY-001,Undelivered-package notation fields and status consistency,2026-08-08
SRC-GDRIVE-FILE-0014,OP-117 v2 page 42 — HAL label identification context,KNO-DEL-HAL-NONHAL-TRANSFER-001,Current HAL label-identification context,2026-08-09
SRC-GDRIVE-FILE-0014,OP-117 v2 page 42 — direct HAL label identification,KNO-DEL-HAL-DELIVERY-001,Current direct-HAL identification,2026-08-09
SRC-GDRIVE-FILE-0014,OP-117 v2 page 43 — HAL/RTH designation and mixed-stop screen context,KNO-DEL-HAL-NONHAL-TRANSFER-001,Current HAL/RTH designation and mixed-stop context,2026-08-09
SRC-GDRIVE-FILE-0014,"OP-117 v2 page 43 — RTH address, manifest, code 095, and location categories",KNO-DEL-HAL-DELIVERY-001,"Current RTH address, manifest, status, categories, and Other Location branch",2026-08-09
SRC-GDRIVE-FILE-0014,OP-117 v2 page 44,KNO-DOC-HANDSHEET-001,Current HAL-only OP-207/OP-207Res outage contingency and tablet-flap reference,2026-08-08
SRC-GDRIVE-FILE-0014,OP-117 v2 page 44 — HAL hand-sheet source limit,KNO-DEL-HAL-DELIVERY-001,Current outage hand-sheet source limit only,2026-08-09
SRC-GDRIVE-FILE-0014,OP-117 v2 page 44 — non-HAL transfer decision and retain-original branch,KNO-DEL-HAL-NONHAL-TRANSFER-001,Current non-HAL high-confidence transfer and retain-original branches,2026-08-09
SRC-GDRIVE-FILE-0014,OP-117 v2 page 46 — missing and 00 barcode contingencies,KNO-FORGE-MANUAL-BARCODE-001,Missing-barcode return and exact 00/2D/96 barcode contingency,2026-08-09
SRC-GDRIVE-FILE-0014,OP-117 v2 page 53,KNO-PUP-CALLTAG-SUCCESS-001,Successful call-tag label status and receipt,2026-08-08
SRC-GDRIVE-FILE-0014,OP-117 v2 page 54,KNO-PUP-CALLTAG-REFUSED-001,Refused call-tag documentation and check-in,2026-08-08
SRC-GDRIVE-FILE-0014,OP-117 v2 page 6,KNO-ETH-FALSIFICATION-001,Falsification examples and agreement significance,2026-08-08
SRC-GDRIVE-FILE-0014,OP-117 v2 page 61,KNO-PUP-DROPBOX-CONNECTION-001,"Not-available branch, CXPC determination, and controlled manual-combination entry",2026-08-09
SRC-GDRIVE-FILE-0014,OP-117 v2 page 64,KNO-PUP-DROPBOX-EARLY-LAST-001,"Early Last Pickup application, connection, and scan-and-close completion",2026-08-09
SRC-GDRIVE-FILE-0014,OP-117 v2 page 64,KNO-PUP-DROPBOX-SERIAL-001,Listed-pickup serial scan/manual entry and DONE recording,2026-08-09
SRC-GDRIVE-FILE-0014,OP-117 v2 page 69,KNO-PUP-SCANNER-FAIL-001,Pickup scanner failure code and manual update data,2026-08-08
SRC-GDRIVE-FILE-0014,OP-117 v2 page 69,KNO-PUP-VEHICLE-CAPACITY-001,Insufficient pickup vehicle capacity escalation,2026-08-08
SRC-GDRIVE-FILE-0014,OP-117 v2 page 69 — delivery/pickup combo-stop rule,KNO-FORGE-COMBO-STOP-001,Current same-location delivery/pickup combo-stop rule,2026-08-09
SRC-GDRIVE-FILE-0014,OP-117 v2 page 7,KNO-DOT-ROADSIDE-REPORT-001,Roadside inspection report handoff,2026-08-08
SRC-GDRIVE-FILE-0014,OP-117 v2 page 70 — single/multiple-stop scenario table,KNO-FORGE-COMBO-STOP-001,"Current apartment, locker, commercial, combo, retail/HAL, Walmart, and unsuccessful stop table",2026-08-09
SRC-GDRIVE-FILE-0014,OP-117 v2 page 71,KNO-PUP-ZERO-001,No-advance one-stop versus CXPC advance-notice zero-stop distinction and appropriate reason code,2026-08-09
SRC-GDRIVE-FILE-0014,OP-117 v2 page 73,KNO-HAZ-RADIOACTIVE-WET-001,Radioactive III and Dangerous When Wet special-pickup rule,2026-08-08
SRC-GDRIVE-FILE-0014,OP-117 v2 page 80,KNO-HAZ-SF136-001,Special Permit 14691 hazmat return,2026-08-08
SRC-GDRIVE-FILE-0014,OP-117 v2 page 81,KNO-ETH-FALSIFICATION-001,Fraudulent badge/use prohibition,2026-08-08
SRC-GDRIVE-FILE-0014,"OP-117 v2 page 81 — current badge display, entry, and other-person-badge prohibition",KNO-CX-APPEARANCE-001,"Current badge display, entry, and other-badge prohibition",2026-08-09
SRC-GDRIVE-FILE-0014,OP-117 v2 page 82 — temporary and replacement badge processes,KNO-CX-APPEARANCE-001,Current temporary/replacement badge paths,2026-08-09
SRC-GDRIVE-FILE-0014,OP-117 v2 page 84,KNO-SEC-STOLEN-VEHICLE-001,Driver/personnel GSOC-first source branch,2026-08-08
SRC-GDRIVE-FILE-0014,OP-117 v2 page 84 — Security of packages,KNO-SEC-ROUTE-001,Continuous package-security and vehicle theft-prevention controls,2026-08-09
SRC-GDRIVE-FILE-0014,OP-117 v2 page 84 — stolen-vehicle reporting sequence,KNO-SEC-INCIDENT-REPORT-001,One stolen-vehicle caller/order branch supporting deferral to the conflict record,2026-08-09
SRC-GDRIVE-FILE-0014,OP-117 v2 page 85 — Violence prevention awareness,KNO-SEC-INCIDENT-REPORT-001,"Violence/threat definition, immediate reporting, source-defined channels, and emergency 9-1-1",2026-08-09
SRC-GDRIVE-FILE-0014,OP-117 v2 page 86 — Reporting of security incidents / FedEx Alert Line,KNO-SEC-INCIDENT-REPORT-001,"Incident types, immediate FedEx reporting channels, Alert Line availability, and incident-number retention",2026-08-09
SRC-GDRIVE-FILE-0014,OP-117 v2 page 87 — Personal security / After a situation,KNO-SEC-INCIDENT-REPORT-001,"Personal safety, no-property resistance, emergency contact, witnesses, and descriptive observations",2026-08-09
SRC-GDRIVE-FILE-0014,OP-117 v2 page 87 — Security awareness,KNO-SEC-ROUTE-001,"Working-lock, pre-trip, parking, awareness, blocked-vision, confrontation, and after-situation precautions",2026-08-09
SRC-GDRIVE-FILE-0014,OP-117 v2 pages 23 and 47,KNO-DEL-OP206-001,Manual signature release card sequence,2026-08-08
SRC-GDRIVE-FILE-0014,OP-117 v2 pages 23-25,KNO-DEL-SRA-001,Barcoded and non-barcoded SRA processing,2026-08-08
SRC-GDRIVE-FILE-0014,OP-117 v2 page 26 — recipient-authorized business release,KNO-DEL-BUS-OP201-001,Recipient OP-201 workflow and on-file confirmation,2026-08-09
SRC-GDRIVE-FILE-0014,OP-117 v2 page 27 — no-OP-201 prohibition and shipper exception,KNO-DEL-BUS-OP201-001,No-release branch and separate enrolled-shipper exception,2026-08-09
SRC-GDRIVE-FILE-0014,OP-117 v2 pages 29-30 — Driver releasing a package / Secure location,KNO-DEL-SHIPPER-RELEASE-001,Current secure-location and reasonable-delivery-instruction controls for driver release,2026-08-09
SRC-GDRIVE-FILE-0014,OP-117 v2 pages 40-41,KNO-DEL-SCAN-INTEGRITY-001,Actual-location/time scanning and pre-scan prohibition,2026-08-08
SRC-GDRIVE-FILE-0014,OP-117 v2 pages 53-54 and 81,KNO-PUP-CALLTAG-RESTRICTED-001,Restricted and hazardous-material call-tag refusal,2026-08-08
SRC-GDRIVE-FILE-0014,OP-117 v2 pages 54-55,KNO-PUP-SENSEAWARE-NOHEALTHY-001,SenseAware pickup exception handling,2026-08-08
SRC-GDRIVE-FILE-0014,OP-117 v2 pages 56-58,KNO-PUP-DROPBOX-CONNECTION-001,"Listed/unlisted scope, NFC primary workflow, device-capability display, positioning, and successful opening",2026-08-09
SRC-GDRIVE-FILE-0014,OP-117 v2 pages 59-60,KNO-PUP-DROPBOX-CONNECTION-001,"NFC retries and BLE transition; BLE activation, positioning, timeout, retries, and assistance branch",2026-08-09
SRC-GDRIVE-FILE-0014,OP-117 v2 page 6,KNO-INC-ACCIDENT-REPORT-001,Accident response reporting OP-130 and evidence preservation,2026-08-08
SRC-GDRIVE-FILE-0014,OP-117 v2 pages 61-63,KNO-PUP-DROPBOX-SETTINGS-001,"Complete setup/update sequence, serial, times, send, FINISH, and no-modification behavior",2026-08-09
SRC-GDRIVE-FILE-0014,OP-117 v2 pages 61-64,KNO-PUP-DROPBOX-CONNECTION-001,"Connection sequence reused by setup, holiday-closing, and early-last-pickup workflows",2026-08-09
SRC-GDRIVE-FILE-0014,OP-117 v2 pages 61-64,KNO-PUP-DROPBOX-SCHEDULE-001,Mechanical workflows present but role-based change authority not stated,2026-08-09
SRC-GDRIVE-FILE-0014,OP-117 v2 pages 63-64,KNO-PUP-DROPBOX-HOLIDAY-001,"Holiday date selection/confirmation, connection update, and no-modification warning",2026-08-09
SRC-GDRIVE-FILE-0014,OP-117 v2 pages 68-69,KNO-DEL-DAMAGE-INSPECTION-001,Separate pickup packaging acceptance and damage-risk branch,2026-08-09
SRC-GDRIVE-FILE-0014,OP-117 v2 pages 71 and 81,KNO-HAZ-AKHI-001,Alaska and Hawaii hazmat prohibition,2026-08-08
SRC-GDRIVE-FILE-0014,OP-117 v2 page 72,KNO-HAZ-ACCEPTANCE-001,Hazmat pickup package and certification acceptance checks,2026-08-09
SRC-GDRIVE-FILE-0014,OP-117 v2 page 73,KNO-HAZ-ACCEPTANCE-001,Hazmat rejection and shipper hotline branch plus repeated acceptance checks,2026-08-09
SRC-GDRIVE-FILE-0014,OP-117 v2 page 75,KNO-HAZ-ACCEPTANCE-001,Fully regulated hazmat certification-copy custody and station return,2026-08-09
SRC-GDRIVE-FILE-0014,OP-117 v2 page 77,KNO-HAZ-ACCEPTANCE-001,Hazmat package identification and end-of-day station return,2026-08-09
SRC-GDRIVE-FILE-0014,OP-117 v2 page 78,KNO-HAZ-ACCEPTANCE-001,Hazmat paperwork exceptions rejection and certification content,2026-08-09
SRC-GDRIVE-FILE-0014,OP-117 v2 page 73,KNO-HAZ-LOAD-PAPERS-001,Baseline loading paperwork access and SIG/CDL escalation,2026-08-09
SRC-GDRIVE-FILE-0014,OP-117 v2 page 79,KNO-HAZ-LOAD-PAPERS-001,Paperwork relay loading weight and return details,2026-08-09
SRC-GDRIVE-FILE-0014,OP-117 v2 pages 76 and 80,KNO-HAZ-MANIFEST-001,Hazmat manifest and outage-transfer contingency,2026-08-08
SRC-GDRIVE-FILE-0014,OP-117 v2 pages 77 and 80,KNO-DEL-DAMAGE-INSPECTION-001,Separate leaking or damaged hazardous-material emergency and station-contact branch,2026-08-09
SRC-GDRIVE-FILE-0014,OP-117 v2 pages 81-82,KNO-SEC-LOST-BADGE-001,Forgotten lost replaced and found badge branches,2026-08-08
SRC-GDRIVE-FILE-0014,OP-117 v2 pages 85-86,KNO-SEC-ACTIVE-THREAT-001,Active-threat response sequence,2026-08-08
SRC-GDRIVE-FILE-0014,OP-117 v2 page 86,KNO-SEC-STOLEN-VEHICLE-001,Safe emergency call timing and general security-reporting channels,2026-08-09
SRC-GDRIVE-FILE-0014,OP-117 v2 page 87,KNO-SEC-STOLEN-VEHICLE-001,Personal-safety and post-confrontation witness/description actions,2026-08-09
SRC-GDRIVE-FILE-0015,Package Placement Quick Reference page 2,KNO-DEL-PLACEMENT-HAZARD-001,Placement-hazard and failed-release summary,2026-08-09
SRC-GDRIVE-FILE-0016,"Personnel Qualification Verification Flow, full page",KNO-QUAL-L10-ACTIVATION-001,L10 ISP driver qualification and activation stages,2026-08-08
SRC-MGB-DOC-0006,"OP-130 page 1, steps 1-8",KNO-INC-ACCIDENT-REPORT-001,Current detailed accident-scene sequence linked to the general reporting record,2026-08-08
SRC-MGB-DOC-0006,"OP-130 page 1, steps 1-8",KNO-INC-ACCIDENT-SCENE-001,"Immediate accident scene sequence, contacts, evidence, protection, scene hold, and documentation",2026-08-08
SRC-MGB-DOC-0007,"OP-132 single page, Rev 8/2025",KNO-INC-ACCIDENT-SCENE-001,"Passenger/other-driver/witness form roles, injury, contact, remarks, and signature fields",2026-08-08
SRC-MGB-DOC-0011,Dog Bite Prevention page 2,KNO-SAF-DOG-ENCOUNTER-001,Route-interaction context and any-dog-can-bite warning,2026-08-09
SRC-MGB-DOC-0011,Dog Bite Prevention page 3,KNO-SAF-DOG-ENCOUNTER-001,"Unfamiliar-dog avoidance, appearance limits, and disposition warning",2026-08-09
SRC-MGB-DOC-0011,Dog Bite Prevention page 4,KNO-SAF-DOG-ENCOUNTER-001,Approaching-dog response sequence,2026-08-09
SRC-MGB-DOC-0011,Dog Bite Prevention page 5,KNO-SAF-DOG-ENCOUNTER-001,"Knockdown protection, object barrier, package contingency, and breed-risk limit",2026-08-09
SRC-MGB-DOC-0011,Dog Bite Prevention page 6,KNO-SAF-DOG-ENCOUNTER-001,"Post-wound vaccination, contact, cleaning, medical, veterinarian, and animal-control steps",2026-08-09
SRC-MGB-DOC-0011,Dog Bite Prevention pages 1-7 — complete review boundary,KNO-SAF-DOG-ENCOUNTER-001,"Complete-review boundary confirming no delivery status, package disposition, or internal business-reporting procedure is stated",2026-08-09
SRC-MGB-PAGE-0002,Leaking-package response and ERG sections,KNO-HAZ-LEAK-001,Current leaking-hazmat emergency corroboration,2026-08-08
SRC-MGB-PAGE-0002,Required hazmat documentation section,KNO-HAZ-LOAD-PAPERS-001,Current certification ERG manifest outage and seat requirements,2026-08-09
SRC-MGB-PAGE-0002,Placarding section,KNO-HAZ-LOAD-PAPERS-001,Current weight calculation and exceptions,2026-08-09
SRC-MGB-PAGE-0002,"Blocking, bracing, loading section",KNO-HAZ-LOAD-PAPERS-001,Current floor rear separation and bracing requirements,2026-08-09
SRC-MGB-PAGE-0002,"FedEx station/hub hazmat handling, check-in section",KNO-HAZ-LOAD-PAPERS-001,Current station-return certification handoff,2026-08-09
SRC-MGB-PAGE-0002,"P&D manifest, outage, and facility check-in sections",KNO-HAZ-MANIFEST-001,Current manifest and outage corroboration,2026-08-08
SRC-MGB-PAGE-0002,Pickup acceptance and certification sections,KNO-HAZ-ACCEPTANCE-001,Current acceptance-check corroboration,2026-08-08
SRC-MGB-PAGE-0002,Prohibited pickup section,KNO-HAZ-RADIOACTIVE-WET-001,Current Division 4.3 and Radioactive Yellow III prohibition,2026-08-08
SRC-MGB-PAGE-0004,Qualification Certification (L10 and above) section,KNO-QUAL-L10-ACTIVATION-001,Vehicle-type scope and 24-month expiration,2026-08-09
SRC-MGB-PAGE-0004,Complete visible P&D qualification-certification page — Qualification Certification (L10 and above) section,KNO-QUAL-RECERT-001,Twenty-four-month expiration rule and separate CDL-condition warning,2026-08-08
SRC-MGB-PAGE-0005,Newly onboarded drivers and Observed Hours ride(s) sections,KNO-QUAL-L10-ACTIVATION-001,Pre-road gate sequence and observed-hours requirements,2026-08-09
SRC-MGB-PAGE-0005,Qualified Provider resources table,KNO-QUAL-L10-ACTIVATION-001,Road-test and qualification-completion record resources,2026-08-09
SRC-MGB-PAGE-0005,Qualified Observer section,KNO-QUAL-L10-ACTIVATION-001,MBA observer-eligibility verification,2026-08-09
SRC-MGB-PAGE-0005,"Re-Certification, Vehicle-based Qualifications, and Certified Trainer responsibilities sections",KNO-QUAL-L10-ACTIVATION-001,Recertification vehicle-size and recordkeeping requirements,2026-08-09
SRC-MGB-PAGE-0005,Complete visible Qualification Certification page — Qualified Observer section,KNO-QUAL-OBSERVER-001,Exact MBA navigation and Yes-result eligibility gate for a Qualified Observer,2026-08-08
SRC-MGB-PAGE-0005,Complete visible Qualification Certification page — Re-Certification and compliance-date paragraphs,KNO-QUAL-RECERT-001,Visible recertification stages and MBA compliance-date location,2026-08-08
SRC-MGB-PAGE-0005,Complete visible Qualification Certification page — Vehicle-based Qualifications paragraph,KNO-QUAL-VEHICLE-UPGRADE-001,"Larger-weight/size road-test requirement, same-size vehicle condition, and permitted administrator roles",2026-08-08
SRC-MGB-PAGE-0005,"Complete visible Qualification Certification page — newly assigned driver sequence, Observed Hours ride(s), and form link",KNO-QUAL-PD-SEQUENCE-001,"Prerequisite timing, 21-day window, eight-hour/two-day minimum, CMV-type and accompaniment conditions, and named observed-hours form",2026-08-08
SRC-MGB-PAGE-0006,Accident Reporting page updated 2025-10-13,KNO-INC-ACCIDENT-SCENE-001,Current accident document set and reporting information,2026-08-08
SRC-MGB-PAGE-0007,"Security page badge-display section, updated 2025-11-19",KNO-CX-APPEARANCE-001,Current portal badge-display corroboration,2026-08-09
SRC-MGB-PAGE-0007,"Security page, Enhanced trailer security measures for customer trailer pickups callout",KNO-LH-CUSTOMER-TRAILER-SECURITY-001,"All-customer-trailer-pickup scope, functioning combination lock, FedEx-provided plastic seal, transport condition, and code 1503",2026-08-09
SRC-MGB-PAGE-0007,"Security page, Vehicle security Important paragraph",KNO-SEC-STOLEN-VEHICLE-001,FedEx-representative GSOC-call source branch,2026-08-08
SRC-MGB-PAGE-0007,Vehicle security — Important stolen-vehicle paragraph,KNO-SEC-INCIDENT-REPORT-001,Current portal's different stolen-vehicle caller/order branch supporting deferral to the conflict record,2026-08-09
SRC-MGB-PAGE-0007,Vehicle security — agreement paragraph and vehicle-security-enhancement list,KNO-SEC-ROUTE-001,Current route-security controls and prevention measures,2026-08-09
SRC-MGB-PAGE-0007,Violence Prevention paragraph,KNO-SEC-INCIDENT-REPORT-001,"Current violence, threat, suspicious-action, station-staff, Security, and Alert Line reporting corroboration",2026-08-09
SRC-MGB-PAGE-0007,Violence Prevention paragraph,KNO-SEC-ROUTE-001,"Violence, threat, and suspicious-action reporting channels",2026-08-09
SRC-MGB-PAGE-0010,"Commercial customers to initiate requests for OP-201 page, published 2022-11-29",KNO-DEL-BUS-OP201-001,Recipient initiation and station verification of OP-201,2026-08-08
SRC-MGB-PAGE-0011,"Nov. 17 OP-201 page, published 2022-11-15",KNO-DEL-BUS-OP201-001,Current-valid OP-201 requirement and signature fallback,2026-08-08
SRC-MGB-PAGE-0011,"Shipper instructions to deliver on first attempt section, published 2022-11-15",KNO-DEL-SHIPPER-RELEASE-001,"Dated STAR special-shipper scope, signature exclusions, mixed-shipper limit, and non-current SRA-entry detail",2026-08-09
SRC-MGB-PAGE-0014,"CSA BASICs, Vehicle Maintenance paragraph",KNO-VEH-PRETRIP-DEFECT-001,Observable-defect correction before service,2026-08-08
SRC-MGB-PAGE-0014,"Hours of Service section, HOS for rentals",KNO-HOS-RENTAL-ELD-001,"Eight-day threshold, manual RODS, rental agreement, annotation, and ELD requirement",2026-08-08
SRC-MGB-PAGE-0014,"Hours of Service section, Unidentified Driving Events paragraphs",KNO-HOS-UDE-001,"UDE creation, inspection visibility, false-log significance, and reconciliation need",2026-08-08
SRC-MGB-PAGE-0017,"Trailer and Dolly Coupling page, responsibility and pintle-hook paragraphs",KNO-LH-COUPLING-BASIC-001,"Fifth-wheel/kingpin lock, pintle latch, and both safety chains",2026-08-08
SRC-MGB-PAGE-0019,Dry ice safety section,KNO-HAZ-DRY-ICE-001,"Ventilation, staging, exposure response, PPE, and indicators",2026-08-08
SRC-MGB-PAGE-0019,Heat illness section,KNO-SAFETY-HEAT-ILLNESS-001,"Symptoms, precautions, and 911 threshold",2026-08-08
SRC-MGB-PAGE-0020,"Complete Rental Vehicle Information page, updated 2026-01-09",KNO-VEH-RENTAL-PREP-001,"Rental eligibility, VEDR, documents, classifications, markings, security, and prohibitions",2026-08-08
SRC-MGB-PAGE-0021,"Certification, report, decal, and component sections",KNO-VEH-ANNUAL-INSPECTION-001,"Annual frequency, no-use rule, evidence, and inspection fields",2026-08-08
SRC-MGB-PAGE-0022,Complete California P&D 90-Day Periodic Inspections page,KNO-VEH-CA-90DAY-INSPECTION-001,"California scope, calculation, report, no-dispatch rule, and repair-site exception",2026-08-08
SRC-MGB-PAGE-0025,Eligibility and unusable-locker paragraphs; published 2024-05-09,KNO-DEL-LOCKER-FAIL-001,Residential driver-release/commercial eligibility and older staff-contact wording bounded by current OP-117,2026-08-09
SRC-MGB-PAGE-0025,Locker PPOD image quality section; published 2024-05-09,KNO-DEL-LOCKER-FAIL-001,Separate optional locker-photo framing and privacy rules referenced in More Info,2026-08-09
SRC-MGB-PAGE-0025,Locker PPOD image quality section; published 2024-05-09,KNO-DEL-PPOD-001,"Defines optional locker PPOD capture, inside-compartment/adjacent-compartment framing, privacy exclusions, and outside-locker prohibition",2026-08-09
SRC-MGB-PAGE-0034,"Complete visible Alternative Vehicle Operations page — definition, onboarding list, and Unit-number/placard readiness paragraph",KNO-VEH-ALT-ONBOARD-001,"Vehicle scope, conditional documents, required supporting materials, and minimum Unit-number/placard readiness gate",2026-08-09
SRC-MGB-PAGE-0035,"Complete visible page — regulations and guidance paragraph, Responsibilities section, and customer/FedEx no-verification branch",KNO-LH-TRAILER-DOCK-PULL-001,"Cargo/load checks, immediate dock/trailer verification, alternative checks, customer/FedEx escalation, and mandatory leave/do-not-pull outcome",2026-08-09
SRC-MGB-PAGE-0039,"Complete visible page — prerequisite paragraph, administrator-qualification paragraph, P&D road-test standards list, and Record of Road Test paragraph",KNO-QUAL-PD-ROADTEST-001,"Pre-assignment gate, prerequisites, administrator conditions, test components, ten-mile minimum, and Qualified Provider-supplied record requirement",2026-08-09
SRC-MGB-DOC-0008,"OP-135 page 1 upper visible region, Rev 9/2025",KNO-INC-ACCIDENT-SCENE-001,"Historical authenticated-render corroboration for driver, vehicle, VEDR, and accident-location fields",2026-08-09
SRC-MGB-DOC-0008,"OP-135 page 2 upper visible region, Rev 9/2025",KNO-INC-ACCIDENT-SCENE-001,"Historical authenticated-render corroboration for other-vehicle, driver, and passenger fields",2026-08-09
SRC-MGB-DOC-0008,"OP-135 page 3 upper visible region, Rev 9/2025",KNO-INC-ACCIDENT-SCENE-001,"Historical authenticated-render corroboration for third-vehicle and passenger fields",2026-08-09
SRC-MGB-DOC-0008,"OP-135 page 4 upper visible region, Rev 9/2025",KNO-INC-ACCIDENT-SCENE-001,"Historical authenticated-render corroboration for witness, police, and beginning site-condition fields",2026-08-09
SRC-MGB-DOC-0008,"OP-135 page 5 upper visible region, Rev 9/2025",KNO-INC-ACCIDENT-SCENE-001,"Historical authenticated-render corroboration for property-damage and narrative/diagram fields",2026-08-09
SRC-MGB-DOC-0008,"OP-135 pages 1-5, Rev 9/2025",KNO-INC-ACCIDENT-SCENE-001,"Complete accident-report form fields and driver local-report responsibility",2026-08-10
SRC-MGB-DOC-0047,"FORGE 3.3.0 Combined Application Support Guide pages 17-21",KNO-DEL-FAD-GROUND-001,"Current service-provider FAD QR validation, no-valid-QR, proof, validation failure, HAL, and Counter-user boundaries",2026-08-10
SRC-MGB-DOC-0047,"FORGE 3.3.0 Combined Application Support Guide page 33",KNO-PUP-INTERNATIONAL-DOCS-001,"Current international-pickup ETD exception and per-package commercial-invoice prompt",2026-08-10
SRC-MGB-DOC-0047,"FORGE 3.3.0 Combined Application Support Guide page 36",KNO-DEL-PHARMACY-001,"Pharmacy package direct-delivery and no-HAL-transfer restriction",2026-08-10
SRC-MGB-DOC-0047,"FORGE 3.3.0 Combined Application Support Guide pages 79-81",KNO-FORGE-EOD-001,"Optional Delivery Reconciliation eligibility, status, bulk, save/loss, and completion behavior",2026-08-10
SRC-MGB-DOC-0047,"FORGE 3.3.0 Combined Application Support Guide page 107",KNO-DEL-MISDELIVERY-RECOVERY-001,"Post-code-17 applicable-status behavior and code-16 prohibition",2026-08-10
SRC-MGB-DOC-0042,"FORGE Download Pickup List 2.2.0 page 1",KNO-FORGE-DOWNLOAD-SYNC-001,"Current pickup-list menu visibility, logged-in work-area scope, cellular requirement, request results, and earlier-unlisted-pickup EOD reconciliation",2026-08-10
SRC-MGB-DOC-0038,Sideswipe Collisions page 2,KNO-SAF-REDLIGHT-001,Stop-on-red safety requirement and explicit source boundary,2026-08-09
SRC-MGB-DOC-0038,Sideswipe Collisions page 3,KNO-SAF-SIDESWIPE-001,Sideswipe definition and stated collision causes,2026-08-09
SRC-MGB-DOC-0038,Sideswipe Collisions page 4,KNO-SAF-SIDESWIPE-001,Safe speed and ideal-condition following-distance timing,2026-08-09
SRC-MGB-DOC-0038,Sideswipe Collisions page 5,KNO-SAF-SIDESWIPE-001,"Mirror frequency, blind-spot monitoring, and turning double-check",2026-08-09
SRC-MGB-DOC-0038,Sideswipe Collisions page 6,KNO-SAF-SIDESWIPE-001,Advance signal and adjacent-traffic/road-hazard scan before lane change,2026-08-09
SRC-MGB-DOC-0039,Summer Driving page 2,KNO-SAF-HYDRATION-001,"Hydration amount/frequency, drink exclusions, thirst warning, and all-day continuation",2026-08-09
SRC-MGB-DOC-0039,Summer Driving page 4,KNO-SAF-SUMMER-TRAFFIC-001,"Forward scan, speed, signaling/braking, rest, and seat-belt actions",2026-08-09
SRC-MGB-DOC-0039,Summer Driving page 5,KNO-SAF-SUN-EXPOSURE-001,Sun-exposure risk and protective measures,2026-08-09
SRC-MGB-DOC-0039,Summer Driving page 6,KNO-SAF-DISTRACTION-001,Driving-focus rule and enumerated distractions,2026-08-09
