code,label,translation_status,knowledge_ids,assessment,required_follow_up
001,Increased Security - No Delivery,OPERATIONAL_RECORD_LINKED,KNO-DEL-SECURITY-NODELIVERY-001,"OP-117 establishes no delivery, code 001, notation, and station return.",
002,Incorrect Recipient Address,OPERATIONAL_RECORD_LINKED,KNO-FORGE-EDIT-ADDRESS-001,"The code condition and entered-ZIP recovery are modeled; label-address correction authority remains human review.",Acquire controlling address-correction authority.
003,Unable to Locate - Recipient Address,DEFINITION_ONLY_WORKFLOW_GAP,,"OP-117 defines the condition but not the complete search, documentation, attempt, and return sequence.",Acquire the current unable-to-locate operational procedure.
004,Non-residential Recipient Not In,OPERATIONAL_RECORD_SET_LINKED,KNO-DEL-BUS-OP201-001;KNO-DEL-PPOD-001;KNO-DEL-NOTATION-001,"Business release authority, attempt photo, and notation are modeled; the no-OP-201 branch remains conflicted.",Resolve the OP-201 conflict.
006,Package Refused by Recipient,OPERATIONAL_RECORD_LINKED,KNO-DEL-REFUSED-001,"Code 006 is modeled; the complete ordinary post-code disposition remains human review.",Acquire the complete ordinary-refusal procedure.
007,"Residential Recipient Not In, Unable to Indirect/Driver Release",OPERATIONAL_RECORD_SET_LINKED,KNO-DEL-APT-001;KNO-DEL-SAFEPLACE-001;KNO-DEL-SIG-ASR-001;KNO-DEL-PPOD-001;KNO-DEL-NOTATION-001,"The residential no-release conditions, safe-place/indirect branches, attempt photo, and notation are modeled.",
009,Delivery to a Business,AUTO_APPLIED_REFERENCE_ONLY,KNO-DEL-CLASSIFICATION-001,"OP-117 says FORGE auto-applies this result for a Home Delivery package delivered to a business; classification remains operationally relevant.",Do not instruct the driver to choose an auto-applied code.
010,Inspection Required,OPERATIONAL_RECORD_LINKED,KNO-DEL-DAMAGE-INSPECTION-001,"OP-117 establishes code 010, notation, and station inspection return; hazmat is separated.",
011,Non-residential Recipient Closed on Weekend,OPERATIONAL_RECORD_SET_LINKED,KNO-DEL-PPOD-001;KNO-DEL-NOTATION-001;KNO-FORGE-BUSINESS-CLOSURE-MSG-001,"The weekend-only code condition, attempt photo, notation, and closure-message obligations are modeled as interacting records.",
012,Package Sorted to Wrong Route,DEFINITION_ONLY_WORKFLOW_GAP,KNO-FORGE-MANIFEST-PREVIEW-001,"OP-117 defines an after-dispatch misload condition; Manifest Preview is predispatch and does not establish on-route custody or transfer authority.",Acquire the current after-dispatch misload procedure.
013,Residential Delivery with Signature,AUTO_APPLIED_REFERENCE_ONLY,KNO-DEL-SIG-ISR-001;KNO-DEL-SIG-DSR-001;KNO-DEL-SIG-ASR-001,"OP-117 says FORGE auto-applies this result; signature-service procedures determine the driver action.",Do not instruct the driver to choose an auto-applied code.
014,Residence Driver Release,OPERATIONAL_RECORD_SET_LINKED,KNO-DEL-SAFEPLACE-001;KNO-DEL-PPOD-001;KNO-DEL-CLASSIFICATION-001,"Residential release eligibility, location selection, and PPOD are modeled.",
015,Holding Package,DEFINITION_ONLY_WORKFLOW_GAP,,"OP-117 defines the recipient-requested hold condition but not authorization, documentation, custody, or station handoff.",Acquire the current hold-at-station request procedure.
016,"Package on Manifest, Not on Van",DEFINITION_ONLY_WORKFLOW_GAP,KNO-FORGE-MANIFEST-PREVIEW-001,"The code condition is defined; the reviewed predispatch preview does not establish the complete after-dispatch missing-package response.",Acquire the current manifest-not-on-van procedure.
017,Misdelivered Package Picked Up,OPERATIONAL_RECORD_LINKED,KNO-DEL-MISDELIVERY-RECOVERY-001,"Recovery and code 017 are modeled.",
018,Misdelivered Package Delivered to Correct Recipient,OPERATIONAL_RECORD_LINKED,KNO-DEL-MISDELIVERY-RECOVERY-001,"Same-day redelivery and code 018 are modeled.",
019,Indirect Delivery,OPERATIONAL_RECORD_SET_LINKED,KNO-DEL-SIG-ISR-001;KNO-DEL-APT-001;KNO-DEL-DOORTAG-001,"Eligibility, prohibited service types, alternate-address signature, and door-tag documentation are modeled; FORGE auto-applies the code.",
021,Business Driver Release,OPERATIONAL_RECORD_SET_LINKED,KNO-DEL-BUS-OP201-001;KNO-DEL-SHIPPER-RELEASE-001,"OP-201 and shipper-authorization branches are modeled; no-OP-201 authority remains conflicted.",Resolve the OP-201 conflict before ordinary release guidance.
024,Call Tag Not Ready,OPERATIONAL_RECORD_LINKED,KNO-PUP-CALLTAG-NOTREADY-001,"The complete code 024 signature, notation, and physical-tag return sequence is modeled.",
025,Tendered to U.S. Postal Service,DEFINITION_ONLY_WORKFLOW_GAP,,"OP-117 defines the outcome but not authorization, custody transfer, scan sequence, or documentation.",Acquire the current USPS tender procedure.
026,Return-to-Shipper Package Delivered to Shipper,DEFINITION_ONLY_WORKFLOW_GAP,,"OP-117 defines the result but not the complete RTS delivery/identity/documentation procedure.",Acquire the current RTS-to-shipper procedure.
027,Package Not Delivered - No Attempt,DEFINITION_ONLY_WORKFLOW_GAP,,"OP-117 defines the condition but not who may authorize no attempt, required reason, notation, custody, or follow-up.",Acquire the current no-attempt authorization and documentation procedure.
028,Tendered to Interline Carrier,DEFINITION_ONLY_WORKFLOW_GAP,,"OP-117 defines the result but not carrier eligibility, custody transfer, scan, or documentation.",Acquire the current interline tender procedure.
029,Call Tag Package Pickup,OPERATIONAL_RECORD_LINKED,KNO-PUP-CALLTAG-SUCCESS-001,"The complete successful call-tag code, label, receipt-tab, and barcode-covering sequence is modeled.",
034,Inventory/Request Future Delivery,DEFINITION_ONLY_WORKFLOW_GAP,,"OP-117 defines examples but not authorization, future-date capture, notation, custody, or reattempt handling.",Acquire the current inventory/future-delivery procedure.
079,Enroute Package Transfer,OPERATIONAL_RECORD_LINKED,KNO-FORGE-BULK-TRANSFER-001,"The FORGE transfer flow is modeled with human review for authorization and physical custody.",Acquire current transfer authorization/custody rules.
081,Contractor Refused Package,OPERATIONAL_RECORD_LINKED,KNO-PUP-CALLTAG-RESTRICTED-001,"The restricted call-tag refusal, hazmat prohibition, and escalation are modeled.",
082,Local Weather Delay,DEFINITION_ONLY_WORKFLOW_GAP,,"OP-117 requires an approved weather event but does not identify approval authority or the complete no-attempt/documentation process.",Acquire current weather-event approval and handling rules.
083,Delivery Restriction/Local Holiday,DEFINITION_ONLY_WORKFLOW_GAP,,"OP-117 requires an approved restriction/holiday but does not identify approval authority or complete handling.",Acquire current restriction/holiday approval and handling rules.
095,Transfer Custodial Control,OPERATIONAL_RECORD_LINKED,KNO-DEL-HAL-DELIVERY-001,"HAL transfer eligibility, location, scanning, and automatic code are modeled.",
100,Customer Request - No Attempt Made,OPERATIONAL_RECORD_LINKED,KNO-DEL-NOTATION-001,"The CXPC intercept, automatic code, and package notation are modeled.",
250,Unable to Hold at Location,OPERATIONAL_RECORD_LINKED,KNO-DEL-HAL-UNABLE-001,"Before/after-close hold-location refusal branches and QA return are modeled.",Acquire current OP-406 artifact for exact after-close documentation.
251,Tendered to Canada Post,DEFINITION_ONLY_WORKFLOW_GAP,,"The Canada-specific result and PO Box/Rural Route exclusion are defined; tender authorization and custody workflow are absent.",Acquire the current Canada Post tender procedure if Ground scope requires it.
252,PO Box or Rural Route Canada Post,DEFINITION_ONLY_WORKFLOW_GAP,,"The Canada-specific result is defined; tender authorization and custody workflow are absent.",Acquire the current Canada Post PO Box/Rural Route procedure if Ground scope requires it.
253,Air Restricted Interline,DEFINITION_ONLY_WORKFLOW_GAP,,"The Alaska/USPS air-restricted condition is defined; content determination, authorization, custody, and documentation are absent.",Acquire the current Alaska air-restricted interline procedure.
351,Future Delivery Requested at Pickup,DEFINITION_ONLY_WORKFLOW_GAP,,"The shipper-request/future-date condition is defined; authorization and complete date/documentation flow are absent.",Acquire the current future-delivery-at-pickup procedure.
352,Package Received After Cutoff,DEFINITION_ONLY_WORKFLOW_GAP,,"The after-ramp-cutoff condition is defined; required notification, custody, and service handling are absent.",Acquire the current after-cutoff pickup procedure.
353,International Paperwork Incomplete,OPERATIONAL_RECORD_LINKED,KNO-PUP-INTERNATIONAL-DOCS-001,"The FORGE document prompt and code condition are modeled, but the controlling document set remains human review.",Acquire current international document requirements.
354,Country/City Not Served,DEFINITION_ONLY_WORKFLOW_GAP,,"The unserved-destination condition is defined; authoritative service lookup, notification, and package disposition are absent.",Acquire the current destination-serviceability procedure.
355,Exceeds Service Limits,DEFINITION_ONLY_WORKFLOW_GAP,KNO-HAZ-ACCEPTANCE-001;KNO-PUP-PACKAGING-001,"Some acceptance constraints are modeled, but the complete current weight/dimension/service-limit matrix and disposition are absent.",Acquire current service-limit and nonacceptance procedures.
356,Incorrect Pickup Information,DEFINITION_ONLY_WORKFLOW_GAP,,"The dispatch-data condition is defined; correction, customer-contact, documentation, and disposition workflow are absent.",Acquire the current incorrect-pickup-information procedure.
357,Attempted Pickup Left Behind,DEFINITION_ONLY_WORKFLOW_GAP,KNO-HAZ-ACCEPTANCE-001;KNO-PUP-PACKAGING-001;KNO-PUP-INTERNATIONAL-DOCS-001,"Examples are modeled in separate records, but the complete code-357 criteria, payment branch, documentation, and disposition are absent.",Acquire the current attempted-pickup-left-behind procedure.
358,Payment Received for Duties and Taxes,OUTSIDE_GROUND_SCOPE_REFERENCE,,"OP-117 labels this as available only to Canada Express users.",Retain as reference; do not present as Ground procedure.
359,Express On-Road Reroute,OUTSIDE_GROUND_SCOPE_REFERENCE,,"OP-117 labels this as Canada Express-only and not the transfer scan.",Retain as reference; do not present as Ground procedure.
360,Unable to Collect Payment for Duties and Taxes,OUTSIDE_GROUND_SCOPE_REFERENCE,,"OP-117 labels this as available only to Canada Express users.",Retain as reference; do not present as Ground procedure.
361,Package Retrieval,DEFINITION_ONLY_WORKFLOW_GAP,KNO-DEL-MISDELIVERY-RECOVERY-001;KNO-DEL-HAL-UNABLE-001,"Same-day misdelivery recovery and hold-location refusal are partly modeled, but expired-HAL and after-same-day retrieval are not established.",Acquire the current package-retrieval procedure.
362,Pickup Payment Received,STATUS_LIMITED_REFERENCE,,"OP-117 says Express pickup payment is available in FORGE but not in Canada or the U.S.; scope is internally unclear.",Obtain controlling geographic/service scope before operational use.
363,Regulatory Agency Delay,AUTO_APPLIED_REFERENCE_ONLY,,"OP-117 says the Clearance/Broker Select intercept code is auto-applied.",Do not instruct the driver to choose an auto-applied code; acquire the underlying intercept workflow if Ground-relevant.
364,Security Delay - Waiting,OUTSIDE_GROUND_SCOPE_REFERENCE,KNO-DEL-SECURITY-NODELIVERY-001,"OP-117 identifies the code as Express-only and informational on Ground; it is preserved to distinguish delay from code-001 prevention.",Retain as reference; do not present as a Ground-selected code.
030,Retail Refusal/O.S.A.,STATUS_LIMITED_REFERENCE,,"The older OP-119 label is absent from current OP-117 and does not define O.S.A. or operative criteria.",Acquire current OP-324 and controlling retail-refusal scope; do not substitute for ordinary code 006.
