drive_file_id,title,mime_type,size_bytes,sha256,created_time,modified_time,folder_id,folder_url
"16j-2ArMrPpzwvVlw0vIbWv8gdOGXBC_o","On-the-Road-Reference-GuideOP117MGB121525v2.ashx","application/pdf","5300078","240ae5223bf38c847f327580d88b0ee0254d446dcdfbd89903ae33f90be409b5","2026-08-10T17:17:59.980Z","2026-08-10T17:23:43.032Z","11gFp2-i80bhI0s0tLR66B8KMWS_3JBEb","https://drive.google.com/drive/folders/11gFp2-i80bhI0s0tLR66B8KMWS_3JBEb"
"1M-CUC2vV8Ga-vw4jBFUFZTAs0lJkhtI8","Customer-Experience-Quick-Reference-MGB119110625.ashx.pdf","application/pdf","160352","ab473f68b35ae6ea8bd5d893cd992aeda6a95c8ee6f862608350871853a90301","2026-08-10T17:19:16.365Z","2026-08-10T17:23:38.494Z","11gFp2-i80bhI0s0tLR66B8KMWS_3JBEb","https://drive.google.com/drive/folders/11gFp2-i80bhI0s0tLR66B8KMWS_3JBEb"
"1wEjbmSms66bttR2EmpASQXGYqWUyO9oA","CustomerExperienceGuideUS10282024.ashx.pdf","application/pdf","554644","cb63945d7c18e4531a2043474f92895db4506bbcc6b2f689cc85f5edbe26d3c6","2026-08-10T17:19:40.898Z","2026-08-10T17:23:38.493Z","11gFp2-i80bhI0s0tLR66B8KMWS_3JBEb","https://drive.google.com/drive/folders/11gFp2-i80bhI0s0tLR66B8KMWS_3JBEb"
"1QfEV08bmOFowLkCwo1h1xMAY_3CQw8AA","OP-130-US-101025.ashx.pdf","application/pdf","114571","c3072649b874e679b6562ed94dff381f073697d2c027144573ffa9845b7e73c9","2026-08-10T17:21:21.226Z","2026-08-10T17:23:38.429Z","11gFp2-i80bhI0s0tLR66B8KMWS_3JBEb","https://drive.google.com/drive/folders/11gFp2-i80bhI0s0tLR66B8KMWS_3JBEb"
"154AP7hT-LzF_axAMPMwQld3sSdBYtvB5","FAQ_SRS-and-SRI_MGB_Final_42726.ashx.pdf","application/pdf","430467","977cf421297d7427fc46c749e3a531cc2b9bec6731ec42ef9b904592ba32d78f","2026-08-10T17:20:29.616Z","2026-08-10T17:23:38.421Z","11gFp2-i80bhI0s0tLR66B8KMWS_3JBEb","https://drive.google.com/drive/folders/11gFp2-i80bhI0s0tLR66B8KMWS_3JBEb"
"1yHPZEJy-bJvbcvbo2ZUmOJWZzTpd8WCf","Vehicle-Appearance-and-Brand-Promotion-FAQ172026.ashx.pdf","application/pdf","117343","ce5fcb4a2c24fa66608394a98ccfbef386837d4b73829ce049d9361d9c01de97","2026-08-10T17:21:03.205Z","2026-08-10T17:23:38.414Z","11gFp2-i80bhI0s0tLR66B8KMWS_3JBEb","https://drive.google.com/drive/folders/11gFp2-i80bhI0s0tLR66B8KMWS_3JBEb"
"1izXKRu83jze8G4kUkkUisF6Gs7n_4KJl","ISPAEquipmentTermsMGB112125.ashx.pdf","application/pdf","263952","41254a832430228c5bc91923f43f17353eca22ceed5f92388273acfa99e1d46a","2026-08-10T17:20:49.374Z","2026-08-10T17:23:38.377Z","11gFp2-i80bhI0s0tLR66B8KMWS_3JBEb","https://drive.google.com/drive/folders/11gFp2-i80bhI0s0tLR66B8KMWS_3JBEb"
"1PZP30ImyHWIIVivF0YdNIFP1kLFK165D","FORGE-Additional_PU_Guide-2023.ashx.pdf","application/pdf","976260","547803d5a2a0d4bd5418ce3d89403c78fd87ada3a932d67d725f34608cbcb6d7","2026-08-10T17:23:36.143Z","2026-08-10T17:23:13.000Z","11gFp2-i80bhI0s0tLR66B8KMWS_3JBEb","https://drive.google.com/drive/folders/11gFp2-i80bhI0s0tLR66B8KMWS_3JBEb"
"1dUVaYU9AD5PjpSUrNdFBwXwD7QdVk5sC","FCC-and-CPC-Fast-Facts.ashx.pdf","application/pdf","661832","386ff52a2eafa58e8b90c15973029bc5bc4c2828412b8b492cee0740a46db83f","2026-08-10T17:23:35.996Z","2026-08-10T17:23:01.000Z","11gFp2-i80bhI0s0tLR66B8KMWS_3JBEb","https://drive.google.com/drive/folders/11gFp2-i80bhI0s0tLR66B8KMWS_3JBEb"
"1auag51Fa8gRRaAeBWnYaXaScAhx4Nmev","PickupServiceObligationsFinal10162020.ashx.pdf","application/pdf","473174","d2db9c48d8ddb77ee8685ac2fafdb71dc286997a2e28f2da4dac819f84974377","2026-08-10T17:23:36.272Z","2026-08-10T17:22:51.000Z","11gFp2-i80bhI0s0tLR66B8KMWS_3JBEb","https://drive.google.com/drive/folders/11gFp2-i80bhI0s0tLR66B8KMWS_3JBEb"
"1-cpkPAzilWKjYZgqZdZR7upKOfzUXzKf","CPC-Familiarization-Notes-Oct-2021-Final.ashx.pdf","application/pdf","1955792","a46e30e253db832cf68644d2d9e876e17389435390c7e98a3201fa8ff2b1ca1a","2026-08-10T17:23:38.522Z","2026-08-10T17:22:42.000Z","11gFp2-i80bhI0s0tLR66B8KMWS_3JBEb","https://drive.google.com/drive/folders/11gFp2-i80bhI0s0tLR66B8KMWS_3JBEb"
"15Ko1ecPXbbK4nk6OUBWNYQmTY1X8vsHy","Package-placement_quick-reference.ashx.pdf","application/pdf","442240","b7760202421f401ba18bd4768c66437e939f488a9bf09061bb5ce871a578bf47","2026-08-10T17:23:36.326Z","2026-08-10T17:22:14.000Z","11gFp2-i80bhI0s0tLR66B8KMWS_3JBEb","https://drive.google.com/drive/folders/11gFp2-i80bhI0s0tLR66B8KMWS_3JBEb"
"1hPLmfbARWtrG48uuTFo1N89BUFEzHWbQ","Focus-on-Package-Placement.ashx.pdf","application/pdf","1905500","c6151034423c2990bcde7b64b88f076e9ec0d7992e540f994760b63b4f2fa1d3","2026-08-10T17:23:40.888Z","2026-08-10T17:22:04.000Z","11gFp2-i80bhI0s0tLR66B8KMWS_3JBEb","https://drive.google.com/drive/folders/11gFp2-i80bhI0s0tLR66B8KMWS_3JBEb"
"1XvffLr2hBWFtHpKm0dhLse6750CcWXhM","Dog-Bite-Prevention-VSM-04062026-EN.ashx.pdf","application/pdf","1474946","ae5f77df714a2dcde524c620b8d754e5f0d5c22f4aae3aa92446b30d5a63b7a4","2026-08-10T17:23:36.354Z","2026-08-10T17:21:48.000Z","11gFp2-i80bhI0s0tLR66B8KMWS_3JBEb","https://drive.google.com/drive/folders/11gFp2-i80bhI0s0tLR66B8KMWS_3JBEb"
"1r_c6Gwb0vC5RwRDX59Bz27QM_WAaxE0C","OP-132-US-101025.ashx.pdf","application/pdf","98895","32c53998de8c26da160cf1beac1932243fdd530b66d5e7fc31c492ed670442e8","2026-08-10T17:23:36.253Z","2026-08-10T17:21:31.000Z","11gFp2-i80bhI0s0tLR66B8KMWS_3JBEb","https://drive.google.com/drive/folders/11gFp2-i80bhI0s0tLR66B8KMWS_3JBEb"
"1wkblBtn99EFoaTlbqPOAjjJqS_02ct1I","OP-135-US-101025.pdf","application/pdf","176065","a9c64469b13987aac2d9f7d6eb49fd415d73445cdfcf3f5a82e32943cd004217","2026-08-10T15:40:52.037Z","2026-08-10T15:40:38.000Z","11gFp2-i80bhI0s0tLR66B8KMWS_3JBEb","https://drive.google.com/drive/folders/11gFp2-i80bhI0s0tLR66B8KMWS_3JBEb"
"1fAKcTEm2r36KryDXyqy1g7QkBVa3JTwi","FORGE 330 Application Support Guide FXGMGB7726.pdf","application/pdf","20078227","77721334d870385a48e39b2c72b738dfc6f02ac318fac71382a412838dd72f30","2026-08-10T15:37:05.723Z","2026-08-10T15:40:27.960Z","11gFp2-i80bhI0s0tLR66B8KMWS_3JBEb","https://drive.google.com/drive/folders/11gFp2-i80bhI0s0tLR66B8KMWS_3JBEb"
"1YfEIF4wayqK_vu5lK42t8jD3zYEwgTVS","FORGE Settings 220rev6102025.pdf","application/pdf","1349433","4eb4fac57679f13c6e629e1b782f3748f0b9c17ad01826b4fc7699df622004d7","2026-08-08T22:45:49.343Z","2026-08-10T15:40:20.063Z","11gFp2-i80bhI0s0tLR66B8KMWS_3JBEb","https://drive.google.com/drive/folders/11gFp2-i80bhI0s0tLR66B8KMWS_3JBEb"
"1OH9KVIEQfVMnk8_KkzzB-es-PUdtVMbT","FORGE PD 280 Application Guide FXG V0300812025.pdf","application/pdf","16934775","0ee21a5cbd33c70d9ef61a15f3d657a1c58e4af43ca5e1f690725632487759f7","2026-08-08T22:45:58.264Z","2026-08-10T15:40:17.244Z","11gFp2-i80bhI0s0tLR66B8KMWS_3JBEb","https://drive.google.com/drive/folders/11gFp2-i80bhI0s0tLR66B8KMWS_3JBEb"
"1GQ9SKsvsCf0E5BKtxLqVju-y4dUm5OfU","FORGE Delayed Login 250rev6102025.pdf","application/pdf","781116","d563c875af4c6afef764ca806d002d830707aeef064d9088269d52a1ad77f4a2","2026-08-08T22:45:54.700Z","2026-08-10T15:40:11.560Z","11gFp2-i80bhI0s0tLR66B8KMWS_3JBEb","https://drive.google.com/drive/folders/11gFp2-i80bhI0s0tLR66B8KMWS_3JBEb"
"1JIDBhnUAubznm9BX0192T2Y269IzDWte","FORGE Call Tags 220rev6102025.pdf","application/pdf","422306","2897ed78b09014963cc10ff50d827232ff0ceaf3f3c132ae1eb346a4ef219f88","2026-08-08T22:46:01.721Z","2026-08-10T15:40:11.139Z","11gFp2-i80bhI0s0tLR66B8KMWS_3JBEb","https://drive.google.com/drive/folders/11gFp2-i80bhI0s0tLR66B8KMWS_3JBEb"
"13Hnyy6DGnVPPsDXwreBMyCcwEIQh9EEM","FORGE Business Closure 220rev6102025.pdf","application/pdf","197081","d69043ae5f274d6625c041d271631ddedfef1d5bdeb8db2073dc89ee7351b81e","2026-08-08T22:46:04.513Z","2026-08-10T15:40:10.816Z","11gFp2-i80bhI0s0tLR66B8KMWS_3JBEb","https://drive.google.com/drive/folders/11gFp2-i80bhI0s0tLR66B8KMWS_3JBEb"
"1bk0vVOUVqP8PKqxr8qVRJnWEUVnBZwnL","FORGE Download Pickup List 220rev6102025.pdf","application/pdf","194339","178e500befb7240fd989109d95250545e5515655ef92a42481df78fda151e8b9","2026-08-10T15:40:06.234Z","2026-08-10T15:38:11.000Z","11gFp2-i80bhI0s0tLR66B8KMWS_3JBEb","https://drive.google.com/drive/folders/11gFp2-i80bhI0s0tLR66B8KMWS_3JBEb"
"1iJ1jYyX3TOi5lAqb0lj75AHOpiW40HIx","Hand sheet 2.pdf","application/pdf","1825594","3330093b8e7103e3dde533b1d5efb34cb36d227ceb5dbbba3b564a4d12e187a2","2026-08-08T22:47:47.275Z","2026-08-08T22:47:21.000Z","11gFp2-i80bhI0s0tLR66B8KMWS_3JBEb","https://drive.google.com/drive/folders/11gFp2-i80bhI0s0tLR66B8KMWS_3JBEb"
"17fBipMOrAbUIv5bwsbj3azxlXFOostCQ","Hand sheet.pdf","application/pdf","1388508","5fab3d8e9d68e749af395c7f9f8edda01d6cf34baaaac4009c355ac030ed905f","2026-08-08T22:47:50.373Z","2026-08-08T22:47:04.000Z","11gFp2-i80bhI0s0tLR66B8KMWS_3JBEb","https://drive.google.com/drive/folders/11gFp2-i80bhI0s0tLR66B8KMWS_3JBEb"
"1NNXAV7YF_4jAfq9MiXX6TGDMNfPmJ2lr","Manifest Preview Application Guide10102024.pdf","application/pdf","2143603","f70045710073640d3e8862186ef804e13b4e201bb01b830c2a1c23985079ac4e","2026-08-08T22:45:51.454Z","2026-08-08T22:44:17.000Z","11gFp2-i80bhI0s0tLR66B8KMWS_3JBEb","https://drive.google.com/drive/folders/11gFp2-i80bhI0s0tLR66B8KMWS_3JBEb"
"1P5H1vKHaWsn9TZyUitFQaHkI-hdXtsKn","FORGE Quick Start Guide.pdf","application/pdf","1857060","88694712352607afc7d66fa94c2b5d77a5df91591d39e2e12a12c30677a55ad3","2026-08-08T22:46:00.357Z","2026-08-08T22:43:06.000Z","11gFp2-i80bhI0s0tLR66B8KMWS_3JBEb","https://drive.google.com/drive/folders/11gFp2-i80bhI0s0tLR66B8KMWS_3JBEb"
"1uT2_hN4x94lqum_w3_oBCBGdH6QaP9cx","FedEx_Driver_Bot_Scenarios.xlsx","application/vnd.openxmlformats-officedocument.spreadsheetml.sheet","19251","635015616167bfa95e24905a1ff8fa97cd80c6c7d4aa485f5c0e20e5c945989f","2026-08-08T22:02:10.003Z","2026-08-08T22:01:05.000Z","11gFp2-i80bhI0s0tLR66B8KMWS_3JBEb","https://drive.google.com/drive/folders/11gFp2-i80bhI0s0tLR66B8KMWS_3JBEb"
"1MnAQ58eoYoXcgDQ5lFf0B5cTYeS42_AQ","Screenshot 2026-08-08 at 2.54.08 PM.png","image/png","1028113","1ee71cc3fc9d16bcb789e70ed79c64dd7e4738a2a7c2923d0e7e0a0281a3c6d4","2026-08-08T22:02:10.392Z","2026-08-08T21:54:11.000Z","11gFp2-i80bhI0s0tLR66B8KMWS_3JBEb","https://drive.google.com/drive/folders/11gFp2-i80bhI0s0tLR66B8KMWS_3JBEb"
"1XcR2e6y9PnosI-cECC-l93n17X7ZpX0H","Package placement_quick reference.pdf","application/pdf","442240","b7760202421f401ba18bd4768c66437e939f488a9bf09061bb5ce871a578bf47","2026-08-08T22:02:10.237Z","2026-08-08T21:53:37.000Z","11gFp2-i80bhI0s0tLR66B8KMWS_3JBEb","https://drive.google.com/drive/folders/11gFp2-i80bhI0s0tLR66B8KMWS_3JBEb"
"1nCFrdvQ2v_SpdPnDOtElQ8vukr5tYdHG","Focus on Package Placement.pdf","application/pdf","1905500","c6151034423c2990bcde7b64b88f076e9ec0d7992e540f994760b63b4f2fa1d3","2026-08-08T22:02:13.005Z","2026-08-08T21:53:26.000Z","11gFp2-i80bhI0s0tLR66B8KMWS_3JBEb","https://drive.google.com/drive/folders/11gFp2-i80bhI0s0tLR66B8KMWS_3JBEb"
"16XL3D9-R-pwAhkehllQ4k-gWeO_P3C6a","Customer Experience Quick Reference MGB119110625.pdf","application/pdf","160352","ab473f68b35ae6ea8bd5d893cd992aeda6a95c8ee6f862608350871853a90301","2026-08-08T22:02:10.025Z","2026-08-08T21:53:16.000Z","11gFp2-i80bhI0s0tLR66B8KMWS_3JBEb","https://drive.google.com/drive/folders/11gFp2-i80bhI0s0tLR66B8KMWS_3JBEb"
"1NtrncK49Va9rSZ3IwVnWDdItqWePRDS6","CustomerExperienceGuideUS10282024.pdf","application/pdf","554644","cb63945d7c18e4531a2043474f92895db4506bbcc6b2f689cc85f5edbe26d3c6","2026-08-08T22:02:10.364Z","2026-08-08T21:53:06.000Z","11gFp2-i80bhI0s0tLR66B8KMWS_3JBEb","https://drive.google.com/drive/folders/11gFp2-i80bhI0s0tLR66B8KMWS_3JBEb"
"1y4RCMreYcSWjrPKC2aF21A4uGgeFCOIJ","On the Road Reference GuideOP117MGB121525v2.pdf","application/pdf","4957299","f36126ddbde1c7d5183d73065ce227b8af09c265994994dcce9b6d5d2adf0c47","2026-08-08T22:02:11.298Z","2026-08-08T21:52:53.000Z","11gFp2-i80bhI0s0tLR66B8KMWS_3JBEb","https://drive.google.com/drive/folders/11gFp2-i80bhI0s0tLR66B8KMWS_3JBEb"
"1w_7aPYuCffNddYxjw5jmuoHlN2_jQF-6","Personnel Qualification Verification Flow.pdf","application/pdf","87111","e705e3d08bf8802ad0eac88227890a0fc4081caa24174b3e9a9c772600e9911d","2026-08-08T22:02:10.143Z","2026-08-08T21:51:00.000Z","11gFp2-i80bhI0s0tLR66B8KMWS_3JBEb","https://drive.google.com/drive/folders/11gFp2-i80bhI0s0tLR66B8KMWS_3JBEb"
"1DAsexd4FQWCDvUlTRWjlFxHdnc6UEhit","SUMMER-DRIVINGVSM072726ENGFINAL.ashx","application/pdf","1619956","db297412a83c5b532312a12a733f1b7fe27b57ef0815764d4ba8987dfc7658e6","2026-08-11T02:26:56.181Z","2026-08-11T02:26:30.000Z","11gFp2-i80bhI0s0tLR66B8KMWS_3JBEb","https://drive.google.com/drive/folders/11gFp2-i80bhI0s0tLR66B8KMWS_3JBEb"
"1LpCQf6ywsfRvx2iq9alsWQ1WBXT3zLYl","SIDESWIPEVSM80326-ENG.ashx","application/pdf","788669","18a67f205fa12a1d252324948f9d58ff17a61fe19d40286541514f7b295d39cd","2026-08-11T02:26:55.544Z","2026-08-11T02:26:16.000Z","11gFp2-i80bhI0s0tLR66B8KMWS_3JBEb","https://drive.google.com/drive/folders/11gFp2-i80bhI0s0tLR66B8KMWS_3JBEb"
