archive_id,parent_source_id,link_order,archive_label,year_month,url,discovery_locator,access_status,review_status,relevance_status,acquisition_status,required_action
MGB-ARCHIVE-0001,SRC-MGB-PAGE-0023,26,August 2026,2026-08,https://www.mygroundbiz.com/news?sort=Date&archive=2026-08&if=True,Recent Customer Alerts link inventory row 27 (link order 26),AUTHENTICATED_LINK_DISCOVERED,NOT_YET_REVIEWED,POTENTIALLY_RELEVANT,NOT_ACQUIRED,Open while authenticated; durably capture the complete archive page; inventory every article and pagination link; assess each article under the broad driver-operational inclusion standard; do not treat archive or article titles as evidence.
MGB-ARCHIVE-0002,SRC-MGB-PAGE-0023,27,July 2026,2026-07,https://www.mygroundbiz.com/news?sort=Date&archive=2026-07&if=True,Recent Customer Alerts link inventory row 28 (link order 27),AUTHENTICATED_LINK_DISCOVERED,NOT_YET_REVIEWED,POTENTIALLY_RELEVANT,NOT_ACQUIRED,Open while authenticated; durably capture the complete archive page; inventory every article and pagination link; assess each article under the broad driver-operational inclusion standard; do not treat archive or article titles as evidence.
MGB-ARCHIVE-0003,SRC-MGB-PAGE-0023,28,June 2026,2026-06,https://www.mygroundbiz.com/news?sort=Date&archive=2026-06&if=True,Recent Customer Alerts link inventory row 29 (link order 28),AUTHENTICATED_LINK_DISCOVERED,NOT_YET_REVIEWED,POTENTIALLY_RELEVANT,NOT_ACQUIRED,Open while authenticated; durably capture the complete archive page; inventory every article and pagination link; assess each article under the broad driver-operational inclusion standard; do not treat archive or article titles as evidence.
MGB-ARCHIVE-0004,SRC-MGB-PAGE-0023,29,May 2026,2026-05,https://www.mygroundbiz.com/news?sort=Date&archive=2026-05&if=True,Recent Customer Alerts link inventory row 30 (link order 29),AUTHENTICATED_LINK_DISCOVERED,NOT_YET_REVIEWED,POTENTIALLY_RELEVANT,NOT_ACQUIRED,Open while authenticated; durably capture the complete archive page; inventory every article and pagination link; assess each article under the broad driver-operational inclusion standard; do not treat archive or article titles as evidence.
MGB-ARCHIVE-0005,SRC-MGB-PAGE-0023,30,April 2026,2026-04,https://www.mygroundbiz.com/news?sort=Date&archive=2026-04&if=True,Recent Customer Alerts link inventory row 31 (link order 30),AUTHENTICATED_LINK_DISCOVERED,NOT_YET_REVIEWED,POTENTIALLY_RELEVANT,NOT_ACQUIRED,Open while authenticated; durably capture the complete archive page; inventory every article and pagination link; assess each article under the broad driver-operational inclusion standard; do not treat archive or article titles as evidence.
MGB-ARCHIVE-0006,SRC-MGB-PAGE-0023,31,March 2026,2026-03,https://www.mygroundbiz.com/news?sort=Date&archive=2026-03&if=True,Recent Customer Alerts link inventory row 32 (link order 31),AUTHENTICATED_LINK_DISCOVERED,NOT_YET_REVIEWED,POTENTIALLY_RELEVANT,NOT_ACQUIRED,Open while authenticated; durably capture the complete archive page; inventory every article and pagination link; assess each article under the broad driver-operational inclusion standard; do not treat archive or article titles as evidence.
MGB-ARCHIVE-0007,SRC-MGB-PAGE-0023,32,February 2026,2026-02,https://www.mygroundbiz.com/news?sort=Date&archive=2026-02&if=True,Recent Customer Alerts link inventory row 33 (link order 32),AUTHENTICATED_LINK_DISCOVERED,NOT_YET_REVIEWED,POTENTIALLY_RELEVANT,NOT_ACQUIRED,Open while authenticated; durably capture the complete archive page; inventory every article and pagination link; assess each article under the broad driver-operational inclusion standard; do not treat archive or article titles as evidence.
MGB-ARCHIVE-0008,SRC-MGB-PAGE-0023,33,January 2026,2026-01,https://www.mygroundbiz.com/news?sort=Date&archive=2026-01&if=True,Recent Customer Alerts link inventory row 34 (link order 33),AUTHENTICATED_LINK_DISCOVERED,NOT_YET_REVIEWED,POTENTIALLY_RELEVANT,NOT_ACQUIRED,Open while authenticated; durably capture the complete archive page; inventory every article and pagination link; assess each article under the broad driver-operational inclusion standard; do not treat archive or article titles as evidence.
MGB-ARCHIVE-0009,SRC-MGB-PAGE-0023,34,December 2025,2025-12,https://www.mygroundbiz.com/news?sort=Date&archive=2025-12&if=True,Recent Customer Alerts link inventory row 35 (link order 34),AUTHENTICATED_LINK_DISCOVERED,NOT_YET_REVIEWED,POTENTIALLY_RELEVANT,NOT_ACQUIRED,Open while authenticated; durably capture the complete archive page; inventory every article and pagination link; assess each article under the broad driver-operational inclusion standard; do not treat archive or article titles as evidence.
MGB-ARCHIVE-0010,SRC-MGB-PAGE-0023,35,November 2025,2025-11,https://www.mygroundbiz.com/news?sort=Date&archive=2025-11&if=True,Recent Customer Alerts link inventory row 36 (link order 35),AUTHENTICATED_LINK_DISCOVERED,NOT_YET_REVIEWED,POTENTIALLY_RELEVANT,NOT_ACQUIRED,Open while authenticated; durably capture the complete archive page; inventory every article and pagination link; assess each article under the broad driver-operational inclusion standard; do not treat archive or article titles as evidence.
MGB-ARCHIVE-0011,SRC-MGB-PAGE-0023,36,October 2025,2025-10,https://www.mygroundbiz.com/news?sort=Date&archive=2025-10&if=True,Recent Customer Alerts link inventory row 37 (link order 36),AUTHENTICATED_LINK_DISCOVERED,NOT_YET_REVIEWED,POTENTIALLY_RELEVANT,NOT_ACQUIRED,Open while authenticated; durably capture the complete archive page; inventory every article and pagination link; assess each article under the broad driver-operational inclusion standard; do not treat archive or article titles as evidence.
MGB-ARCHIVE-0012,SRC-MGB-PAGE-0023,37,September 2025,2025-09,https://www.mygroundbiz.com/news?sort=Date&archive=2025-09&if=True,Recent Customer Alerts link inventory row 38 (link order 37),AUTHENTICATED_LINK_DISCOVERED,NOT_YET_REVIEWED,POTENTIALLY_RELEVANT,NOT_ACQUIRED,Open while authenticated; durably capture the complete archive page; inventory every article and pagination link; assess each article under the broad driver-operational inclusion standard; do not treat archive or article titles as evidence.
MGB-ARCHIVE-0013,SRC-MGB-PAGE-0023,38,August 2025,2025-08,https://www.mygroundbiz.com/news?sort=Date&archive=2025-08&if=True,Recent Customer Alerts link inventory row 39 (link order 38),AUTHENTICATED_LINK_DISCOVERED,NOT_YET_REVIEWED,POTENTIALLY_RELEVANT,NOT_ACQUIRED,Open while authenticated; durably capture the complete archive page; inventory every article and pagination link; assess each article under the broad driver-operational inclusion standard; do not treat archive or article titles as evidence.
MGB-ARCHIVE-0014,SRC-MGB-PAGE-0023,39,July 2025,2025-07,https://www.mygroundbiz.com/news?sort=Date&archive=2025-07&if=True,Recent Customer Alerts link inventory row 40 (link order 39),AUTHENTICATED_LINK_DISCOVERED,NOT_YET_REVIEWED,POTENTIALLY_RELEVANT,NOT_ACQUIRED,Open while authenticated; durably capture the complete archive page; inventory every article and pagination link; assess each article under the broad driver-operational inclusion standard; do not treat archive or article titles as evidence.
MGB-ARCHIVE-0015,SRC-MGB-PAGE-0023,40,June 2025,2025-06,https://www.mygroundbiz.com/news?sort=Date&archive=2025-06&if=True,Recent Customer Alerts link inventory row 41 (link order 40),AUTHENTICATED_LINK_DISCOVERED,NOT_YET_REVIEWED,POTENTIALLY_RELEVANT,NOT_ACQUIRED,Open while authenticated; durably capture the complete archive page; inventory every article and pagination link; assess each article under the broad driver-operational inclusion standard; do not treat archive or article titles as evidence.
MGB-ARCHIVE-0016,SRC-MGB-PAGE-0023,41,May 2025,2025-05,https://www.mygroundbiz.com/news?sort=Date&archive=2025-05&if=True,Recent Customer Alerts link inventory row 42 (link order 41),AUTHENTICATED_LINK_DISCOVERED,NOT_YET_REVIEWED,POTENTIALLY_RELEVANT,NOT_ACQUIRED,Open while authenticated; durably capture the complete archive page; inventory every article and pagination link; assess each article under the broad driver-operational inclusion standard; do not treat archive or article titles as evidence.
MGB-ARCHIVE-0017,SRC-MGB-PAGE-0023,42,April 2025,2025-04,https://www.mygroundbiz.com/news?sort=Date&archive=2025-04&if=True,Recent Customer Alerts link inventory row 43 (link order 42),AUTHENTICATED_LINK_DISCOVERED,NOT_YET_REVIEWED,POTENTIALLY_RELEVANT,NOT_ACQUIRED,Open while authenticated; durably capture the complete archive page; inventory every article and pagination link; assess each article under the broad driver-operational inclusion standard; do not treat archive or article titles as evidence.
MGB-ARCHIVE-0018,SRC-MGB-PAGE-0023,43,March 2025,2025-03,https://www.mygroundbiz.com/news?sort=Date&archive=2025-03&if=True,Recent Customer Alerts link inventory row 44 (link order 43),AUTHENTICATED_LINK_DISCOVERED,NOT_YET_REVIEWED,POTENTIALLY_RELEVANT,NOT_ACQUIRED,Open while authenticated; durably capture the complete archive page; inventory every article and pagination link; assess each article under the broad driver-operational inclusion standard; do not treat archive or article titles as evidence.
MGB-ARCHIVE-0019,SRC-MGB-PAGE-0023,44,January 2025,2025-01,https://www.mygroundbiz.com/news?sort=Date&archive=2025-01&if=True,Recent Customer Alerts link inventory row 45 (link order 44),AUTHENTICATED_LINK_DISCOVERED,NOT_YET_REVIEWED,POTENTIALLY_RELEVANT,NOT_ACQUIRED,Open while authenticated; durably capture the complete archive page; inventory every article and pagination link; assess each article under the broad driver-operational inclusion standard; do not treat archive or article titles as evidence.
MGB-ARCHIVE-0020,SRC-MGB-PAGE-0023,45,December 2024,2024-12,https://www.mygroundbiz.com/news?sort=Date&archive=2024-12&if=True,Recent Customer Alerts link inventory row 46 (link order 45),AUTHENTICATED_LINK_DISCOVERED,NOT_YET_REVIEWED,POTENTIALLY_RELEVANT,NOT_ACQUIRED,Open while authenticated; durably capture the complete archive page; inventory every article and pagination link; assess each article under the broad driver-operational inclusion standard; do not treat archive or article titles as evidence.
MGB-ARCHIVE-0021,SRC-MGB-PAGE-0023,46,November 2024,2024-11,https://www.mygroundbiz.com/news?sort=Date&archive=2024-11&if=True,Recent Customer Alerts link inventory row 47 (link order 46),AUTHENTICATED_LINK_DISCOVERED,NOT_YET_REVIEWED,POTENTIALLY_RELEVANT,NOT_ACQUIRED,Open while authenticated; durably capture the complete archive page; inventory every article and pagination link; assess each article under the broad driver-operational inclusion standard; do not treat archive or article titles as evidence.
MGB-ARCHIVE-0022,SRC-MGB-PAGE-0023,47,October 2024,2024-10,https://www.mygroundbiz.com/news?sort=Date&archive=2024-10&if=True,Recent Customer Alerts link inventory row 48 (link order 47),AUTHENTICATED_LINK_DISCOVERED,NOT_YET_REVIEWED,POTENTIALLY_RELEVANT,NOT_ACQUIRED,Open while authenticated; durably capture the complete archive page; inventory every article and pagination link; assess each article under the broad driver-operational inclusion standard; do not treat archive or article titles as evidence.
MGB-ARCHIVE-0023,SRC-MGB-PAGE-0023,48,August 2024,2024-08,https://www.mygroundbiz.com/news?sort=Date&archive=2024-08&if=True,Recent Customer Alerts link inventory row 49 (link order 48),AUTHENTICATED_LINK_DISCOVERED,NOT_YET_REVIEWED,POTENTIALLY_RELEVANT,NOT_ACQUIRED,Open while authenticated; durably capture the complete archive page; inventory every article and pagination link; assess each article under the broad driver-operational inclusion standard; do not treat archive or article titles as evidence.
MGB-ARCHIVE-0024,SRC-MGB-PAGE-0023,49,July 2024,2024-07,https://www.mygroundbiz.com/news?sort=Date&archive=2024-07&if=True,Recent Customer Alerts link inventory row 50 (link order 49),AUTHENTICATED_LINK_DISCOVERED,NOT_YET_REVIEWED,POTENTIALLY_RELEVANT,NOT_ACQUIRED,Open while authenticated; durably capture the complete archive page; inventory every article and pagination link; assess each article under the broad driver-operational inclusion standard; do not treat archive or article titles as evidence.
MGB-ARCHIVE-0025,SRC-MGB-PAGE-0023,50,June 2024,2024-06,https://www.mygroundbiz.com/news?sort=Date&archive=2024-06&if=True,Recent Customer Alerts link inventory row 51 (link order 50),AUTHENTICATED_LINK_DISCOVERED,NOT_YET_REVIEWED,POTENTIALLY_RELEVANT,NOT_ACQUIRED,Open while authenticated; durably capture the complete archive page; inventory every article and pagination link; assess each article under the broad driver-operational inclusion standard; do not treat archive or article titles as evidence.
MGB-ARCHIVE-0026,SRC-MGB-PAGE-0023,51,May 2024,2024-05,https://www.mygroundbiz.com/news?sort=Date&archive=2024-05&if=True,Recent Customer Alerts link inventory row 52 (link order 51),AUTHENTICATED_LINK_DISCOVERED,NOT_YET_REVIEWED,POTENTIALLY_RELEVANT,NOT_ACQUIRED,Open while authenticated; durably capture the complete archive page; inventory every article and pagination link; assess each article under the broad driver-operational inclusion standard; do not treat archive or article titles as evidence.
MGB-ARCHIVE-0027,SRC-MGB-PAGE-0023,52,April 2024,2024-04,https://www.mygroundbiz.com/news?sort=Date&archive=2024-04&if=True,Recent Customer Alerts link inventory row 53 (link order 52),AUTHENTICATED_LINK_DISCOVERED,NOT_YET_REVIEWED,POTENTIALLY_RELEVANT,NOT_ACQUIRED,Open while authenticated; durably capture the complete archive page; inventory every article and pagination link; assess each article under the broad driver-operational inclusion standard; do not treat archive or article titles as evidence.
MGB-ARCHIVE-0028,SRC-MGB-PAGE-0023,53,March 2024,2024-03,https://www.mygroundbiz.com/news?sort=Date&archive=2024-03&if=True,Recent Customer Alerts link inventory row 54 (link order 53),AUTHENTICATED_LINK_DISCOVERED,NOT_YET_REVIEWED,POTENTIALLY_RELEVANT,NOT_ACQUIRED,Open while authenticated; durably capture the complete archive page; inventory every article and pagination link; assess each article under the broad driver-operational inclusion standard; do not treat archive or article titles as evidence.
MGB-ARCHIVE-0029,SRC-MGB-PAGE-0023,54,February 2024,2024-02,https://www.mygroundbiz.com/news?sort=Date&archive=2024-02&if=True,Recent Customer Alerts link inventory row 55 (link order 54),AUTHENTICATED_LINK_DISCOVERED,NOT_YET_REVIEWED,POTENTIALLY_RELEVANT,NOT_ACQUIRED,Open while authenticated; durably capture the complete archive page; inventory every article and pagination link; assess each article under the broad driver-operational inclusion standard; do not treat archive or article titles as evidence.
MGB-ARCHIVE-0030,SRC-MGB-PAGE-0023,55,January 2024,2024-01,https://www.mygroundbiz.com/news?sort=Date&archive=2024-01&if=True,Recent Customer Alerts link inventory row 56 (link order 55),AUTHENTICATED_LINK_DISCOVERED,NOT_YET_REVIEWED,POTENTIALLY_RELEVANT,NOT_ACQUIRED,Open while authenticated; durably capture the complete archive page; inventory every article and pagination link; assess each article under the broad driver-operational inclusion standard; do not treat archive or article titles as evidence.
MGB-ARCHIVE-0031,SRC-MGB-PAGE-0023,56,December 2023,2023-12,https://www.mygroundbiz.com/news?sort=Date&archive=2023-12&if=True,Recent Customer Alerts link inventory row 57 (link order 56),AUTHENTICATED_LINK_DISCOVERED,NOT_YET_REVIEWED,POTENTIALLY_RELEVANT,NOT_ACQUIRED,Open while authenticated; durably capture the complete archive page; inventory every article and pagination link; assess each article under the broad driver-operational inclusion standard; do not treat archive or article titles as evidence.
MGB-ARCHIVE-0032,SRC-MGB-PAGE-0023,57,November 2023,2023-11,https://www.mygroundbiz.com/news?sort=Date&archive=2023-11&if=True,Recent Customer Alerts link inventory row 58 (link order 57),AUTHENTICATED_LINK_DISCOVERED,NOT_YET_REVIEWED,POTENTIALLY_RELEVANT,NOT_ACQUIRED,Open while authenticated; durably capture the complete archive page; inventory every article and pagination link; assess each article under the broad driver-operational inclusion standard; do not treat archive or article titles as evidence.
MGB-ARCHIVE-0033,SRC-MGB-PAGE-0023,58,October 2023,2023-10,https://www.mygroundbiz.com/news?sort=Date&archive=2023-10&if=True,Recent Customer Alerts link inventory row 59 (link order 58),AUTHENTICATED_LINK_DISCOVERED,NOT_YET_REVIEWED,POTENTIALLY_RELEVANT,NOT_ACQUIRED,Open while authenticated; durably capture the complete archive page; inventory every article and pagination link; assess each article under the broad driver-operational inclusion standard; do not treat archive or article titles as evidence.
MGB-ARCHIVE-0034,SRC-MGB-PAGE-0023,59,September 2023,2023-09,https://www.mygroundbiz.com/news?sort=Date&archive=2023-09&if=True,Recent Customer Alerts link inventory row 60 (link order 59),AUTHENTICATED_LINK_DISCOVERED,NOT_YET_REVIEWED,POTENTIALLY_RELEVANT,NOT_ACQUIRED,Open while authenticated; durably capture the complete archive page; inventory every article and pagination link; assess each article under the broad driver-operational inclusion standard; do not treat archive or article titles as evidence.
MGB-ARCHIVE-0035,SRC-MGB-PAGE-0023,60,August 2023,2023-08,https://www.mygroundbiz.com/news?sort=Date&archive=2023-08&if=True,Recent Customer Alerts link inventory row 61 (link order 60),AUTHENTICATED_LINK_DISCOVERED,NOT_YET_REVIEWED,POTENTIALLY_RELEVANT,NOT_ACQUIRED,Open while authenticated; durably capture the complete archive page; inventory every article and pagination link; assess each article under the broad driver-operational inclusion standard; do not treat archive or article titles as evidence.
MGB-ARCHIVE-0036,SRC-MGB-PAGE-0023,61,July 2023,2023-07,https://www.mygroundbiz.com/news?sort=Date&archive=2023-07&if=True,Recent Customer Alerts link inventory row 62 (link order 61),AUTHENTICATED_LINK_DISCOVERED,NOT_YET_REVIEWED,POTENTIALLY_RELEVANT,NOT_ACQUIRED,Open while authenticated; durably capture the complete archive page; inventory every article and pagination link; assess each article under the broad driver-operational inclusion standard; do not treat archive or article titles as evidence.
MGB-ARCHIVE-0037,SRC-MGB-PAGE-0023,62,June 2023,2023-06,https://www.mygroundbiz.com/news?sort=Date&archive=2023-06&if=True,Recent Customer Alerts link inventory row 63 (link order 62),AUTHENTICATED_LINK_DISCOVERED,NOT_YET_REVIEWED,POTENTIALLY_RELEVANT,NOT_ACQUIRED,Open while authenticated; durably capture the complete archive page; inventory every article and pagination link; assess each article under the broad driver-operational inclusion standard; do not treat archive or article titles as evidence.
MGB-ARCHIVE-0038,SRC-MGB-PAGE-0023,63,May 2023,2023-05,https://www.mygroundbiz.com/news?sort=Date&archive=2023-05&if=True,Recent Customer Alerts link inventory row 64 (link order 63),AUTHENTICATED_LINK_DISCOVERED,NOT_YET_REVIEWED,POTENTIALLY_RELEVANT,NOT_ACQUIRED,Open while authenticated; durably capture the complete archive page; inventory every article and pagination link; assess each article under the broad driver-operational inclusion standard; do not treat archive or article titles as evidence.
MGB-ARCHIVE-0039,SRC-MGB-PAGE-0023,64,April 2023,2023-04,https://www.mygroundbiz.com/news?sort=Date&archive=2023-04&if=True,Recent Customer Alerts link inventory row 65 (link order 64),AUTHENTICATED_LINK_DISCOVERED,NOT_YET_REVIEWED,POTENTIALLY_RELEVANT,NOT_ACQUIRED,Open while authenticated; durably capture the complete archive page; inventory every article and pagination link; assess each article under the broad driver-operational inclusion standard; do not treat archive or article titles as evidence.
MGB-ARCHIVE-0040,SRC-MGB-PAGE-0023,65,March 2023,2023-03,https://www.mygroundbiz.com/news?sort=Date&archive=2023-03&if=True,Recent Customer Alerts link inventory row 66 (link order 65),AUTHENTICATED_LINK_DISCOVERED,NOT_YET_REVIEWED,POTENTIALLY_RELEVANT,NOT_ACQUIRED,Open while authenticated; durably capture the complete archive page; inventory every article and pagination link; assess each article under the broad driver-operational inclusion standard; do not treat archive or article titles as evidence.
MGB-ARCHIVE-0041,SRC-MGB-PAGE-0023,66,February 2023,2023-02,https://www.mygroundbiz.com/news?sort=Date&archive=2023-02&if=True,Recent Customer Alerts link inventory row 67 (link order 66),AUTHENTICATED_LINK_DISCOVERED,NOT_YET_REVIEWED,POTENTIALLY_RELEVANT,NOT_ACQUIRED,Open while authenticated; durably capture the complete archive page; inventory every article and pagination link; assess each article under the broad driver-operational inclusion standard; do not treat archive or article titles as evidence.
MGB-ARCHIVE-0042,SRC-MGB-PAGE-0023,67,January 2023,2023-01,https://www.mygroundbiz.com/news?sort=Date&archive=2023-01&if=True,Recent Customer Alerts link inventory row 68 (link order 67),AUTHENTICATED_LINK_DISCOVERED,NOT_YET_REVIEWED,POTENTIALLY_RELEVANT,NOT_ACQUIRED,Open while authenticated; durably capture the complete archive page; inventory every article and pagination link; assess each article under the broad driver-operational inclusion standard; do not treat archive or article titles as evidence.
MGB-ARCHIVE-0043,SRC-MGB-PAGE-0023,68,December 2022,2022-12,https://www.mygroundbiz.com/news?sort=Date&archive=2022-12&if=True,Recent Customer Alerts link inventory row 69 (link order 68),AUTHENTICATED_LINK_DISCOVERED,NOT_YET_REVIEWED,POTENTIALLY_RELEVANT,NOT_ACQUIRED,Open while authenticated; durably capture the complete archive page; inventory every article and pagination link; assess each article under the broad driver-operational inclusion standard; do not treat archive or article titles as evidence.
MGB-ARCHIVE-0044,SRC-MGB-PAGE-0023,69,November 2022,2022-11,https://www.mygroundbiz.com/news?sort=Date&archive=2022-11&if=True,Recent Customer Alerts link inventory row 70 (link order 69),AUTHENTICATED_LINK_DISCOVERED,NOT_YET_REVIEWED,POTENTIALLY_RELEVANT,NOT_ACQUIRED,Open while authenticated; durably capture the complete archive page; inventory every article and pagination link; assess each article under the broad driver-operational inclusion standard; do not treat archive or article titles as evidence.
MGB-ARCHIVE-0045,SRC-MGB-PAGE-0023,70,October 2022,2022-10,https://www.mygroundbiz.com/news?sort=Date&archive=2022-10&if=True,Recent Customer Alerts link inventory row 71 (link order 70),AUTHENTICATED_LINK_DISCOVERED,NOT_YET_REVIEWED,POTENTIALLY_RELEVANT,NOT_ACQUIRED,Open while authenticated; durably capture the complete archive page; inventory every article and pagination link; assess each article under the broad driver-operational inclusion standard; do not treat archive or article titles as evidence.
MGB-ARCHIVE-0046,SRC-MGB-PAGE-0023,71,September 2022,2022-09,https://www.mygroundbiz.com/news?sort=Date&archive=2022-09&if=True,Recent Customer Alerts link inventory row 72 (link order 71),AUTHENTICATED_LINK_DISCOVERED,NOT_YET_REVIEWED,POTENTIALLY_RELEVANT,NOT_ACQUIRED,Open while authenticated; durably capture the complete archive page; inventory every article and pagination link; assess each article under the broad driver-operational inclusion standard; do not treat archive or article titles as evidence.
MGB-ARCHIVE-0047,SRC-MGB-PAGE-0023,72,August 2022,2022-08,https://www.mygroundbiz.com/news?sort=Date&archive=2022-08&if=True,Recent Customer Alerts link inventory row 73 (link order 72),AUTHENTICATED_LINK_DISCOVERED,NOT_YET_REVIEWED,POTENTIALLY_RELEVANT,NOT_ACQUIRED,Open while authenticated; durably capture the complete archive page; inventory every article and pagination link; assess each article under the broad driver-operational inclusion standard; do not treat archive or article titles as evidence.
MGB-ARCHIVE-0048,SRC-MGB-PAGE-0023,73,July 2022,2022-07,https://www.mygroundbiz.com/news?sort=Date&archive=2022-07&if=True,Recent Customer Alerts link inventory row 74 (link order 73),AUTHENTICATED_LINK_DISCOVERED,NOT_YET_REVIEWED,POTENTIALLY_RELEVANT,NOT_ACQUIRED,Open while authenticated; durably capture the complete archive page; inventory every article and pagination link; assess each article under the broad driver-operational inclusion standard; do not treat archive or article titles as evidence.
MGB-ARCHIVE-0049,SRC-MGB-PAGE-0023,74,June 2022,2022-06,https://www.mygroundbiz.com/news?sort=Date&archive=2022-06&if=True,Recent Customer Alerts link inventory row 75 (link order 74),AUTHENTICATED_LINK_DISCOVERED,NOT_YET_REVIEWED,POTENTIALLY_RELEVANT,NOT_ACQUIRED,Open while authenticated; durably capture the complete archive page; inventory every article and pagination link; assess each article under the broad driver-operational inclusion standard; do not treat archive or article titles as evidence.
MGB-ARCHIVE-0050,SRC-MGB-PAGE-0023,75,May 2022,2022-05,https://www.mygroundbiz.com/news?sort=Date&archive=2022-05&if=True,Recent Customer Alerts link inventory row 76 (link order 75),AUTHENTICATED_LINK_DISCOVERED,NOT_YET_REVIEWED,POTENTIALLY_RELEVANT,NOT_ACQUIRED,Open while authenticated; durably capture the complete archive page; inventory every article and pagination link; assess each article under the broad driver-operational inclusion standard; do not treat archive or article titles as evidence.
MGB-ARCHIVE-0051,SRC-MGB-PAGE-0023,76,April 2022,2022-04,https://www.mygroundbiz.com/news?sort=Date&archive=2022-04&if=True,Recent Customer Alerts link inventory row 77 (link order 76),AUTHENTICATED_LINK_DISCOVERED,NOT_YET_REVIEWED,POTENTIALLY_RELEVANT,NOT_ACQUIRED,Open while authenticated; durably capture the complete archive page; inventory every article and pagination link; assess each article under the broad driver-operational inclusion standard; do not treat archive or article titles as evidence.
MGB-ARCHIVE-0052,SRC-MGB-PAGE-0023,77,March 2022,2022-03,https://www.mygroundbiz.com/news?sort=Date&archive=2022-03&if=True,Recent Customer Alerts link inventory row 78 (link order 77),AUTHENTICATED_LINK_DISCOVERED,NOT_YET_REVIEWED,POTENTIALLY_RELEVANT,NOT_ACQUIRED,Open while authenticated; durably capture the complete archive page; inventory every article and pagination link; assess each article under the broad driver-operational inclusion standard; do not treat archive or article titles as evidence.
MGB-ARCHIVE-0053,SRC-MGB-PAGE-0023,78,February 2022,2022-02,https://www.mygroundbiz.com/news?sort=Date&archive=2022-02&if=True,Recent Customer Alerts link inventory row 79 (link order 78),AUTHENTICATED_LINK_DISCOVERED,NOT_YET_REVIEWED,POTENTIALLY_RELEVANT,NOT_ACQUIRED,Open while authenticated; durably capture the complete archive page; inventory every article and pagination link; assess each article under the broad driver-operational inclusion standard; do not treat archive or article titles as evidence.
MGB-ARCHIVE-0054,SRC-MGB-PAGE-0023,79,January 2022,2022-01,https://www.mygroundbiz.com/news?sort=Date&archive=2022-01&if=True,Recent Customer Alerts link inventory row 80 (link order 79),AUTHENTICATED_LINK_DISCOVERED,NOT_YET_REVIEWED,POTENTIALLY_RELEVANT,NOT_ACQUIRED,Open while authenticated; durably capture the complete archive page; inventory every article and pagination link; assess each article under the broad driver-operational inclusion standard; do not treat archive or article titles as evidence.
MGB-ARCHIVE-0055,SRC-MGB-PAGE-0023,80,August 2021,2021-08,https://www.mygroundbiz.com/news?sort=Date&archive=2021-08&if=True,Recent Customer Alerts link inventory row 81 (link order 80),AUTHENTICATED_LINK_DISCOVERED,NOT_YET_REVIEWED,POTENTIALLY_RELEVANT,NOT_ACQUIRED,Open while authenticated; durably capture the complete archive page; inventory every article and pagination link; assess each article under the broad driver-operational inclusion standard; do not treat archive or article titles as evidence.
MGB-ARCHIVE-0056,SRC-MGB-PAGE-0023,81,July 2019,2019-07,https://www.mygroundbiz.com/news?sort=Date&archive=2019-07&if=True,Recent Customer Alerts link inventory row 82 (link order 81),AUTHENTICATED_LINK_DISCOVERED,NOT_YET_REVIEWED,POTENTIALLY_RELEVANT,NOT_ACQUIRED,Open while authenticated; durably capture the complete archive page; inventory every article and pagination link; assess each article under the broad driver-operational inclusion standard; do not treat archive or article titles as evidence.
MGB-ARCHIVE-0057,SRC-MGB-PAGE-0023,82,June 2019,2019-06,https://www.mygroundbiz.com/news?sort=Date&archive=2019-06&if=True,Recent Customer Alerts link inventory row 83 (link order 82),AUTHENTICATED_LINK_DISCOVERED,NOT_YET_REVIEWED,POTENTIALLY_RELEVANT,NOT_ACQUIRED,Open while authenticated; durably capture the complete archive page; inventory every article and pagination link; assess each article under the broad driver-operational inclusion standard; do not treat archive or article titles as evidence.
MGB-ARCHIVE-0058,SRC-MGB-PAGE-0023,83,May 2019,2019-05,https://www.mygroundbiz.com/news?sort=Date&archive=2019-05&if=True,Recent Customer Alerts link inventory row 84 (link order 83),AUTHENTICATED_LINK_DISCOVERED,NOT_YET_REVIEWED,POTENTIALLY_RELEVANT,NOT_ACQUIRED,Open while authenticated; durably capture the complete archive page; inventory every article and pagination link; assess each article under the broad driver-operational inclusion standard; do not treat archive or article titles as evidence.
MGB-ARCHIVE-0059,SRC-MGB-PAGE-0023,84,April 2019,2019-04,https://www.mygroundbiz.com/news?sort=Date&archive=2019-04&if=True,Recent Customer Alerts link inventory row 85 (link order 84),AUTHENTICATED_LINK_DISCOVERED,NOT_YET_REVIEWED,POTENTIALLY_RELEVANT,NOT_ACQUIRED,Open while authenticated; durably capture the complete archive page; inventory every article and pagination link; assess each article under the broad driver-operational inclusion standard; do not treat archive or article titles as evidence.
MGB-ARCHIVE-0060,SRC-MGB-PAGE-0023,85,March 2019,2019-03,https://www.mygroundbiz.com/news?sort=Date&archive=2019-03&if=True,Recent Customer Alerts link inventory row 86 (link order 85),AUTHENTICATED_LINK_DISCOVERED,NOT_YET_REVIEWED,POTENTIALLY_RELEVANT,NOT_ACQUIRED,Open while authenticated; durably capture the complete archive page; inventory every article and pagination link; assess each article under the broad driver-operational inclusion standard; do not treat archive or article titles as evidence.
MGB-ARCHIVE-0061,SRC-MGB-PAGE-0023,86,February 2019,2019-02,https://www.mygroundbiz.com/news?sort=Date&archive=2019-02&if=True,Recent Customer Alerts link inventory row 87 (link order 86),AUTHENTICATED_LINK_DISCOVERED,NOT_YET_REVIEWED,POTENTIALLY_RELEVANT,NOT_ACQUIRED,Open while authenticated; durably capture the complete archive page; inventory every article and pagination link; assess each article under the broad driver-operational inclusion standard; do not treat archive or article titles as evidence.
MGB-ARCHIVE-0062,SRC-MGB-PAGE-0023,87,January 2019,2019-01,https://www.mygroundbiz.com/news?sort=Date&archive=2019-01&if=True,Recent Customer Alerts link inventory row 88 (link order 87),AUTHENTICATED_LINK_DISCOVERED,NOT_YET_REVIEWED,POTENTIALLY_RELEVANT,NOT_ACQUIRED,Open while authenticated; durably capture the complete archive page; inventory every article and pagination link; assess each article under the broad driver-operational inclusion standard; do not treat archive or article titles as evidence.
MGB-ARCHIVE-0063,SRC-MGB-PAGE-0023,88,December 2018,2018-12,https://www.mygroundbiz.com/news?sort=Date&archive=2018-12&if=True,Recent Customer Alerts link inventory row 89 (link order 88),AUTHENTICATED_LINK_DISCOVERED,NOT_YET_REVIEWED,POTENTIALLY_RELEVANT,NOT_ACQUIRED,Open while authenticated; durably capture the complete archive page; inventory every article and pagination link; assess each article under the broad driver-operational inclusion standard; do not treat archive or article titles as evidence.
MGB-ARCHIVE-0064,SRC-MGB-PAGE-0023,89,November 2018,2018-11,https://www.mygroundbiz.com/news?sort=Date&archive=2018-11&if=True,Recent Customer Alerts link inventory row 90 (link order 89),AUTHENTICATED_LINK_DISCOVERED,NOT_YET_REVIEWED,POTENTIALLY_RELEVANT,NOT_ACQUIRED,Open while authenticated; durably capture the complete archive page; inventory every article and pagination link; assess each article under the broad driver-operational inclusion standard; do not treat archive or article titles as evidence.
MGB-ARCHIVE-0065,SRC-MGB-PAGE-0023,90,October 2018,2018-10,https://www.mygroundbiz.com/news?sort=Date&archive=2018-10&if=True,Recent Customer Alerts link inventory row 91 (link order 90),AUTHENTICATED_LINK_DISCOVERED,NOT_YET_REVIEWED,POTENTIALLY_RELEVANT,NOT_ACQUIRED,Open while authenticated; durably capture the complete archive page; inventory every article and pagination link; assess each article under the broad driver-operational inclusion standard; do not treat archive or article titles as evidence.
MGB-ARCHIVE-0066,SRC-MGB-PAGE-0023,91,September 2018,2018-09,https://www.mygroundbiz.com/news?sort=Date&archive=2018-09&if=True,Recent Customer Alerts link inventory row 92 (link order 91),AUTHENTICATED_LINK_DISCOVERED,NOT_YET_REVIEWED,POTENTIALLY_RELEVANT,NOT_ACQUIRED,Open while authenticated; durably capture the complete archive page; inventory every article and pagination link; assess each article under the broad driver-operational inclusion standard; do not treat archive or article titles as evidence.
MGB-ARCHIVE-0067,SRC-MGB-PAGE-0023,92,August 2018,2018-08,https://www.mygroundbiz.com/news?sort=Date&archive=2018-08&if=True,Recent Customer Alerts link inventory row 93 (link order 92),AUTHENTICATED_LINK_DISCOVERED,NOT_YET_REVIEWED,POTENTIALLY_RELEVANT,NOT_ACQUIRED,Open while authenticated; durably capture the complete archive page; inventory every article and pagination link; assess each article under the broad driver-operational inclusion standard; do not treat archive or article titles as evidence.
MGB-ARCHIVE-0068,SRC-MGB-PAGE-0023,93,July 2018,2018-07,https://www.mygroundbiz.com/news?sort=Date&archive=2018-07&if=True,Recent Customer Alerts link inventory row 94 (link order 93),AUTHENTICATED_LINK_DISCOVERED,NOT_YET_REVIEWED,POTENTIALLY_RELEVANT,NOT_ACQUIRED,Open while authenticated; durably capture the complete archive page; inventory every article and pagination link; assess each article under the broad driver-operational inclusion standard; do not treat archive or article titles as evidence.
MGB-ARCHIVE-0069,SRC-MGB-PAGE-0023,94,June 2018,2018-06,https://www.mygroundbiz.com/news?sort=Date&archive=2018-06&if=True,Recent Customer Alerts link inventory row 95 (link order 94),AUTHENTICATED_LINK_DISCOVERED,NOT_YET_REVIEWED,POTENTIALLY_RELEVANT,NOT_ACQUIRED,Open while authenticated; durably capture the complete archive page; inventory every article and pagination link; assess each article under the broad driver-operational inclusion standard; do not treat archive or article titles as evidence.
MGB-ARCHIVE-0070,SRC-MGB-PAGE-0023,95,May 2018,2018-05,https://www.mygroundbiz.com/news?sort=Date&archive=2018-05&if=True,Recent Customer Alerts link inventory row 96 (link order 95),AUTHENTICATED_LINK_DISCOVERED,NOT_YET_REVIEWED,POTENTIALLY_RELEVANT,NOT_ACQUIRED,Open while authenticated; durably capture the complete archive page; inventory every article and pagination link; assess each article under the broad driver-operational inclusion standard; do not treat archive or article titles as evidence.
MGB-ARCHIVE-0071,SRC-MGB-PAGE-0023,96,April 2018,2018-04,https://www.mygroundbiz.com/news?sort=Date&archive=2018-04&if=True,Recent Customer Alerts link inventory row 97 (link order 96),AUTHENTICATED_LINK_DISCOVERED,NOT_YET_REVIEWED,POTENTIALLY_RELEVANT,NOT_ACQUIRED,Open while authenticated; durably capture the complete archive page; inventory every article and pagination link; assess each article under the broad driver-operational inclusion standard; do not treat archive or article titles as evidence.
MGB-ARCHIVE-0072,SRC-MGB-PAGE-0023,97,March 2018,2018-03,https://www.mygroundbiz.com/news?sort=Date&archive=2018-03&if=True,Recent Customer Alerts link inventory row 98 (link order 97),AUTHENTICATED_LINK_DISCOVERED,NOT_YET_REVIEWED,POTENTIALLY_RELEVANT,NOT_ACQUIRED,Open while authenticated; durably capture the complete archive page; inventory every article and pagination link; assess each article under the broad driver-operational inclusion standard; do not treat archive or article titles as evidence.
MGB-ARCHIVE-0073,SRC-MGB-PAGE-0023,98,February 2018,2018-02,https://www.mygroundbiz.com/news?sort=Date&archive=2018-02&if=True,Recent Customer Alerts link inventory row 99 (link order 98),AUTHENTICATED_LINK_DISCOVERED,NOT_YET_REVIEWED,POTENTIALLY_RELEVANT,NOT_ACQUIRED,Open while authenticated; durably capture the complete archive page; inventory every article and pagination link; assess each article under the broad driver-operational inclusion standard; do not treat archive or article titles as evidence.
MGB-ARCHIVE-0074,SRC-MGB-PAGE-0023,99,January 2018,2018-01,https://www.mygroundbiz.com/news?sort=Date&archive=2018-01&if=True,Recent Customer Alerts link inventory row 100 (link order 99),AUTHENTICATED_LINK_DISCOVERED,NOT_YET_REVIEWED,POTENTIALLY_RELEVANT,NOT_ACQUIRED,Open while authenticated; durably capture the complete archive page; inventory every article and pagination link; assess each article under the broad driver-operational inclusion standard; do not treat archive or article titles as evidence.
MGB-ARCHIVE-0075,SRC-MGB-PAGE-0023,100,December 2017,2017-12,https://www.mygroundbiz.com/news?sort=Date&archive=2017-12&if=True,Recent Customer Alerts link inventory row 101 (link order 100),AUTHENTICATED_LINK_DISCOVERED,NOT_YET_REVIEWED,POTENTIALLY_RELEVANT,NOT_ACQUIRED,Open while authenticated; durably capture the complete archive page; inventory every article and pagination link; assess each article under the broad driver-operational inclusion standard; do not treat archive or article titles as evidence.
MGB-ARCHIVE-0076,SRC-MGB-PAGE-0023,101,November 2017,2017-11,https://www.mygroundbiz.com/news?sort=Date&archive=2017-11&if=True,Recent Customer Alerts link inventory row 102 (link order 101),AUTHENTICATED_LINK_DISCOVERED,NOT_YET_REVIEWED,POTENTIALLY_RELEVANT,NOT_ACQUIRED,Open while authenticated; durably capture the complete archive page; inventory every article and pagination link; assess each article under the broad driver-operational inclusion standard; do not treat archive or article titles as evidence.
MGB-ARCHIVE-0077,SRC-MGB-PAGE-0023,102,October 2017,2017-10,https://www.mygroundbiz.com/news?sort=Date&archive=2017-10&if=True,Recent Customer Alerts link inventory row 103 (link order 102),AUTHENTICATED_LINK_DISCOVERED,NOT_YET_REVIEWED,POTENTIALLY_RELEVANT,NOT_ACQUIRED,Open while authenticated; durably capture the complete archive page; inventory every article and pagination link; assess each article under the broad driver-operational inclusion standard; do not treat archive or article titles as evidence.
MGB-ARCHIVE-0078,SRC-MGB-PAGE-0023,103,September 2017,2017-09,https://www.mygroundbiz.com/news?sort=Date&archive=2017-09&if=True,Recent Customer Alerts link inventory row 104 (link order 103),AUTHENTICATED_LINK_DISCOVERED,NOT_YET_REVIEWED,POTENTIALLY_RELEVANT,NOT_ACQUIRED,Open while authenticated; durably capture the complete archive page; inventory every article and pagination link; assess each article under the broad driver-operational inclusion standard; do not treat archive or article titles as evidence.
MGB-ARCHIVE-0079,SRC-MGB-PAGE-0023,104,August 2017,2017-08,https://www.mygroundbiz.com/news?sort=Date&archive=2017-08&if=True,Recent Customer Alerts link inventory row 105 (link order 104),AUTHENTICATED_LINK_DISCOVERED,NOT_YET_REVIEWED,POTENTIALLY_RELEVANT,NOT_ACQUIRED,Open while authenticated; durably capture the complete archive page; inventory every article and pagination link; assess each article under the broad driver-operational inclusion standard; do not treat archive or article titles as evidence.
MGB-ARCHIVE-0080,SRC-MGB-PAGE-0023,105,July 2017,2017-07,https://www.mygroundbiz.com/news?sort=Date&archive=2017-07&if=True,Recent Customer Alerts link inventory row 106 (link order 105),AUTHENTICATED_LINK_DISCOVERED,NOT_YET_REVIEWED,POTENTIALLY_RELEVANT,NOT_ACQUIRED,Open while authenticated; durably capture the complete archive page; inventory every article and pagination link; assess each article under the broad driver-operational inclusion standard; do not treat archive or article titles as evidence.
MGB-ARCHIVE-0081,SRC-MGB-PAGE-0023,106,June 2017,2017-06,https://www.mygroundbiz.com/news?sort=Date&archive=2017-06&if=True,Recent Customer Alerts link inventory row 107 (link order 106),AUTHENTICATED_LINK_DISCOVERED,NOT_YET_REVIEWED,POTENTIALLY_RELEVANT,NOT_ACQUIRED,Open while authenticated; durably capture the complete archive page; inventory every article and pagination link; assess each article under the broad driver-operational inclusion standard; do not treat archive or article titles as evidence.
MGB-ARCHIVE-0082,SRC-MGB-PAGE-0023,107,May 2017,2017-05,https://www.mygroundbiz.com/news?sort=Date&archive=2017-05&if=True,Recent Customer Alerts link inventory row 108 (link order 107),AUTHENTICATED_LINK_DISCOVERED,NOT_YET_REVIEWED,POTENTIALLY_RELEVANT,NOT_ACQUIRED,Open while authenticated; durably capture the complete archive page; inventory every article and pagination link; assess each article under the broad driver-operational inclusion standard; do not treat archive or article titles as evidence.
MGB-ARCHIVE-0083,SRC-MGB-PAGE-0023,108,April 2017,2017-04,https://www.mygroundbiz.com/news?sort=Date&archive=2017-04&if=True,Recent Customer Alerts link inventory row 109 (link order 108),AUTHENTICATED_LINK_DISCOVERED,NOT_YET_REVIEWED,POTENTIALLY_RELEVANT,NOT_ACQUIRED,Open while authenticated; durably capture the complete archive page; inventory every article and pagination link; assess each article under the broad driver-operational inclusion standard; do not treat archive or article titles as evidence.
MGB-ARCHIVE-0084,SRC-MGB-PAGE-0023,109,March 2017,2017-03,https://www.mygroundbiz.com/news?sort=Date&archive=2017-03&if=True,Recent Customer Alerts link inventory row 110 (link order 109),AUTHENTICATED_LINK_DISCOVERED,NOT_YET_REVIEWED,POTENTIALLY_RELEVANT,NOT_ACQUIRED,Open while authenticated; durably capture the complete archive page; inventory every article and pagination link; assess each article under the broad driver-operational inclusion standard; do not treat archive or article titles as evidence.
MGB-ARCHIVE-0085,SRC-MGB-PAGE-0023,110,February 2017,2017-02,https://www.mygroundbiz.com/news?sort=Date&archive=2017-02&if=True,Recent Customer Alerts link inventory row 111 (link order 110),AUTHENTICATED_LINK_DISCOVERED,NOT_YET_REVIEWED,POTENTIALLY_RELEVANT,NOT_ACQUIRED,Open while authenticated; durably capture the complete archive page; inventory every article and pagination link; assess each article under the broad driver-operational inclusion standard; do not treat archive or article titles as evidence.
MGB-ARCHIVE-0086,SRC-MGB-PAGE-0023,111,January 2017,2017-01,https://www.mygroundbiz.com/news?sort=Date&archive=2017-01&if=True,Recent Customer Alerts link inventory row 112 (link order 111),AUTHENTICATED_LINK_DISCOVERED,NOT_YET_REVIEWED,POTENTIALLY_RELEVANT,NOT_ACQUIRED,Open while authenticated; durably capture the complete archive page; inventory every article and pagination link; assess each article under the broad driver-operational inclusion standard; do not treat archive or article titles as evidence.
MGB-ARCHIVE-0087,SRC-MGB-PAGE-0023,112,June 2016,2016-06,https://www.mygroundbiz.com/news?sort=Date&archive=2016-06&if=True,Recent Customer Alerts link inventory row 113 (link order 112),AUTHENTICATED_LINK_DISCOVERED,NOT_YET_REVIEWED,POTENTIALLY_RELEVANT,NOT_ACQUIRED,Open while authenticated; durably capture the complete archive page; inventory every article and pagination link; assess each article under the broad driver-operational inclusion standard; do not treat archive or article titles as evidence.
MGB-ARCHIVE-0088,SRC-MGB-PAGE-0023,113,April 2016,2016-04,https://www.mygroundbiz.com/news?sort=Date&archive=2016-04&if=True,Recent Customer Alerts link inventory row 114 (link order 113),AUTHENTICATED_LINK_DISCOVERED,NOT_YET_REVIEWED,POTENTIALLY_RELEVANT,NOT_ACQUIRED,Open while authenticated; durably capture the complete archive page; inventory every article and pagination link; assess each article under the broad driver-operational inclusion standard; do not treat archive or article titles as evidence.
MGB-ARCHIVE-0089,SRC-MGB-PAGE-0023,114,February 2016,2016-02,https://www.mygroundbiz.com/news?sort=Date&archive=2016-02&if=True,Recent Customer Alerts link inventory row 115 (link order 114),AUTHENTICATED_LINK_DISCOVERED,NOT_YET_REVIEWED,POTENTIALLY_RELEVANT,NOT_ACQUIRED,Open while authenticated; durably capture the complete archive page; inventory every article and pagination link; assess each article under the broad driver-operational inclusion standard; do not treat archive or article titles as evidence.
MGB-ARCHIVE-0090,SRC-MGB-PAGE-0023,115,January 2016,2016-01,https://www.mygroundbiz.com/news?sort=Date&archive=2016-01&if=True,Recent Customer Alerts link inventory row 116 (link order 115),AUTHENTICATED_LINK_DISCOVERED,NOT_YET_REVIEWED,POTENTIALLY_RELEVANT,NOT_ACQUIRED,Open while authenticated; durably capture the complete archive page; inventory every article and pagination link; assess each article under the broad driver-operational inclusion standard; do not treat archive or article titles as evidence.
MGB-ARCHIVE-0091,SRC-MGB-PAGE-0023,116,December 2015,2015-12,https://www.mygroundbiz.com/news?sort=Date&archive=2015-12&if=True,Recent Customer Alerts link inventory row 117 (link order 116),AUTHENTICATED_LINK_DISCOVERED,NOT_YET_REVIEWED,POTENTIALLY_RELEVANT,NOT_ACQUIRED,Open while authenticated; durably capture the complete archive page; inventory every article and pagination link; assess each article under the broad driver-operational inclusion standard; do not treat archive or article titles as evidence.
MGB-ARCHIVE-0092,SRC-MGB-PAGE-0023,117,November 2015,2015-11,https://www.mygroundbiz.com/news?sort=Date&archive=2015-11&if=True,Recent Customer Alerts link inventory row 118 (link order 117),AUTHENTICATED_LINK_DISCOVERED,NOT_YET_REVIEWED,POTENTIALLY_RELEVANT,NOT_ACQUIRED,Open while authenticated; durably capture the complete archive page; inventory every article and pagination link; assess each article under the broad driver-operational inclusion standard; do not treat archive or article titles as evidence.
MGB-ARCHIVE-0093,SRC-MGB-PAGE-0023,118,October 2015,2015-10,https://www.mygroundbiz.com/news?sort=Date&archive=2015-10&if=True,Recent Customer Alerts link inventory row 119 (link order 118),AUTHENTICATED_LINK_DISCOVERED,NOT_YET_REVIEWED,POTENTIALLY_RELEVANT,NOT_ACQUIRED,Open while authenticated; durably capture the complete archive page; inventory every article and pagination link; assess each article under the broad driver-operational inclusion standard; do not treat archive or article titles as evidence.
MGB-ARCHIVE-0094,SRC-MGB-PAGE-0023,119,September 2015,2015-09,https://www.mygroundbiz.com/news?sort=Date&archive=2015-09&if=True,Recent Customer Alerts link inventory row 120 (link order 119),AUTHENTICATED_LINK_DISCOVERED,NOT_YET_REVIEWED,POTENTIALLY_RELEVANT,NOT_ACQUIRED,Open while authenticated; durably capture the complete archive page; inventory every article and pagination link; assess each article under the broad driver-operational inclusion standard; do not treat archive or article titles as evidence.
MGB-ARCHIVE-0095,SRC-MGB-PAGE-0023,120,August 2015,2015-08,https://www.mygroundbiz.com/news?sort=Date&archive=2015-08&if=True,Recent Customer Alerts link inventory row 121 (link order 120),AUTHENTICATED_LINK_DISCOVERED,NOT_YET_REVIEWED,POTENTIALLY_RELEVANT,NOT_ACQUIRED,Open while authenticated; durably capture the complete archive page; inventory every article and pagination link; assess each article under the broad driver-operational inclusion standard; do not treat archive or article titles as evidence.
MGB-ARCHIVE-0096,SRC-MGB-PAGE-0023,121,June 2015,2015-06,https://www.mygroundbiz.com/news?sort=Date&archive=2015-06&if=True,Recent Customer Alerts link inventory row 122 (link order 121),AUTHENTICATED_LINK_DISCOVERED,NOT_YET_REVIEWED,POTENTIALLY_RELEVANT,NOT_ACQUIRED,Open while authenticated; durably capture the complete archive page; inventory every article and pagination link; assess each article under the broad driver-operational inclusion standard; do not treat archive or article titles as evidence.
MGB-ARCHIVE-0097,SRC-MGB-PAGE-0023,122,May 2015,2015-05,https://www.mygroundbiz.com/news?sort=Date&archive=2015-05&if=True,Recent Customer Alerts link inventory row 123 (link order 122),AUTHENTICATED_LINK_DISCOVERED,NOT_YET_REVIEWED,POTENTIALLY_RELEVANT,NOT_ACQUIRED,Open while authenticated; durably capture the complete archive page; inventory every article and pagination link; assess each article under the broad driver-operational inclusion standard; do not treat archive or article titles as evidence.
MGB-ARCHIVE-0098,SRC-MGB-PAGE-0023,123,March 2015,2015-03,https://www.mygroundbiz.com/news?sort=Date&archive=2015-03&if=True,Recent Customer Alerts link inventory row 124 (link order 123),AUTHENTICATED_LINK_DISCOVERED,NOT_YET_REVIEWED,POTENTIALLY_RELEVANT,NOT_ACQUIRED,Open while authenticated; durably capture the complete archive page; inventory every article and pagination link; assess each article under the broad driver-operational inclusion standard; do not treat archive or article titles as evidence.
MGB-ARCHIVE-0099,SRC-MGB-PAGE-0023,124,February 2015,2015-02,https://www.mygroundbiz.com/news?sort=Date&archive=2015-02&if=True,Recent Customer Alerts link inventory row 125 (link order 124),AUTHENTICATED_LINK_DISCOVERED,NOT_YET_REVIEWED,POTENTIALLY_RELEVANT,NOT_ACQUIRED,Open while authenticated; durably capture the complete archive page; inventory every article and pagination link; assess each article under the broad driver-operational inclusion standard; do not treat archive or article titles as evidence.
MGB-ARCHIVE-0100,SRC-MGB-PAGE-0023,125,January 2015,2015-01,https://www.mygroundbiz.com/news?sort=Date&archive=2015-01&if=True,Recent Customer Alerts link inventory row 126 (link order 125),AUTHENTICATED_LINK_DISCOVERED,NOT_YET_REVIEWED,POTENTIALLY_RELEVANT,NOT_ACQUIRED,Open while authenticated; durably capture the complete archive page; inventory every article and pagination link; assess each article under the broad driver-operational inclusion standard; do not treat archive or article titles as evidence.
