canonical_library_item_id,also_listed_as,title,url,posted_date,operation_scope,backlog_status,source_inventory_status,next_action
MGB-SAFETY-TOPIC-0003,,Changing lanes,https://www.mygroundbiz.com/-/media/FXGMGB/docs/Safety/FY26-VSM/CHANGING-LANESVSM072026ENGFINAL.ashx,07/21/2026,PENDING_CLASSIFICATION,OPEN,NOT_CREATED,DOWNLOAD_ARCHIVE_REVIEW_ALL_PAGES_AND_INVENTORY_REFERENCES
MGB-SAFETY-TOPIC-0004,,Aggressive driving,https://www.mygroundbiz.com/-/media/FXGMGB/docs/Safety/FY26-VSM/AGGRESSIVE-DRIVINGVSM071326ENG.ashx,07/13/2026,PENDING_CLASSIFICATION,OPEN,NOT_CREATED,DOWNLOAD_ARCHIVE_REVIEW_ALL_PAGES_AND_INVENTORY_REFERENCES
MGB-SAFETY-TOPIC-0005,,Speed | Ops Safe Driver Week,https://www.mygroundbiz.com/-/media/FXGMGB/docs/Safety/FY26-VSM/SPEEDVSM070626-FINAL.ashx,07/06/2026,PENDING_CLASSIFICATION,OPEN,NOT_CREATED,DOWNLOAD_ARCHIVE_REVIEW_ALL_PAGES_AND_INVENTORY_REFERENCES
MGB-SAFETY-TOPIC-0006,,Summer holidays and traffic,https://www.mygroundbiz.com/-/media/FXGMGB/docs/Safety/FY26-VSM/Summer-and-Holiday-Traffic-VSM-062926ENG.ashx,06/29/2026,PENDING_CLASSIFICATION,OPEN,NOT_CREATED,DOWNLOAD_ARCHIVE_REVIEW_ALL_PAGES_AND_INVENTORY_REFERENCES
MGB-SAFETY-TOPIC-0007,,Summer adverse weather,https://www.mygroundbiz.com/-/media/FXGMGB/docs/Safety/FY26-VSM/SUMMER-ADVERSE-WEATHERVSM62226ENG.ashx,06/22/2026,PENDING_CLASSIFICATION,OPEN,NOT_CREATED,DOWNLOAD_ARCHIVE_REVIEW_ALL_PAGES_AND_INVENTORY_REFERENCES
MGB-SAFETY-TOPIC-0008,,Work zone awareness,https://www.mygroundbiz.com/-/media/FXGMGB/docs/Safety/FY26-VSM/Work-Zone-AwarenessVSM061526ENFINAL.ashx,06/15/2026,PENDING_CLASSIFICATION,OPEN,NOT_CREATED,DOWNLOAD_ARCHIVE_REVIEW_ALL_PAGES_AND_INVENTORY_REFERENCES
MGB-SAFETY-TOPIC-0009,MGB-SAFETY-TOPIC-0069,Cognitive distraction,https://www.mygroundbiz.com/-/media/FXGMGB/docs/Safety/FY26-VSM/COGNITIVE-DISTRACTION-VSM-060925ENG.ashx,06/08/2026,PENDING_CLASSIFICATION,OPEN,NOT_CREATED,DOWNLOAD_ARCHIVE_REVIEW_ALL_PAGES_AND_INVENTORY_REFERENCES
MGB-SAFETY-TOPIC-0010,,Summer and seat belts,https://www.mygroundbiz.com/-/media/FXGMGB/docs/Safety/FY26-VSM/Summer-SafetySeat-BeltsVSM060126FINAL.ashx,06/01/2026,PENDING_CLASSIFICATION,OPEN,NOT_CREATED,DOWNLOAD_ARCHIVE_REVIEW_ALL_PAGES_AND_INVENTORY_REFERENCES
MGB-SAFETY-TOPIC-0011,,Fog,https://www.mygroundbiz.com/-/media/FXGMGB/docs/Safety/FY26-VSM/FOGVSM52526ENG-FINAL.ashx,05/26/2026,PENDING_CLASSIFICATION,OPEN,NOT_CREATED,DOWNLOAD_ARCHIVE_REVIEW_ALL_PAGES_AND_INVENTORY_REFERENCES
MGB-SAFETY-TOPIC-0012,,Motorcycle awareness,https://www.mygroundbiz.com/-/media/FXGMGB/docs/Safety/FY26-VSM/MOTORCYCLE-AWARENESSENGVSM051826FINAL.ashx,05/19/2026,PENDING_CLASSIFICATION,OPEN,NOT_CREATED,DOWNLOAD_ARCHIVE_REVIEW_ALL_PAGES_AND_INVENTORY_REFERENCES
MGB-SAFETY-TOPIC-0013,,Road Rage De-escalation,https://www.mygroundbiz.com/-/media/FXGMGB/docs/Safety/FY26-VSM/Road-Rage-DeEscalationSafetyTopic51126ENGFINAL.ashx,05/08/2026,PENDING_CLASSIFICATION,OPEN,NOT_CREATED,DOWNLOAD_ARCHIVE_REVIEW_ALL_PAGES_AND_INVENTORY_REFERENCES
MGB-SAFETY-TOPIC-0014,,CVSA international roadcheck,https://www.mygroundbiz.com/-/media/FXGMGB/docs/Safety/FY26-VSM/CVSA-Intl-Roadcheck-050426VSMENGFINAL.ashx,05/04/2026,PENDING_CLASSIFICATION,OPEN,NOT_CREATED,DOWNLOAD_ARCHIVE_REVIEW_ALL_PAGES_AND_INVENTORY_REFERENCES
MGB-SAFETY-TOPIC-0015,,Rear-end collisions,https://www.mygroundbiz.com/-/media/FXGMGB/docs/Safety/FY26-VSM/Rear-End-Collisions-4_27_26_EN.ashx,04/27/2026,PENDING_CLASSIFICATION,OPEN,NOT_CREATED,DOWNLOAD_ARCHIVE_REVIEW_ALL_PAGES_AND_INVENTORY_REFERENCES
MGB-SAFETY-TOPIC-0016,,Backing,https://www.mygroundbiz.com/-/media/FXGMGB/docs/Safety/FY26-VSM/BACKING-PDVSM042026EN.ashx,04/20/2026,PENDING_CLASSIFICATION,OPEN,NOT_CREATED,DOWNLOAD_ARCHIVE_REVIEW_ALL_PAGES_AND_INVENTORY_REFERENCES
MGB-SAFETY-TOPIC-0017,,Wildlife Awareness,https://www.mygroundbiz.com/-/media/FXGMGB/docs/Safety/FY26-VSM/WILDLIFE-AWARENESSVSM042026EN.ashx,04/20/2026,PENDING_CLASSIFICATION,OPEN,NOT_CREATED,DOWNLOAD_ARCHIVE_REVIEW_ALL_PAGES_AND_INVENTORY_REFERENCES
MGB-SAFETY-TOPIC-0018,,Work zone awareness,https://www.mygroundbiz.com/-/media/FXGMGB/docs/Safety/FY26-VSM/Work-Zone-AwarenessVSM041326EN.ashx,04/14/2026,PENDING_CLASSIFICATION,OPEN,NOT_CREATED,DOWNLOAD_ARCHIVE_REVIEW_ALL_PAGES_AND_INVENTORY_REFERENCES
MGB-SAFETY-TOPIC-0020,,Rollovers,https://www.mygroundbiz.com/-/media/FXGMGB/docs/Safety/FY26-VSM/ROLLOVERSLHVSM040626EN.ashx,04/06/2026,PENDING_CLASSIFICATION,OPEN,NOT_CREATED,DOWNLOAD_ARCHIVE_REVIEW_ALL_PAGES_AND_INVENTORY_REFERENCES
MGB-SAFETY-TOPIC-0021,,Distracted driving,https://www.mygroundbiz.com/-/media/FXGMGB/docs/Safety/FY26-VSM/Distracted-DrivingVSM33026ENG.ashx,03/31/2026,PENDING_CLASSIFICATION,OPEN,NOT_CREATED,DOWNLOAD_ARCHIVE_REVIEW_ALL_PAGES_AND_INVENTORY_REFERENCES
MGB-SAFETY-TOPIC-0022,,Changing lanes,https://www.mygroundbiz.com/-/media/FXGMGB/docs/Safety/FY26-VSM/CHANGING-LANESVSM032326ENGFINAL.ashx,03/23/2026,PENDING_CLASSIFICATION,OPEN,NOT_CREATED,DOWNLOAD_ARCHIVE_REVIEW_ALL_PAGES_AND_INVENTORY_REFERENCES
MGB-SAFETY-TOPIC-0023,,Seat belts,https://www.mygroundbiz.com/-/media/FXGMGB/docs/Safety/FY26-VSM/SEAT-BELTSVSM03162026ENG.ashx,03/17/2026,PENDING_CLASSIFICATION,OPEN,NOT_CREATED,DOWNLOAD_ARCHIVE_REVIEW_ALL_PAGES_AND_INVENTORY_REFERENCES
MGB-SAFETY-TOPIC-0024,,Driving drowsy,https://www.mygroundbiz.com/-/media/FXGMGB/docs/Safety/FY26-VSM/DROWSY-DRIVINGVSM392026ENG.ashx,03/09/2026,PENDING_CLASSIFICATION,OPEN,NOT_CREATED,DOWNLOAD_ARCHIVE_REVIEW_ALL_PAGES_AND_INVENTORY_REFERENCES
MGB-SAFETY-TOPIC-0025,,Driving in fog,https://www.mygroundbiz.com/-/media/FXGMGB/docs/Safety/FY26-VSM/FOGVSM3226ENG-FINAL.ashx,03/03/2026,PENDING_CLASSIFICATION,OPEN,NOT_CREATED,DOWNLOAD_ARCHIVE_REVIEW_ALL_PAGES_AND_INVENTORY_REFERENCES
MGB-SAFETY-TOPIC-0026,,Speed,https://www.mygroundbiz.com/-/media/FXGMGB/docs/Safety/FY26-VSM/SPEEDVSM22326ENG.ashx,02/23/2026,PENDING_CLASSIFICATION,OPEN,NOT_CREATED,DOWNLOAD_ARCHIVE_REVIEW_ALL_PAGES_AND_INVENTORY_REFERENCES
MGB-SAFETY-TOPIC-0027,,Railroad intersections,https://www.mygroundbiz.com/-/media/FXGMGB/docs/Safety/FY26-VSM/PD-RAILROAD-SAFETY-INTERSECTIONSVSM022326ENG.ashx,02/23/2026,PENDING_CLASSIFICATION,OPEN,NOT_CREATED,DOWNLOAD_ARCHIVE_REVIEW_ALL_PAGES_AND_INVENTORY_REFERENCES
MGB-SAFETY-TOPIC-0028,,Human trafficking awareness,https://www.mygroundbiz.com/-/media/FXGMGB/docs/Safety/FY26-VSM/Human-Trafficking-VSM21626ENG.ashx,02/16/2026,PENDING_CLASSIFICATION,OPEN,NOT_CREATED,DOWNLOAD_ARCHIVE_REVIEW_ALL_PAGES_AND_INVENTORY_REFERENCES
MGB-SAFETY-TOPIC-0029,,Aggressive driving,https://www.mygroundbiz.com/-/media/FXGMGB/docs/Safety/FY26-VSM/AGGRESSIVE-DRIVINGVSM020926ENG.ashx,02/09/2026,PENDING_CLASSIFICATION,OPEN,NOT_CREATED,DOWNLOAD_ARCHIVE_REVIEW_ALL_PAGES_AND_INVENTORY_REFERENCES
MGB-SAFETY-TOPIC-0030,,Work Zone Awareness,https://www.mygroundbiz.com/-/media/FXGMGB/docs/Safety/FY26-VSM/Work-Zone-AwarenessVSM020826EN.ashx,02/02/2026,PENDING_CLASSIFICATION,OPEN,NOT_CREATED,DOWNLOAD_ARCHIVE_REVIEW_ALL_PAGES_AND_INVENTORY_REFERENCES
MGB-SAFETY-TOPIC-0031,,Large packages,https://www.mygroundbiz.com/-/media/FXGMGB/docs/Safety/FY26-VSM/Large-PackagesPDVSM012626ENGFINAL.ashx,01/27/2026,PENDING_CLASSIFICATION,OPEN,NOT_CREATED,DOWNLOAD_ARCHIVE_REVIEW_ALL_PAGES_AND_INVENTORY_REFERENCES
MGB-SAFETY-TOPIC-0032,,Vehicle maintenance,https://www.mygroundbiz.com/-/media/FXGMGB/docs/Safety/FY26-VSM/LH-VEHICLE-MAINTENANCE-USCANVSM12626-FINAL.ashx,01/27/2026,PENDING_CLASSIFICATION,OPEN,NOT_CREATED,DOWNLOAD_ARCHIVE_REVIEW_ALL_PAGES_AND_INVENTORY_REFERENCES
MGB-SAFETY-TOPIC-0033,MGB-SAFETY-TOPIC-0046,Distracted driving,https://www.mygroundbiz.com/-/media/FXGMGB/docs/Safety/FY26-VSM/Distracted-DrivingVSM11926ENG.ashx,01/19/2026,PENDING_CLASSIFICATION,OPEN,NOT_CREATED,DOWNLOAD_ARCHIVE_REVIEW_ALL_PAGES_AND_INVENTORY_REFERENCES
MGB-SAFETY-TOPIC-0034,,Human trafficking,https://www.mygroundbiz.com/-/media/FXGMGB/docs/Safety/FY26-VSM/Human-Trafficking-VSM11226ENG.ashx,01/12/2026,PENDING_CLASSIFICATION,OPEN,NOT_CREATED,DOWNLOAD_ARCHIVE_REVIEW_ALL_PAGES_AND_INVENTORY_REFERENCES
MGB-SAFETY-TOPIC-0035,,Adverse weather - winter,https://www.mygroundbiz.com/-/media/FXGMGB/docs/Safety/FY26-VSM/AdverseWeatherVSM152026EN.ashx,01/06/2026,PENDING_CLASSIFICATION,OPEN,NOT_CREATED,DOWNLOAD_ARCHIVE_REVIEW_ALL_PAGES_AND_INVENTORY_REFERENCES
MGB-SAFETY-TOPIC-0036,MGB-SAFETY-TOPIC-0053,Sideswipe collisions,https://www.mygroundbiz.com/-/media/FXGMGB/docs/Safety/FY26-VSM/SIDESWIPEVSM122925-ENG.ashx,12/29/2025,PENDING_CLASSIFICATION,OPEN,NOT_CREATED,DOWNLOAD_ARCHIVE_REVIEW_ALL_PAGES_AND_INVENTORY_REFERENCES
MGB-SAFETY-TOPIC-0037,,Holiday Traffic - US,https://www.mygroundbiz.com/-/media/FXGMGB/docs/Safety/FY26-VSM/HOLIDAY-TRAFFICVSM122225-ENG-US.ashx,12/22/2025,PENDING_CLASSIFICATION,OPEN,NOT_CREATED,DOWNLOAD_ARCHIVE_REVIEW_ALL_PAGES_AND_INVENTORY_REFERENCES
MGB-SAFETY-TOPIC-0038,,Holiday Traffic - Canada,https://www.mygroundbiz.com/-/media/FXGMGB/docs/Safety/FY26-VSM/HOLIDAY-TRAFFICVSM122225-ENG-CANADA.ashx,12/22/2025,PENDING_CLASSIFICATION,OPEN,NOT_CREATED,DOWNLOAD_ARCHIVE_REVIEW_ALL_PAGES_AND_INVENTORY_REFERENCES
MGB-SAFETY-TOPIC-0039,,Driveway safety,https://www.mygroundbiz.com/-/media/FXGMGB/docs/Safety/FY26-VSM/PD-Driveway-Safety-12_15_25-EN.ashx,12/15/2025,PENDING_CLASSIFICATION,OPEN,NOT_CREATED,DOWNLOAD_ARCHIVE_REVIEW_ALL_PAGES_AND_INVENTORY_REFERENCES
MGB-SAFETY-TOPIC-0040,,Rollovers,https://www.mygroundbiz.com/-/media/FXGMGB/docs/Safety/FY26-VSM/ROLLOVERSLHVSM121525EN.ashx,12/15/2025,PENDING_CLASSIFICATION,OPEN,NOT_CREATED,DOWNLOAD_ARCHIVE_REVIEW_ALL_PAGES_AND_INVENTORY_REFERENCES
MGB-SAFETY-TOPIC-0041,,Wildlife awareness,https://www.mygroundbiz.com/-/media/FXGMGB/docs/Safety/FY26-VSM/WILDLIFE-AWARENESSVSM12825EN.ashx,12/08/2025,PENDING_CLASSIFICATION,OPEN,NOT_CREATED,DOWNLOAD_ARCHIVE_REVIEW_ALL_PAGES_AND_INVENTORY_REFERENCES
MGB-SAFETY-TOPIC-0042,,Adverse weather,https://www.mygroundbiz.com/-/media/FXGMGB/docs/Safety/FY26-VSM/ADVERSE-WEATHERVSM1212025ENG.ashx,12/02/2025,PENDING_CLASSIFICATION,OPEN,NOT_CREATED,DOWNLOAD_ARCHIVE_REVIEW_ALL_PAGES_AND_INVENTORY_REFERENCES
MGB-SAFETY-TOPIC-0043,,Backing,https://www.mygroundbiz.com/-/media/FXGMGB/docs/Safety/FY26-VSM/BACKING-PDVSM112425EN.ashx,11/24/2025,PENDING_CLASSIFICATION,OPEN,NOT_CREATED,DOWNLOAD_ARCHIVE_REVIEW_ALL_PAGES_AND_INVENTORY_REFERENCES
MGB-SAFETY-TOPIC-0044,,Excessive speed,https://www.mygroundbiz.com/-/media/FXGMGB/docs/Safety/FY26-VSM/SPEEDVSM111725ENG-1.ashx,11/18/2025,PENDING_CLASSIFICATION,OPEN,NOT_CREATED,DOWNLOAD_ARCHIVE_REVIEW_ALL_PAGES_AND_INVENTORY_REFERENCES
MGB-SAFETY-TOPIC-0045,,Seat belts save lives,https://www.mygroundbiz.com/-/media/FXGMGB/docs/Safety/FY26-VSM/SEAT-BELTSVSM11102025ENG.ashx,11/10/2025,PENDING_CLASSIFICATION,OPEN,NOT_CREATED,DOWNLOAD_ARCHIVE_REVIEW_ALL_PAGES_AND_INVENTORY_REFERENCES
MGB-SAFETY-TOPIC-0047,,Rollovers,https://www.mygroundbiz.com/-/media/FXGMGB/docs/Safety/FY26-VSM/ROLLOVERSLHVSM101625EN.ashx,10/20/2025,PENDING_CLASSIFICATION,OPEN,NOT_CREATED,DOWNLOAD_ARCHIVE_REVIEW_ALL_PAGES_AND_INVENTORY_REFERENCES
MGB-SAFETY-TOPIC-0048,,Dog bite prevention,https://www.mygroundbiz.com/-/media/FXGMGB/docs/Safety/FY26-VSM/Dog-Bite-Prevention-VSM-102025-EN.ashx,10/20/2025,PENDING_CLASSIFICATION,OPEN,NOT_CREATED,DOWNLOAD_ARCHIVE_REVIEW_ALL_PAGES_AND_INVENTORY_REFERENCES
MGB-SAFETY-TOPIC-0049,,Wildlife awareness,https://www.mygroundbiz.com/-/media/FXGMGB/docs/Safety/FY26-VSM/WILDLIFE-AWARENESSVSM101325EN.ashx,10/13/2025,PENDING_CLASSIFICATION,OPEN,NOT_CREATED,DOWNLOAD_ARCHIVE_REVIEW_ALL_PAGES_AND_INVENTORY_REFERENCES
MGB-SAFETY-TOPIC-0050,,Driveway safety,https://www.mygroundbiz.com/-/media/FXGMGB/docs/Safety/FY26-VSM/PD-Driveway-Safety-10_6_25-English.ashx,10/06/2025,PENDING_CLASSIFICATION,OPEN,NOT_CREATED,DOWNLOAD_ARCHIVE_REVIEW_ALL_PAGES_AND_INVENTORY_REFERENCES
MGB-SAFETY-TOPIC-0051,,Rear-end collisions,https://www.mygroundbiz.com/-/media/FXGMGB/docs/Safety/FY26-VSM/Rear-End-Collisions-10_6_25-English.ashx,10/06/2025,PENDING_CLASSIFICATION,OPEN,NOT_CREATED,DOWNLOAD_ARCHIVE_REVIEW_ALL_PAGES_AND_INVENTORY_REFERENCES
MGB-SAFETY-TOPIC-0052,,Night Driving,https://www.mygroundbiz.com/-/media/FXGMGB/docs/Safety/FY26-VSM/Night-Driving_09_29_25_VSM_EN.ashx,09/29/2025,PENDING_CLASSIFICATION,OPEN,NOT_CREATED,DOWNLOAD_ARCHIVE_REVIEW_ALL_PAGES_AND_INVENTORY_REFERENCES
MGB-SAFETY-TOPIC-0054,,Fixed Object Collision,https://www.mygroundbiz.com/sitecore/shell/-/media/FXGMGB/docs/Safety/FY26-VSM/FixedObject-CollisionPDVSM091525ENG.ashx,09/15/2025,PENDING_CLASSIFICATION,OPEN,NOT_CREATED,DOWNLOAD_ARCHIVE_REVIEW_ALL_PAGES_AND_INVENTORY_REFERENCES
MGB-SAFETY-TOPIC-0055,,Drowsy Driving,https://www.mygroundbiz.com/-/media/FXGMGB/docs/Safety/FY26-VSM/DROWSY-DRIVINGVSM091525ENG.ashx,09/15/2025,PENDING_CLASSIFICATION,OPEN,NOT_CREATED,DOWNLOAD_ARCHIVE_REVIEW_ALL_PAGES_AND_INVENTORY_REFERENCES
MGB-SAFETY-TOPIC-0056,,Cognitive distraction,https://www.mygroundbiz.com/-/media/FXGMGB/docs/Safety/FY26-VSM/COGNITIVE-DISTRACTION-VSM-090825ENG.ashx,09/09/2025,PENDING_CLASSIFICATION,OPEN,NOT_CREATED,DOWNLOAD_ARCHIVE_REVIEW_ALL_PAGES_AND_INVENTORY_REFERENCES
MGB-SAFETY-TOPIC-0057,,Rollovers,https://www.mygroundbiz.com/-/media/FXGMGB/docs/Safety/FY26-VSM/ROLLOVERSLHVSM090125EN.ashx,09/02/2025,PENDING_CLASSIFICATION,OPEN,NOT_CREATED,DOWNLOAD_ARCHIVE_REVIEW_ALL_PAGES_AND_INVENTORY_REFERENCES
MGB-SAFETY-TOPIC-0058,,Backing FY26,https://www.mygroundbiz.com/-/media/FXGMGB/docs/Safety/FY26-VSM/BACKING-PDVSM090125EN.ashx,09/02/2025,PENDING_CLASSIFICATION,OPEN,NOT_CREATED,DOWNLOAD_ARCHIVE_REVIEW_ALL_PAGES_AND_INVENTORY_REFERENCES
MGB-SAFETY-TOPIC-0059,,Summer and Holiday Traffic,https://www.mygroundbiz.com/-/media/FXGMGB/docs/Safety/FY26-VSM/Summer-and-Holiday-Traffic-VSM-082525EN.ashx,08/26/2025,PENDING_CLASSIFICATION,OPEN,NOT_CREATED,DOWNLOAD_ARCHIVE_REVIEW_ALL_PAGES_AND_INVENTORY_REFERENCES
MGB-SAFETY-TOPIC-0060,,Back to School,https://www.mygroundbiz.com/-/media/FXGMGB/docs/Safety/FY26-VSM/BACKTOSCHOOL_VSM_08_25_25-EN.ashx,08/26/2025,PENDING_CLASSIFICATION,OPEN,NOT_CREATED,DOWNLOAD_ARCHIVE_REVIEW_ALL_PAGES_AND_INVENTORY_REFERENCES
MGB-SAFETY-TOPIC-0061,,Brake Safety Week,https://www.mygroundbiz.com/-/media/FXGMGB/docs/Safety/FY26-VSM/Brake-Safety-Week-VSM81825-ENG.ashx,08/18/2025,PENDING_CLASSIFICATION,OPEN,NOT_CREATED,DOWNLOAD_ARCHIVE_REVIEW_ALL_PAGES_AND_INVENTORY_REFERENCES
MGB-SAFETY-TOPIC-0062,,Sideswipes,https://www.mygroundbiz.com/sitecore/shell/-/media/FXGMGB/docs/Safety/FY26-VSM/SIDESWIPEVSM8425-ENGFINAL.ashx,08/04/2025,PENDING_CLASSIFICATION,OPEN,NOT_CREATED,DOWNLOAD_ARCHIVE_REVIEW_ALL_PAGES_AND_INVENTORY_REFERENCES
MGB-SAFETY-TOPIC-0063,,Dog bite prevention,https://www.mygroundbiz.com/-/media/FXGMGB/docs/Safety/FY25-VSMs/Dog-Bite-Prevention-VSM-040725-EN-FINAL.ashx,08/04/2025,PENDING_CLASSIFICATION,OPEN,NOT_CREATED,DOWNLOAD_ARCHIVE_REVIEW_ALL_PAGES_AND_INVENTORY_REFERENCES
MGB-SAFETY-TOPIC-0064,,Summer Driving,https://www.mygroundbiz.com/-/media/FXGMGB/docs/Safety/FY26-VSM/SUMMER-DRIVINGVSM072825ENGFINAL.ashx,07/28/2025,PENDING_CLASSIFICATION,OPEN,NOT_CREATED,DOWNLOAD_ARCHIVE_REVIEW_ALL_PAGES_AND_INVENTORY_REFERENCES
MGB-SAFETY-TOPIC-0065,,Excessive Speed,https://www.mygroundbiz.com/-/media/FXGMGB/docs/Safety/FY26-VSM/SPEEDVSM071425-FINAL.ashx,07/14/2025,PENDING_CLASSIFICATION,OPEN,NOT_CREATED,DOWNLOAD_ARCHIVE_REVIEW_ALL_PAGES_AND_INVENTORY_REFERENCES
MGB-SAFETY-TOPIC-0066,,Summer holiday traffic,https://www.mygroundbiz.com/-/media/FXGMGB/docs/Safety/FY26-VSM/Summer-and-Holiday-Traffic-VSM-063025-FINAL.ashx,07/02/2025,PENDING_CLASSIFICATION,OPEN,NOT_CREATED,DOWNLOAD_ARCHIVE_REVIEW_ALL_PAGES_AND_INVENTORY_REFERENCES
MGB-SAFETY-TOPIC-0067,,Summer adverse weather,https://www.mygroundbiz.com/-/media/FXGMGB/docs/Safety/FY26-VSM/SUMMER-ADVERSE-WEATHERVSM62325ENGFINAL.ashx,06/24/2025,PENDING_CLASSIFICATION,OPEN,NOT_CREATED,DOWNLOAD_ARCHIVE_REVIEW_ALL_PAGES_AND_INVENTORY_REFERENCES
MGB-SAFETY-TOPIC-0068,,Rollovers,https://www.mygroundbiz.com/-/media/FXGMGB/docs/Safety/FY26-VSM/ROLLOVERSLHVSM061625ENFINAL.ashx,06/18/2025,PENDING_CLASSIFICATION,OPEN,NOT_CREATED,DOWNLOAD_ARCHIVE_REVIEW_ALL_PAGES_AND_INVENTORY_REFERENCES
MGB-SAFETY-TOPIC-0070,,Road rage,https://www.mygroundbiz.com/-/media/FXGMGB/docs/Safety/FY25-VSMs/Road-Rage-DeEscalationSafetyTopic42825ENGFINAL.ashx,04/28/2025,PENDING_CLASSIFICATION,OPEN,NOT_CREATED,DOWNLOAD_ARCHIVE_REVIEW_ALL_PAGES_AND_INVENTORY_REFERENCES
MGB-SAFETY-TOPIC-0071,,Fog,https://www.mygroundbiz.com/-/media/FXGMGB/docs/Safety/FY25-VSMs/FOGVSM030325ENG-FINAL.ashx,03/03/2025,PENDING_CLASSIFICATION,OPEN,NOT_CREATED,DOWNLOAD_ARCHIVE_REVIEW_ALL_PAGES_AND_INVENTORY_REFERENCES
MGB-SAFETY-TOPIC-0072,,Human trafficking awareness,https://www.mygroundbiz.com/-/media/FXGMGB/docs/Safety/FY25-VSMs/Human-Trafficking-VSM-021725-ENG-FINAL.ashx,02/17/2025,PENDING_CLASSIFICATION,OPEN,NOT_CREATED,DOWNLOAD_ARCHIVE_REVIEW_ALL_PAGES_AND_INVENTORY_REFERENCES
MGB-SAFETY-TOPIC-0073,,Railroad intersections,https://www.mygroundbiz.com/-/media/FXGMGB/docs/Safety/FY25-VSMs/PD-RAILROAD-SAFETY-INTERSECTIONSVSM021025-FINAL.ashx,02/10/2025,PENDING_CLASSIFICATION,OPEN,NOT_CREATED,DOWNLOAD_ARCHIVE_REVIEW_ALL_PAGES_AND_INVENTORY_REFERENCES
MGB-SAFETY-TOPIC-0074,,Large packages,https://www.mygroundbiz.com/-/media/FXGMGB/docs/Safety/FY25-VSMs/Large-PackagesPDVSM011325ENGFINAL.ashx,01/13/2025,PENDING_CLASSIFICATION,OPEN,NOT_CREATED,DOWNLOAD_ARCHIVE_REVIEW_ALL_PAGES_AND_INVENTORY_REFERENCES
MGB-SAFETY-TOPIC-0075,,Trailer Dolly Coupling Canada,https://www.mygroundbiz.com/-/media/FXGMGB/docs/Safety/FY24-VSMs/TRAILER-DOLLY-COUPLINGVSM61923-Canada-FINAL.ashx,06/16/2023,PENDING_CLASSIFICATION,OPEN,NOT_CREATED,DOWNLOAD_ARCHIVE_REVIEW_ALL_PAGES_AND_INVENTORY_REFERENCES
MGB-SAFETY-TOPIC-0076,,Trailer Dolly Coupling,https://www.mygroundbiz.com/-/media/FXGMGB/docs/Safety/FY24-VSMs/TRAILER-DOLLY-COUPLING-VSM-61923-US-FINAL.ashx,06/16/2023,PENDING_CLASSIFICATION,OPEN,NOT_CREATED,DOWNLOAD_ARCHIVE_REVIEW_ALL_PAGES_AND_INVENTORY_REFERENCES
MGB-SAFETY-TOPIC-0077,,Trailer dolly coupling,https://www.mygroundbiz.com/-/media/FXGMGB/docs/Safety/FY25-VSMs/LH-TRAILER-DOLLY-COUPLING-VSM-021025-USCANADAFINAL.ashx,12/31/0,PENDING_CLASSIFICATION,OPEN,NOT_CREATED,DOWNLOAD_ARCHIVE_REVIEW_ALL_PAGES_AND_INVENTORY_REFERENCES
