source_id,title,review_status,relevance_status,mapping_rows,mapped_knowledge_count,mapped_knowledge_ids,coverage_disposition,coverage_basis,required_follow_up
SRC-GDRIVE-ROOT-0001,Supplied FedEx Ground corpus folder,INACCESSIBLE,POTENTIALLY_RELEVANT,0,0,,INACCESSIBLE,The connected Drive account returns zero children for the exact folder URL and no folder result for a Chat Bot search; the browser-acquired ZIP/direct-file snapshot is inventoried separately.,Retry connector/API identity verification if access changes; do not infer missing folder contents.
SRC-GDRIVE-BROWSER-ROOT-0001,Chat Bot,FULLY_REVIEWED,HIGH_RELEVANCE,0,0,,REVIEWED_CONTAINER_CHILDREN_CARRY_EVIDENCE,This is the reviewed folder container; its 17 direct child files carry substantive evidence and mappings.,Reconcile any future visible child against the inventory and archive before extraction.
SRC-GDRIVE-FILE-0001,Customer Experience Quick Reference MGB119110625.pdf,FULLY_REVIEWED,HIGH_RELEVANCE,11,11,KNO-DEL-BUS-OP201-001;KNO-DEL-CLASSIFICATION-001;KNO-DEL-PLACEMENT-HAZARD-001;KNO-DEL-PPOD-001;KNO-DEL-PREMIUM-WINDOW-001;KNO-DEL-SAFEPLACE-001;KNO-DEL-SCAN-INTEGRITY-001;KNO-DEL-SIG-ASR-001;KNO-DEL-SIG-DSR-001;KNO-DEL-SIG-ISR-001;KNO-SEC-ROUTE-001,MAPPED_OPERATIONAL_EVIDENCE,11 exact mapping row(s) support 11 knowledge record(s) from reviewed source content.,Reconcile open referenced-source obligations and reassess when a newer source version is acquired.
SRC-GDRIVE-FILE-0002,CustomerExperienceGuideUS10282024.pdf,FULLY_REVIEWED,HIGH_RELEVANCE,20,15,KNO-COMMS-MEDIA-001;KNO-CX-APPEARANCE-001;KNO-DEL-ALCOHOL-001;KNO-DEL-ATTEMPT-LIMIT-001;KNO-DEL-CLASSIFICATION-001;KNO-DEL-PLACEMENT-HAZARD-001;KNO-DEL-SAFEPLACE-001;KNO-DEL-SCAN-INTEGRITY-001;KNO-DEL-SIG-ASR-001;KNO-DEL-SIG-DSR-001;KNO-DEL-SIG-ISR-001;KNO-DEL-TOBACCO-001;KNO-PUP-PACKAGING-001;KNO-PUP-SCAN-INTEGRITY-001;KNO-PUP-SERVICE-TYPES-001,MAPPED_OPERATIONAL_EVIDENCE,20 exact mapping row(s) support 15 knowledge record(s) from reviewed source content.,Reconcile open referenced-source obligations and reassess when a newer source version is acquired.
SRC-GDRIVE-FILE-0003,FedEx_Driver_Bot_Scenarios.xlsx,FULLY_REVIEWED,SECONDARY_REFERENCE,0,0,,SECONDARY_REFERENCE_NO_AUTHORITY,The 78-row workbook is fully reviewed but remains a secondary scenario/reference source; unsupported proposed answers are excluded from authoritative evidence.,Use its scenarios only for adversarial gap discovery until each claim has an authoritative primary source.
SRC-GDRIVE-FILE-0004,Focus on Package Placement.pdf,FULLY_REVIEWED,HIGH_RELEVANCE,9,3,KNO-DEL-PLACEMENT-HAZARD-001;KNO-DEL-PPOD-001;KNO-DEL-SCAN-INTEGRITY-001,MAPPED_OPERATIONAL_EVIDENCE,9 exact mapping row(s) support 3 knowledge record(s) from reviewed source content.,Reconcile open referenced-source obligations and reassess when a newer source version is acquired.
SRC-GDRIVE-FILE-0005,FORGE Business Closure 220rev6102025.pdf,FULLY_REVIEWED,HIGH_RELEVANCE,1,1,KNO-FORGE-BUSINESS-CLOSURE-MSG-001,MAPPED_OPERATIONAL_EVIDENCE,1 exact mapping row(s) support 1 knowledge record(s) from reviewed source content.,Reconcile open referenced-source obligations and reassess when a newer source version is acquired.
SRC-GDRIVE-FILE-0006,FORGE Call Tags 220rev6102025.pdf,FULLY_REVIEWED,HIGH_RELEVANCE,4,2,KNO-FORGE-CALLTAG-SCOPE-001;KNO-PUP-CALLTAG-FRAUD-001,MAPPED_OPERATIONAL_EVIDENCE,4 exact mapping row(s) support 2 knowledge record(s) from reviewed source content.,Reconcile open referenced-source obligations and reassess when a newer source version is acquired.
SRC-GDRIVE-FILE-0007,FORGE Delayed Login 250rev6102025.pdf,FULLY_REVIEWED,HIGH_RELEVANCE,1,1,KNO-FORGE-DELAYED-LOGIN-001,MAPPED_OPERATIONAL_EVIDENCE,1 exact mapping row(s) support 1 knowledge record(s) from reviewed source content.,Reconcile open referenced-source obligations and reassess when a newer source version is acquired.
SRC-GDRIVE-FILE-0008,FORGE PD 280 Application Guide FXG V0300812025.pdf,FULLY_REVIEWED,HIGH_RELEVANCE,89,52,KNO-DEL-ALT-SIGNATURE-001;KNO-DEL-BUS-OP201-001;KNO-DEL-COD-MULTI-001;KNO-DEL-CRITICAL-HEALTH-001;KNO-DEL-HAL-DELIVERY-001;KNO-DEL-HAL-NONHAL-TRANSFER-001;KNO-DEL-HAZMAT-SIGNATURE-001;KNO-DEL-MISDELIVERY-RECOVERY-001;KNO-DEL-PHARMACY-001;KNO-DEL-PPOD-001;KNO-DEL-SENSEAWARE-TAG-001;KNO-DEL-SIG-ASR-001;KNO-DEL-SIG-ISR-001;KNO-FORGE-BULK-001;KNO-FORGE-BULK-TRANSFER-001;KNO-FORGE-BUSINESS-CLOSURE-MSG-001;KNO-FORGE-CALLTAG-SCOPE-001;KNO-FORGE-CAMERA-SCAN-001;KNO-FORGE-COMBINE-DELIVERY-001;KNO-FORGE-COMBO-STOP-001;KNO-FORGE-COMMENT-SCOPE-001;KNO-FORGE-DELETE-SCAN-001;KNO-FORGE-DEVICE-INFO-001;KNO-FORGE-DOWNLOAD-SYNC-001;KNO-FORGE-EDIT-ADDRESS-001;KNO-FORGE-EOD-001;KNO-FORGE-FIRST-LAUNCH-001;KNO-FORGE-LANGUAGE-001;KNO-FORGE-LOGIN-DISPATCH-001;KNO-FORGE-LOGIN-WARNING-001;KNO-FORGE-MANUAL-BARCODE-001;KNO-FORGE-MERGE-PICKUP-001;KNO-FORGE-MESSAGING-001;KNO-FORGE-MULTICODE-001;KNO-FORGE-SPLIT-DELIVERY-001;KNO-FORGE-STANDARD-DELIVERY-001;KNO-FORGE-STANDARD-PICKUP-001;KNO-FORGE-STATUS-SCOPE-001;KNO-FORGE-SYNC-QUEUE-001;KNO-FORGE-TIME-REMINDER-001;KNO-FORGE-UNMANIFESTED-DELIVERY-001;KNO-FORGE-VEHICLE-CHANGE-001;KNO-PUP-CALLTAG-FRAUD-001;KNO-PUP-DROPBOX-CONNECTION-001;KNO-PUP-DROPBOX-EARLY-LAST-001;KNO-PUP-DROPBOX-HOLIDAY-001;KNO-PUP-DROPBOX-SERIAL-001;KNO-PUP-DROPBOX-SETTINGS-001;KNO-PUP-INTERNATIONAL-DOCS-001;KNO-PUP-SENSEAWARE-NOHEALTHY-001;KNO-PUP-UNLISTED-001;KNO-PUP-ZERO-001,MAPPED_OPERATIONAL_EVIDENCE,89 exact mapping row(s) support 52 knowledge record(s) from reviewed source content.,Reconcile open referenced-source obligations and reassess when a newer source version is acquired.
SRC-GDRIVE-FILE-0009,FORGE Quick Start Guide.pdf,FULLY_REVIEWED,HIGH_RELEVANCE,1,1,KNO-FORGE-DEVICE-ROAD-001,MAPPED_OPERATIONAL_EVIDENCE,1 exact mapping row(s) support 1 knowledge record(s) from reviewed source content.,Reconcile open referenced-source obligations and reassess when a newer source version is acquired.
SRC-GDRIVE-FILE-0010,FORGE Settings 220rev6102025.pdf,FULLY_REVIEWED,HIGH_RELEVANCE,4,4,KNO-FORGE-AUDIO-ALERTS-001;KNO-FORGE-CAMERA-SCAN-001;KNO-FORGE-DEVICE-INFO-001;KNO-FORGE-DISPLAY-NAV-SETTINGS-001,MAPPED_OPERATIONAL_EVIDENCE,4 exact mapping row(s) support 4 knowledge record(s) from reviewed source content.,Reconcile open referenced-source obligations and reassess when a newer source version is acquired.
SRC-GDRIVE-FILE-0011,Hand sheet 2.pdf,FULLY_REVIEWED,POTENTIALLY_RELEVANT,1,1,KNO-DOC-HANDSHEET-001,MAPPED_OPERATIONAL_EVIDENCE,1 exact mapping row(s) support 1 knowledge record(s) from reviewed source content.,Reconcile open referenced-source obligations and reassess when a newer source version is acquired.
SRC-GDRIVE-FILE-0012,Hand sheet.pdf,FULLY_REVIEWED,POTENTIALLY_RELEVANT,1,1,KNO-DOC-HANDSHEET-001,MAPPED_OPERATIONAL_EVIDENCE,1 exact mapping row(s) support 1 knowledge record(s) from reviewed source content.,Reconcile open referenced-source obligations and reassess when a newer source version is acquired.
SRC-GDRIVE-FILE-0013,Manifest Preview Application Guide10102024.pdf,FULLY_REVIEWED,POTENTIALLY_RELEVANT,3,3,KNO-FORGE-MANIFEST-PERMISSIONS-001;KNO-FORGE-MANIFEST-PREVIEW-001;KNO-FORGE-MANIFEST-SEARCH-001,MAPPED_OPERATIONAL_EVIDENCE,3 exact mapping row(s) support 3 knowledge record(s) from reviewed source content.,Reconcile open referenced-source obligations and reassess when a newer source version is acquired.
SRC-GDRIVE-FILE-0014,On the Road Reference GuideOP117MGB121525v2.pdf,FULLY_REVIEWED,HIGH_RELEVANCE,141,78,KNO-COMMS-MEDIA-001;KNO-CX-APPEARANCE-001;KNO-DEL-ALCOHOL-001;KNO-DEL-APT-001;KNO-DEL-ATTEMPT-LIMIT-001;KNO-DEL-BARCODE-001;KNO-DEL-BUS-OP201-001;KNO-DEL-CLASSIFICATION-001;KNO-DEL-DAMAGE-INSPECTION-001;KNO-DEL-DISPUTE-PREVENTION-001;KNO-DEL-DOORTAG-001;KNO-DEL-HAL-DELIVERY-001;KNO-DEL-HAL-NONHAL-TRANSFER-001;KNO-DEL-HAL-UNABLE-001;KNO-DEL-HAZMAT-SIGNATURE-001;KNO-DEL-LOCKER-FAIL-001;KNO-DEL-NOTATION-001;KNO-DEL-OP206-001;KNO-DEL-PLACEMENT-HAZARD-001;KNO-DEL-PPOD-001;KNO-DEL-PREMIUM-WINDOW-001;KNO-DEL-REFUSED-001;KNO-DEL-SAFEPLACE-001;KNO-DEL-SCAN-INTEGRITY-001;KNO-DEL-SECURITY-NODELIVERY-001;KNO-DEL-SENSEAWARE-TAG-001;KNO-DEL-SHIPPER-RELEASE-001;KNO-DEL-SIG-ASR-001;KNO-DEL-SIG-DSR-001;KNO-DEL-SIG-ISR-001;KNO-DEL-SRA-001;KNO-DEL-TOBACCO-001;KNO-DOC-HANDSHEET-001;KNO-DOT-ROADSIDE-REPORT-001;KNO-ETH-FALSIFICATION-001;KNO-FORGE-COMBO-STOP-001;KNO-FORGE-COMMENT-SCOPE-001;KNO-FORGE-DELETE-SCAN-001;KNO-FORGE-EDIT-ADDRESS-001;KNO-FORGE-MANUAL-BARCODE-001;KNO-HAZ-ACCEPTANCE-001;KNO-HAZ-AKHI-001;KNO-HAZ-LEAK-001;KNO-HAZ-LOAD-PAPERS-001;KNO-HAZ-MANIFEST-001;KNO-HAZ-RADIOACTIVE-WET-001;KNO-HAZ-SF136-001;KNO-HOS-DUTY-LIMITS-001;KNO-HOS-SHORT-ADVERSE-001;KNO-INC-ACCIDENT-REPORT-001;KNO-PUP-CALLTAG-NOTREADY-001;KNO-PUP-CALLTAG-REFUSED-001;KNO-PUP-CALLTAG-RESTRICTED-001;KNO-PUP-CALLTAG-SUCCESS-001;KNO-PUP-DROPBOX-CONNECTION-001;KNO-PUP-DROPBOX-EARLY-LAST-001;KNO-PUP-DROPBOX-HOLIDAY-001;KNO-PUP-DROPBOX-SCHEDULE-001;KNO-PUP-DROPBOX-SERIAL-001;KNO-PUP-DROPBOX-SETTINGS-001;KNO-PUP-OFFER-DECLINE-001;KNO-PUP-PACKAGING-001;KNO-PUP-PRR-001;KNO-PUP-SCAN-INTEGRITY-001;KNO-PUP-SCANNER-FAIL-001;KNO-PUP-SENSEAWARE-NOHEALTHY-001;KNO-PUP-UNLISTED-001;KNO-PUP-VEHICLE-CAPACITY-001;KNO-PUP-WINDOW-RISK-001;KNO-PUP-WRONG-WA-001;KNO-PUP-ZERO-001;KNO-SEC-ACTIVE-THREAT-001;KNO-SEC-FACILITY-VEHICLE-001;KNO-SEC-INCIDENT-REPORT-001;KNO-SEC-LOST-BADGE-001;KNO-SEC-ROUTE-001;KNO-SEC-STOLEN-VEHICLE-001;KNO-SEC-WEAPONS-SCREENING-001,MAPPED_OPERATIONAL_EVIDENCE,141 exact mapping row(s) support 78 knowledge record(s) from reviewed source content.,Reconcile open referenced-source obligations and reassess when a newer source version is acquired.
SRC-GDRIVE-FILE-0015,Package placement_quick reference.pdf,FULLY_REVIEWED,HIGH_RELEVANCE,1,1,KNO-DEL-PLACEMENT-HAZARD-001,MAPPED_OPERATIONAL_EVIDENCE,1 exact mapping row(s) support 1 knowledge record(s) from reviewed source content.,Reconcile open referenced-source obligations and reassess when a newer source version is acquired.
SRC-GDRIVE-FILE-0016,Personnel Qualification Verification Flow.pdf,FULLY_REVIEWED,POTENTIALLY_RELEVANT,1,1,KNO-QUAL-L10-ACTIVATION-001,MAPPED_OPERATIONAL_EVIDENCE,1 exact mapping row(s) support 1 knowledge record(s) from reviewed source content.,Reconcile open referenced-source obligations and reassess when a newer source version is acquired.
SRC-GDRIVE-FILE-0017,Screenshot - FedEx Authenticated Delivery announcement,FULLY_REVIEWED,TIME_SENSITIVE_RELEVANCE,1,1,KNO-DEL-FAD-GROUND-001,MAPPED_OPERATIONAL_EVIDENCE,1 exact mapping row(s) support 1 knowledge record(s) from reviewed source content.,Reconcile open referenced-source obligations and reassess when a newer source version is acquired.
SRC-MGB-ROOT-0001,MyGroundBiz Home,PARTIALLY_REVIEWED,POTENTIALLY_RELEVANT,0,0,,PARTIAL_CONTAINER_REVIEW,"The authenticated home/navigation container was mapped, but destination, search, news, video, and linked-resource review remains incomplete.",Resume authenticated destination and child-resource acquisition.
SRC-MGB-PAGE-0001,On the Road Reference Guide,FULLY_REVIEWED,HIGH_RELEVANCE,0,0,,REVIEWED_LANDING_CHILDREN_PENDING,The complete landing page and all visible links are durably captured and reviewed; the exact five portal-download copies remain unreviewed and are not byte-reconciled to Drive files.,Acquire and hash the five current portal downloads before declaring identity or supersession.
SRC-MGB-DOC-0001,U.S. On the Road Reference Guide,NOT_YET_REVIEWED,HIGH_RELEVANCE,0,0,,NOT_YET_REVIEWED,No operational evidence mapping is permitted because this source has not been reviewed.,Acquire/review the exact source and create evidence mappings only for source-established knowledge.
SRC-MGB-DOC-0002,Customer Experience Guide,NOT_YET_REVIEWED,HIGH_RELEVANCE,0,0,,NOT_YET_REVIEWED,No operational evidence mapping is permitted because this source has not been reviewed.,Acquire/review the exact source and create evidence mappings only for source-established knowledge.
SRC-MGB-DOC-0003,Customer Experience Quick Reference Guide,NOT_YET_REVIEWED,HIGH_RELEVANCE,0,0,,NOT_YET_REVIEWED,No operational evidence mapping is permitted because this source has not been reviewed.,Acquire/review the exact source and create evidence mappings only for source-established knowledge.
SRC-MGB-DOC-0004,Focus on Package Placement,NOT_YET_REVIEWED,HIGH_RELEVANCE,0,0,,NOT_YET_REVIEWED,No operational evidence mapping is permitted because this source has not been reviewed.,Acquire/review the exact source and create evidence mappings only for source-established knowledge.
SRC-MGB-DOC-0005,Package Placement Quick Reference,NOT_YET_REVIEWED,HIGH_RELEVANCE,0,0,,NOT_YET_REVIEWED,No operational evidence mapping is permitted because this source has not been reviewed.,Acquire/review the exact source and create evidence mappings only for source-established knowledge.
SRC-MGB-PAGE-0002,Transporting Hazardous Materials,FULLY_REVIEWED,HIGH_RELEVANCE,5,5,KNO-HAZ-ACCEPTANCE-001;KNO-HAZ-LEAK-001;KNO-HAZ-LOAD-PAPERS-001;KNO-HAZ-MANIFEST-001;KNO-HAZ-RADIOACTIVE-WET-001,MAPPED_OPERATIONAL_EVIDENCE,5 exact mapping row(s) support 5 knowledge record(s) from reviewed source content.,Reconcile open referenced-source obligations and reassess when a newer source version is acquired.
SRC-MGB-PAGE-0003,Safety Information Guide,FULLY_REVIEWED,POTENTIALLY_RELEVANT,0,0,,REVIEWED_LANDING_CHILDREN_PENDING,"The landing page is fully reviewed, but the current Safety Information Guide is hosted in MyBizAccount and remains unacquired.",Acquire and fully review current SF-920P.
SRC-MGB-PAGE-0004,Driver Safety Standards - Qualification Certification for P&D,FULLY_REVIEWED,HIGH_RELEVANCE,2,2,KNO-QUAL-L10-ACTIVATION-001;KNO-QUAL-RECERT-001,MAPPED_OPERATIONAL_EVIDENCE,2 exact mapping row(s) support 2 knowledge record(s) from reviewed source content.,Reconcile open referenced-source obligations and reassess when a newer source version is acquired.
SRC-MGB-PAGE-0005,Qualification Certification,FULLY_REVIEWED,HIGH_RELEVANCE,5,5,KNO-QUAL-L10-ACTIVATION-001;KNO-QUAL-OBSERVER-001;KNO-QUAL-PD-SEQUENCE-001;KNO-QUAL-RECERT-001;KNO-QUAL-VEHICLE-UPGRADE-001,MAPPED_OPERATIONAL_EVIDENCE,5 exact mapping row(s) support 5 knowledge record(s) from reviewed source content.,Reconcile open referenced-source obligations and reassess when a newer source version is acquired.
SRC-MGB-PAGE-0006,Accident Reporting,FULLY_REVIEWED,HIGH_RELEVANCE,1,1,KNO-INC-ACCIDENT-SCENE-001,MAPPED_OPERATIONAL_EVIDENCE,1 exact mapping row(s) support 1 knowledge record(s) from reviewed source content.,Reconcile open referenced-source obligations and reassess when a newer source version is acquired.
SRC-MGB-DOC-0006,Accident Packet Instructions for Drivers OP-130,FULLY_REVIEWED,HIGH_RELEVANCE,2,2,KNO-INC-ACCIDENT-REPORT-001;KNO-INC-ACCIDENT-SCENE-001,MAPPED_OPERATIONAL_EVIDENCE,2 exact mapping row(s) support 2 knowledge record(s) from reviewed source content.,Reconcile open referenced-source obligations and reassess when a newer source version is acquired.
SRC-MGB-DOC-0007,Passenger In Other Vehicle Or Witness Form OP-132,FULLY_REVIEWED,HIGH_RELEVANCE,1,1,KNO-INC-ACCIDENT-SCENE-001,MAPPED_OPERATIONAL_EVIDENCE,1 exact mapping row(s) support 1 knowledge record(s) from reviewed source content.,Reconcile open referenced-source obligations and reassess when a newer source version is acquired.
SRC-MGB-DOC-0008,Accident Report Form OP-135,PARTIALLY_REVIEWED,HIGH_RELEVANCE,5,1,KNO-INC-ACCIDENT-SCENE-001,MAPPED_PARTIAL_SOURCE_SCOPE,"5 exact mapping row(s) support 1 knowledge record(s), limited to the reviewed portion identified in the evidence locator.",Complete the remaining source review before using any unseen section or claiming full-source extraction.
SRC-MGB-PAGE-0007,Security,FULLY_REVIEWED,HIGH_RELEVANCE,7,5,KNO-CX-APPEARANCE-001;KNO-LH-CUSTOMER-TRAILER-SECURITY-001;KNO-SEC-INCIDENT-REPORT-001;KNO-SEC-ROUTE-001;KNO-SEC-STOLEN-VEHICLE-001,MAPPED_OPERATIONAL_EVIDENCE,7 exact mapping row(s) support 5 knowledge record(s) from reviewed source content.,Reconcile open referenced-source obligations and reassess when a newer source version is acquired.
SRC-MGB-PAGE-0008,Customer Experience and Pickup Coordination,FULLY_REVIEWED,HIGH_RELEVANCE,0,0,,REVIEWED_INDEX_CHILDREN_PENDING,The complete page and all visible resources are durably captured and reviewed; it functions as a pickup-resource index and does not itself establish the linked procedures.,Acquire and review the eleven linked documents and six embedded videos before using their procedures or status-code guidance.
SRC-MGB-PAGE-0009,ISP Agreement,FULLY_REVIEWED,HIGH_RELEVANCE,0,0,,REVIEWED_LANDING_CHILDREN_PENDING,The ISP Agreement landing/version page is reviewed; the sample child is partial and cannot substitute for the executed negotiated agreement.,Fully review the sample for context and acquire the executed ISP Agreement and schedules for controlling obligations.
SRC-MGB-DOC-0009,Sample 2026 ISP Agreement,PARTIALLY_REVIEWED,HIGH_RELEVANCE,0,0,,PARTIAL_DOCUMENT_REVIEW_REQUIRED,Only the first page/identity of the official 89-page sample 2026 ISP Agreement is reviewed.,Acquire or navigate and review all 89 pages; preserve that a sample does not establish negotiated terms.
SRC-MGB-PAGE-0010,Commercial customers to initiate requests for OP-201 recipient release authorizations,FULLY_REVIEWED,HIGH_RELEVANCE,1,1,KNO-DEL-BUS-OP201-001,MAPPED_OPERATIONAL_EVIDENCE,1 exact mapping row(s) support 1 knowledge record(s) from reviewed source content.,Reconcile open referenced-source obligations and reassess when a newer source version is acquired.
SRC-MGB-PAGE-0011,Beginning Nov. 17 commercial delivery driver release option available in STAR only with confirmed OP-201,FULLY_REVIEWED,HIGH_RELEVANCE,2,2,KNO-DEL-BUS-OP201-001;KNO-DEL-SHIPPER-RELEASE-001,MAPPED_OPERATIONAL_EVIDENCE,2 exact mapping row(s) support 2 knowledge record(s) from reviewed source content.,Reconcile open referenced-source obligations and reassess when a newer source version is acquired.
SRC-MGB-PAGE-0012,Safety and Compliance Program Resources,FULLY_REVIEWED,POTENTIALLY_RELEVANT,0,0,,REVIEWED_LANDING_CHILDREN_PENDING,"The Safety and Compliance Program Resources landing page is reviewed, but its substantive linked PDFs remain separate unacquired sources.","Inventory, acquire, and review every reasonably driver-relevant child resource."
SRC-MGB-PAGE-0013,Safety Topic Library,FULLY_REVIEWED,HIGH_RELEVANCE,0,0,,REVIEWED_INDEX_CHILDREN_PENDING,The Safety Topic Library index and all 77 displayed listings are inventoried; 73 unique child documents remain unacquired and Dog Bite Prevention is fully reviewed from seven hashed rendered pages.,"Acquire and review every unique child document, preserving duplicate URL relationships and dates."
SRC-MGB-PAGE-0014,CSA/DOT Regulations,FULLY_REVIEWED,HIGH_RELEVANCE,3,3,KNO-HOS-RENTAL-ELD-001;KNO-HOS-UDE-001;KNO-VEH-PRETRIP-DEFECT-001,MAPPED_OPERATIONAL_EVIDENCE,3 exact mapping row(s) support 3 knowledge record(s) from reviewed source content.,Reconcile open referenced-source obligations and reassess when a newer source version is acquired.
SRC-MGB-PAGE-0015,Unsafe Driving,FULLY_REVIEWED,POTENTIALLY_RELEVANT,0,0,,REVIEWED_CONTEXT_NO_DISTINCT_PROCEDURE,The complete 2021 Unsafe Driving page is durably captured and reviewed; it supplies high-level violation examples but no distinct operational procedure beyond the broader 2025 CSA/DOT parent page.,Retain as contextual evidence and reassess only if the source is updated or a more specific current procedure is acquired.
SRC-MGB-PAGE-0016,Equipment Terms,FULLY_REVIEWED,HIGH_RELEVANCE,0,0,,REVIEWED_LANDING_CHILDREN_PENDING,The Equipment Terms landing page is reviewed; current linked equipment documents remain separate acquisition/review targets.,Acquire and review every applicable equipment term/specification source before operational use.
SRC-MGB-DOC-0010,Independent Service Provider Agreement Equipment Terms,PARTIALLY_REVIEWED,HIGH_RELEVANCE,0,0,,PARTIAL_DOCUMENT_REVIEW_REQUIRED,Only page 1 of the five-page Independent Service Provider Agreement Equipment Terms document is reviewed.,Acquire or navigate and review pages 2-5; do not infer unseen equipment requirements.
SRC-MGB-PAGE-0017,Trailer and Dolly Coupling,FULLY_REVIEWED,HIGH_RELEVANCE,1,1,KNO-LH-COUPLING-BASIC-001,MAPPED_OPERATIONAL_EVIDENCE,1 exact mapping row(s) support 1 knowledge record(s) from reviewed source content.,Reconcile open referenced-source obligations and reassess when a newer source version is acquired.
SRC-MGB-PAGE-0018,FedEx Authenticated Delivery launches August 12,FULLY_REVIEWED,TIME_SENSITIVE_RELEVANCE,1,1,KNO-DEL-FAD-GROUND-001,MAPPED_OPERATIONAL_EVIDENCE,1 exact mapping row(s) support 1 knowledge record(s) from reviewed source content.,Reconcile open referenced-source obligations and reassess when a newer source version is acquired.
SRC-MGB-PAGE-0019,Important heat and dry ice safety reminders,FULLY_REVIEWED,HIGH_RELEVANCE,2,2,KNO-HAZ-DRY-ICE-001;KNO-SAFETY-HEAT-ILLNESS-001,MAPPED_OPERATIONAL_EVIDENCE,2 exact mapping row(s) support 2 knowledge record(s) from reviewed source content.,Reconcile open referenced-source obligations and reassess when a newer source version is acquired.
SRC-MGB-DOC-0011,Dog Bite Prevention safety topic,FULLY_REVIEWED,HIGH_RELEVANCE,6,1,KNO-SAF-DOG-ENCOUNTER-001,MAPPED_OPERATIONAL_EVIDENCE,6 exact mapping row(s) support 1 knowledge record(s) from reviewed source content.,Reconcile open referenced-source obligations and reassess when a newer source version is acquired.
SRC-MGB-PAGE-0020,Rental Vehicle Information,FULLY_REVIEWED,HIGH_RELEVANCE,1,1,KNO-VEH-RENTAL-PREP-001,MAPPED_OPERATIONAL_EVIDENCE,1 exact mapping row(s) support 1 knowledge record(s) from reviewed source content.,Reconcile open referenced-source obligations and reassess when a newer source version is acquired.
SRC-MGB-PAGE-0021,Annual Inspections,FULLY_REVIEWED,HIGH_RELEVANCE,1,1,KNO-VEH-ANNUAL-INSPECTION-001,MAPPED_OPERATIONAL_EVIDENCE,1 exact mapping row(s) support 1 knowledge record(s) from reviewed source content.,Reconcile open referenced-source obligations and reassess when a newer source version is acquired.
SRC-MGB-PAGE-0022,California P&D 90-Day Periodic Inspections,FULLY_REVIEWED,HIGH_RELEVANCE,1,1,KNO-VEH-CA-90DAY-INSPECTION-001,MAPPED_OPERATIONAL_EVIDENCE,1 exact mapping row(s) support 1 knowledge record(s) from reviewed source content.,Reconcile open referenced-source obligations and reassess when a newer source version is acquired.
SRC-MGB-PAGE-0023,Recent Customer Alerts,FULLY_REVIEWED,TIME_SENSITIVE_RELEVANCE,0,0,,REVIEWED_CUSTOMER_ALERT_LAYER_CARRIES_EVIDENCE,All 138 alert segments in the durable page capture are reviewed and represented in the separate customer-alert operational and source-mapping layers; general-record mappings remain intentionally separate.,Revalidate the page when it changes and complete the independently inventoried linked child-source acquisitions.
SRC-MGB-DOC-0012,Pickup Familiarization Guide,NOT_YET_REVIEWED,HIGH_RELEVANCE,0,0,,NOT_YET_REVIEWED,No operational evidence mapping is permitted because this source has not been reviewed.,Acquire/review the exact source and create evidence mappings only for source-established knowledge.
SRC-MGB-DOC-0013,Pickup Familiarization Notes,NOT_YET_REVIEWED,HIGH_RELEVANCE,0,0,,NOT_YET_REVIEWED,No operational evidence mapping is permitted because this source has not been reviewed.,Acquire/review the exact source and create evidence mappings only for source-established knowledge.
SRC-MGB-DOC-0014,Meeting pickup service obligations,NOT_YET_REVIEWED,HIGH_RELEVANCE,0,0,,NOT_YET_REVIEWED,No operational evidence mapping is permitted because this source has not been reviewed.,Acquire/review the exact source and create evidence mappings only for source-established knowledge.
SRC-MGB-DOC-0015,Common Reason Codes for Unsuccessful Pickup Attempts,PARTIALLY_REVIEWED,HIGH_RELEVANCE,0,0,,PARTIAL_DOCUMENT_REVIEW_REQUIRED,The source was rejected for current operational extraction because the viewer title identifies 2017 while the portal path suggests 2023; no code or procedure is retained in the active reference layer.,Acquire current OP-321. Do not spend further review time on this source unless an authoritative current version is established.
SRC-MGB-DOC-0016,FCC and CXPC Fast Facts,NOT_YET_REVIEWED,HIGH_RELEVANCE,0,0,,NOT_YET_REVIEWED,No operational evidence mapping is permitted because this source has not been reviewed.,Acquire/review the exact source and create evidence mappings only for source-established knowledge.
SRC-MGB-DOC-0017,FedEx Customer Connection features,NOT_YET_REVIEWED,POTENTIALLY_RELEVANT,0,0,,NOT_YET_REVIEWED,No operational evidence mapping is permitted because this source has not been reviewed.,Acquire/review the exact source and create evidence mappings only for source-established knowledge.
SRC-MGB-DOC-0018,Opportunities to Contact CXPC,NOT_YET_REVIEWED,HIGH_RELEVANCE,0,0,,NOT_YET_REVIEWED,No operational evidence mapping is permitted because this source has not been reviewed.,Acquire/review the exact source and create evidence mappings only for source-established knowledge.
SRC-MGB-DOC-0019,Growing Business through Sales Leads,NOT_YET_REVIEWED,POTENTIALLY_RELEVANT,0,0,,NOT_YET_REVIEWED,No operational evidence mapping is permitted because this source has not been reviewed.,Acquire/review the exact source and create evidence mappings only for source-established knowledge.
SRC-MGB-DOC-0020,Assigning Same Pickup ID to Multiple Pickups in FORGE,NOT_YET_REVIEWED,HIGH_RELEVANCE,0,0,,NOT_YET_REVIEWED,No operational evidence mapping is permitted because this source has not been reviewed.,Acquire/review the exact source and create evidence mappings only for source-established knowledge.
SRC-MGB-DOC-0021,Single/Multiple-Stop Scenarios chart — U.S.,NOT_YET_REVIEWED,HIGH_RELEVANCE,0,0,,NOT_YET_REVIEWED,No operational evidence mapping is permitted because this source has not been reviewed.,Acquire/review the exact source and create evidence mappings only for source-established knowledge.
SRC-MGB-DOC-0022,CXPC Facts Template 2024,NOT_YET_REVIEWED,HIGH_RELEVANCE,0,0,,NOT_YET_REVIEWED,No operational evidence mapping is permitted because this source has not been reviewed.,Acquire/review the exact source and create evidence mappings only for source-established knowledge.
SRC-MGB-VIDEO-0001,FCC Overview,NOT_YET_REVIEWED,POTENTIALLY_RELEVANT,0,0,,NOT_YET_REVIEWED,No operational evidence mapping is permitted because this source has not been reviewed.,Acquire/review the exact source and create evidence mappings only for source-established knowledge.
SRC-MGB-VIDEO-0002,FCC Messaging,NOT_YET_REVIEWED,HIGH_RELEVANCE,0,0,,NOT_YET_REVIEWED,No operational evidence mapping is permitted because this source has not been reviewed.,Acquire/review the exact source and create evidence mappings only for source-established knowledge.
SRC-MGB-VIDEO-0003,FCC P&D Manifests,NOT_YET_REVIEWED,HIGH_RELEVANCE,0,0,,NOT_YET_REVIEWED,No operational evidence mapping is permitted because this source has not been reviewed.,Acquire/review the exact source and create evidence mappings only for source-established knowledge.
SRC-MGB-VIDEO-0004,FCC Service Area Status,NOT_YET_REVIEWED,POTENTIALLY_RELEVANT,0,0,,NOT_YET_REVIEWED,No operational evidence mapping is permitted because this source has not been reviewed.,Acquire/review the exact source and create evidence mappings only for source-established knowledge.
SRC-MGB-VIDEO-0005,FCC Pickup Alerts,NOT_YET_REVIEWED,HIGH_RELEVANCE,0,0,,NOT_YET_REVIEWED,No operational evidence mapping is permitted because this source has not been reviewed.,Acquire/review the exact source and create evidence mappings only for source-established knowledge.
SRC-MGB-VIDEO-0006,FCC Pickup Planning,NOT_YET_REVIEWED,HIGH_RELEVANCE,0,0,,NOT_YET_REVIEWED,No operational evidence mapping is permitted because this source has not been reviewed.,Acquire/review the exact source and create evidence mappings only for source-established knowledge.
SRC-MGB-PAGE-0024,Customer Alerts redirect,FULLY_REVIEWED,HIGH_RELEVANCE,0,0,,REVIEWED_REDIRECT_TARGET_CARRIES_EVIDENCE,The authenticated Customer Alerts navigation URL redirects to SRC-MGB-PAGE-0023 and exposes no separate operational content.,Revalidate SRC-MGB-PAGE-0023 when its page version changes and continue linked child-source acquisition.
SRC-MGB-PAGE-0025,Meeting customer expectations when delivering to lockers,FULLY_REVIEWED,HIGH_RELEVANCE,3,2,KNO-DEL-LOCKER-FAIL-001;KNO-DEL-PPOD-001,MAPPED_OPERATIONAL_EVIDENCE,3 exact mapping row(s) support 2 knowledge record(s) from reviewed source content.,Reconcile open referenced-source obligations and reassess when a newer source version is acquired.
SRC-MGB-PAGE-0026,Pure Country requests NSR packages be released on first attempt,NOT_YET_REVIEWED,HIGH_RELEVANCE,0,0,,NOT_YET_REVIEWED,No operational evidence mapping is permitted because this source has not been reviewed.,Acquire/review the exact source and create evidence mappings only for source-established knowledge.
SRC-MGB-PAGE-0027,Customer expectations for Orvis retail store pickups and deliveries,NOT_YET_REVIEWED,HIGH_RELEVANCE,0,0,,NOT_YET_REVIEWED,No operational evidence mapping is permitted because this source has not been reviewed.,Acquire/review the exact source and create evidence mappings only for source-established knowledge.
SRC-MGB-PAGE-0028,Customer requests valuable ACT packages to be handled with care (2025),NOT_YET_REVIEWED,HIGH_RELEVANCE,0,0,,NOT_YET_REVIEWED,No operational evidence mapping is permitted because this source has not been reviewed.,Acquire/review the exact source and create evidence mappings only for source-established knowledge.
SRC-MGB-PAGE-0029,Customer requests valuable ACT packages to be handled with care (2026),NOT_YET_REVIEWED,HIGH_RELEVANCE,0,0,,NOT_YET_REVIEWED,No operational evidence mapping is permitted because this source has not been reviewed.,Acquire/review the exact source and create evidence mappings only for source-established knowledge.
SRC-MGB-PAGE-0030,Dick's Sporting Goods Scan All Exemption details (broken link),INACCESSIBLE,HIGH_RELEVANCE,0,0,,INACCESSIBLE,The captured URL is an explicit Sitecore not-found endpoint; exemption details are unavailable.,Exact broken endpoint preserved from the link inventory; obtain a current replacement source before using any exemption.
SRC-MGB-PAGE-0031,Dick's Sporting Goods allotted pickup-window details (broken link),INACCESSIBLE,HIGH_RELEVANCE,0,0,,INACCESSIBLE,The captured URL is an explicit Sitecore not-found endpoint; window details are unavailable.,Exact broken endpoint preserved from the link inventory; obtain a current replacement source before relying on historical timing.
SRC-MGB-DOC-0023,PetSmart master Ship-from-Store list,NOT_YET_REVIEWED,HIGH_RELEVANCE,0,0,,NOT_YET_REVIEWED,No operational evidence mapping is permitted because this source has not been reviewed.,Acquire/review the exact source and create evidence mappings only for source-established knowledge.
SRC-MGB-PAGE-0032,Dick's Sporting Goods Scan All Exemption (2023),NOT_YET_REVIEWED,HIGH_RELEVANCE,0,0,,NOT_YET_REVIEWED,No operational evidence mapping is permitted because this source has not been reviewed.,Acquire/review the exact source and create evidence mappings only for source-established knowledge.
SRC-MGB-PAGE-0033,Safety Results Summary (SRS) / Safety Results Indicator (SRI),FULLY_REVIEWED,POTENTIALLY_RELEVANT,0,0,,REVIEWED_CONTEXT_NO_DISTINCT_PROCEDURE,The complete SRS/SRI page defines business-level rolling safety indicators but does not establish an individual driver action or response procedure.,Acquire and review the linked FAQs for completeness; retain the landing page as contextual safety-performance evidence unless a distinct procedure is established.
SRC-MGB-PAGE-0034,Alternative Vehicle Operations,FULLY_REVIEWED,HIGH_RELEVANCE,1,1,KNO-VEH-ALT-ONBOARD-001,MAPPED_OPERATIONAL_EVIDENCE,1 exact mapping row(s) support 1 knowledge record(s) from reviewed source content.,Reconcile open referenced-source obligations and reassess when a newer source version is acquired.
SRC-MGB-PAGE-0035,"Trailer Pull Safety at FedEx, Customer Locations",FULLY_REVIEWED,HIGH_RELEVANCE,1,1,KNO-LH-TRAILER-DOCK-PULL-001,MAPPED_OPERATIONAL_EVIDENCE,1 exact mapping row(s) support 1 knowledge record(s) from reviewed source content.,Reconcile open referenced-source obligations and reassess when a newer source version is acquired.
SRC-MGB-DOC-0024,SRS and SRI FAQ — English,NOT_YET_REVIEWED,POTENTIALLY_RELEVANT,0,0,,NOT_YET_REVIEWED,No operational evidence mapping is permitted because this source has not been reviewed.,Acquire/review the exact source and create evidence mappings only for source-established knowledge.
SRC-MGB-DOC-0025,SRS and SRI FAQ — French,NOT_YET_REVIEWED,POTENTIALLY_RELEVANT,0,0,,NOT_YET_REVIEWED,No operational evidence mapping is permitted because this source has not been reviewed.,Acquire/review the exact source and create evidence mappings only for source-established knowledge.
SRC-MGB-DOC-0026,Alternative Vehicle Operations Statement of Lease,NOT_YET_REVIEWED,HIGH_RELEVANCE,0,0,,NOT_YET_REVIEWED,No operational evidence mapping is permitted because this source has not been reviewed.,Acquire/review the exact source and create evidence mappings only for source-established knowledge.
SRC-MGB-DOC-0027,Alternative Vehicle Operations Statement of Sub-Lease,NOT_YET_REVIEWED,HIGH_RELEVANCE,0,0,,NOT_YET_REVIEWED,No operational evidence mapping is permitted because this source has not been reviewed.,Acquire/review the exact source and create evidence mappings only for source-established knowledge.
SRC-MGB-DOC-0028,Trailer Pull Safety Regulations and Safety Obligations — updated flyer,NOT_YET_REVIEWED,HIGH_RELEVANCE,0,0,,NOT_YET_REVIEWED,No operational evidence mapping is permitted because this source has not been reviewed.,Acquire/review the exact source and create evidence mappings only for source-established knowledge.
SRC-MGB-DOC-0029,Trailer Pull Safety Regulations and Safety Obligations — July 2022 flyer,NOT_YET_REVIEWED,HIGH_RELEVANCE,0,0,,NOT_YET_REVIEWED,No operational evidence mapping is permitted because this source has not been reviewed.,Acquire/review the exact source and create evidence mappings only for source-established knowledge.
SRC-MGB-DOC-0030,Trailer dock pull regulations and safety obligations — printable English,NOT_YET_REVIEWED,HIGH_RELEVANCE,0,0,,NOT_YET_REVIEWED,No operational evidence mapping is permitted because this source has not been reviewed.,Acquire/review the exact source and create evidence mappings only for source-established knowledge.
SRC-MGB-DOC-0031,Trailer dock pull regulations and safety obligations — French,NOT_YET_REVIEWED,HIGH_RELEVANCE,0,0,,NOT_YET_REVIEWED,No operational evidence mapping is permitted because this source has not been reviewed.,Acquire/review the exact source and create evidence mappings only for source-established knowledge.
SRC-MGB-PAGE-0036,Safety alert: Trailer pulled from dock with FedEx Ground employee inside,INACCESSIBLE,HIGH_RELEVANCE,0,0,,INACCESSIBLE,The exact link resolves to a Sitecore not-found endpoint; no content is available.,Broken endpoint preserved; obtain a current replacement before using any alert-specific facts.
SRC-MGB-PAGE-0037,Safe trailer transportation at FedEx and customer locations,INACCESSIBLE,HIGH_RELEVANCE,0,0,,INACCESSIBLE,The exact link resolves to a Sitecore not-found endpoint; no content is available.,Broken endpoint preserved; obtain a current replacement before using any source-specific additions.
SRC-MGB-PAGE-0038,Safety alert: Take precautions when performing trailer dock pulls,INACCESSIBLE,HIGH_RELEVANCE,0,0,,INACCESSIBLE,The exact link resolves to a Sitecore not-found endpoint; no content is available.,Broken endpoint preserved; obtain a current replacement before using any alert-specific additions.
SRC-MGB-PAGE-0039,Standards for P&D Road Tests,FULLY_REVIEWED,HIGH_RELEVANCE,1,1,KNO-QUAL-PD-ROADTEST-001,MAPPED_OPERATIONAL_EVIDENCE,1 exact mapping row(s) support 1 knowledge record(s) from reviewed source content.,Reconcile open referenced-source obligations and reassess when a newer source version is acquired.
SRC-MGB-PAGE-0040,Driving Standards for Linehaul,FULLY_REVIEWED,POTENTIALLY_RELEVANT,0,0,,REVIEWED_INDEX_CHILDREN_PENDING,"The complete Linehaul driving-standards page provides program and qualified-school context but delegates substantive checklist, FAQ, form, school-qualification, and current-school details to five linked documents.",Acquire and review all five linked resources before modeling ELDP or school-selection procedures.
SRC-MGB-PAGE-0041,Alternative Vehicle Insurance,FULLY_REVIEWED,POTENTIALLY_RELEVANT,0,0,,REVIEWED_CONTEXT_NO_DISTINCT_PROCEDURE,"The complete Alternative Vehicle Insurance FAQ provides contractor liability, insurance, workers-compensation, indemnification, and training-program context but does not establish a source-complete driver action procedure and explicitly disclaims personalized coverage advice.",Retain as legal/insurance context; obtain current legal/compliance review before any product presentation beyond source-traceable contractor context.
SRC-MGB-PAGE-0042,Qualification Certification linked endpoint,INACCESSIBLE,HIGH_RELEVANCE,0,0,,INACCESSIBLE,The exact link resolves to a Sitecore not-found endpoint; the separate current Qualification Certification page is inventoried as SRC-MGB-PAGE-0005.,Broken endpoint preserved and cross-referenced to the accessible current page.
SRC-MGB-PAGE-0043,Reminder: Indemnification terms in ISP Agreement effective April 1,INACCESSIBLE,POTENTIALLY_RELEVANT,0,0,,INACCESSIBLE,The exact link resolves to a Sitecore not-found endpoint; no historical article content is available.,Broken endpoint preserved; do not infer historical indemnification terms.
SRC-MGB-DOC-0032,ISP Agreement Qualification Certification Conditions,NOT_YET_REVIEWED,HIGH_RELEVANCE,0,0,,NOT_YET_REVIEWED,No operational evidence mapping is permitted because this source has not been reviewed.,Acquire/review the exact source and create evidence mappings only for source-established knowledge.
SRC-MGB-DOC-0033,Linehaul ELDP Checklist,NOT_YET_REVIEWED,POTENTIALLY_RELEVANT,0,0,,NOT_YET_REVIEWED,No operational evidence mapping is permitted because this source has not been reviewed.,Acquire/review the exact source and create evidence mappings only for source-established knowledge.
SRC-MGB-DOC-0034,Linehaul ELDP Frequently Asked Questions,NOT_YET_REVIEWED,POTENTIALLY_RELEVANT,0,0,,NOT_YET_REVIEWED,No operational evidence mapping is permitted because this source has not been reviewed.,Acquire/review the exact source and create evidence mappings only for source-established knowledge.
SRC-MGB-DOC-0035,Driving School Form SF-012,NOT_YET_REVIEWED,POTENTIALLY_RELEVANT,0,0,,NOT_YET_REVIEWED,No operational evidence mapping is permitted because this source has not been reviewed.,Acquire/review the exact source and create evidence mappings only for source-established knowledge.
SRC-MGB-DOC-0036,Driving School Evaluation and Guidelines SF-011,NOT_YET_REVIEWED,POTENTIALLY_RELEVANT,0,0,,NOT_YET_REVIEWED,No operational evidence mapping is permitted because this source has not been reviewed.,Acquire/review the exact source and create evidence mappings only for source-established knowledge.
SRC-MGB-DOC-0037,Qualified Linehaul Driving Schools list,NOT_YET_REVIEWED,POTENTIALLY_RELEVANT,0,0,,NOT_YET_REVIEWED,No operational evidence mapping is permitted because this source has not been reviewed.,Acquire/review the exact source and create evidence mappings only for source-established knowledge.
SRC-MGB-DOC-0038,Sideswipe Collisions,FULLY_REVIEWED,HIGH_RELEVANCE,5,2,KNO-SAF-REDLIGHT-001;KNO-SAF-SIDESWIPE-001,MAPPED_OPERATIONAL_EVIDENCE,5 exact mapping row(s) support 2 knowledge record(s) from reviewed source content.,Reconcile open referenced-source obligations and reassess when a newer source version is acquired.
SRC-MGB-DOC-0039,Summer Driving,FULLY_REVIEWED,HIGH_RELEVANCE,4,4,KNO-SAF-DISTRACTION-001;KNO-SAF-HYDRATION-001;KNO-SAF-SUMMER-TRAFFIC-001;KNO-SAF-SUN-EXPOSURE-001,MAPPED_OPERATIONAL_EVIDENCE,4 exact mapping row(s) support 4 knowledge record(s) from reviewed source content.,Reconcile open referenced-source obligations and reassess when a newer source version is acquired.
