source_id,source_system,parent_source_id,title,source_type,mime_type,url_or_path,created_at,modified_at,effective_date,version,apparent_subject,apparent_audience,access_status,review_status,relevance_status,duplicate_of,supersedes,superseded_by,cross_references,local_archive_path,interpretation_limits,review_notes,last_reviewed_at,metadata_recovery_status,metadata_recovery_basis
SRC-GDRIVE-ROOT-0001,Google Drive,,Chat Bot,folder,application/vnd.google-apps.folder,https://drive.google.com/drive/u/2/folders/11gFp2-i80bhI0s0tLR66B8KMWS_3JBEb,2026-08-08,2026-08-10,,,Supplied FedEx Ground operational corpus,Authorized Ready Route researchers,ACCESSIBLE,FULLY_REVIEWED,HIGH_RELEVANCE,,,,SRC-GDRIVE-BROWSER-ROOT-0001,,Connector snapshot establishes current direct-child metadata and byte identity but not unobserved revision history.,Connector audit now resolves Chat Bot and 37 direct files; complete raw-byte hashing yields 33 unique SHA-256 objects and every hash matches the registered archive. Four uploads are exact duplicates of earlier supplied files; the two latest unique originals close the Sideswipe and Summer Driving capture gates.,2026-08-10,ORIGINAL_ROW_RETAINED,Original row retained with provider metadata and access state updated from the authenticated connector audit.
SRC-GDRIVE-BROWSER-ROOT-0001,Google Drive browser,,Chat Bot,folder,application/vnd.google-apps.folder,https://drive.google.com/drive/folders/11gFp2-i80bhI0s0tLR66B8KMWS_3JBEb,,2026-08-08,,,FedEx Ground driver operational corpus,Authorized project researchers,ACCESSIBLE,FULLY_REVIEWED,HIGH_RELEVANCE,,,,,research/fedex-ground-driver-knowledge/sources/google-drive/Chat Bot-20260809T025232Z-1-001.zip,,Authenticated browser inventory found 17 direct child files and no visible subfolders; all 17 children were archived and completely examined under their applicable evidence roles.,2026-08-08,ORIGINAL_ROW_RETAINED,Row remained intact before the interrupted rewrite.
SRC-GDRIVE-FILE-0001,Google Drive browser,SRC-GDRIVE-BROWSER-ROOT-0001,Customer Experience Quick Reference MGB119110625.pdf,PDF,application/pdf,Google Drive Chat Bot folder,2025-11-06,2026-08-08,2025-11-06,MGB-119,Customer experience status codes and quick reference,Service provider personnel,ACCESSIBLE,FULLY_REVIEWED,HIGH_RELEVANCE,,,,SRC-MGB-DOC-0003,research/fedex-ground-driver-knowledge/sources/google-drive/chat-bot/Chat Bot/Customer Experience Quick Reference MGB119110625.pdf,Quick reference does not provide complete code-selection logic.,Both rendered pages were re-reviewed and reconciled with OP-117 and structured records on 2026-08-09; the portal copy still requires byte comparison.,2026-08-09,ORIGINAL_ROW_RETAINED,Row remained intact before the interrupted rewrite.
SRC-GDRIVE-FILE-0002,Google Drive browser,SRC-GDRIVE-BROWSER-ROOT-0001,CustomerExperienceGuideUS10282024.pdf,PDF,application/pdf,Google Drive Chat Bot folder,2024-09-09,2026-08-08,2024-10-28,OP-119,Customer experience guidance,Service provider personnel,ACCESSIBLE,FULLY_REVIEWED,HIGH_RELEVANCE,,,,SRC-MGB-DOC-0002,research/fedex-ground-driver-knowledge/sources/google-drive/chat-bot/Chat Bot/CustomerExperienceGuideUS10282024.pdf,Document body says last update 2024-09-09 while filename indicates 2024-10-28.,All 16 pages text-extracted and visually reviewed; newer OP-117 reconciliation remains.,2026-08-08,ORIGINAL_ROW_RETAINED,Row remained intact before the interrupted rewrite.
SRC-GDRIVE-FILE-0003,Google Drive browser,SRC-GDRIVE-BROWSER-ROOT-0001,FedEx_Driver_Bot_Scenarios.xlsx,Excel workbook,application/vnd.openxmlformats-officedocument.spreadsheetml.sheet,Google Drive Chat Bot folder,,2026-08-08,,,Human-curated driver question and proposed response library,Ready Route research,ACCESSIBLE,FULLY_REVIEWED,SECONDARY_REFERENCE,,,,,research/fedex-ground-driver-knowledge/sources/google-drive/chat-bot/Chat Bot/FedEx_Driver_Bot_Scenarios.xlsx,,All 78 scenario rows were structurally and adversarially reviewed. Mixed source quality prevents any row from becoming authoritative without underlying evidence verification.,2026-08-08,ORIGINAL_ROW_RETAINED,Row remained intact before the interrupted rewrite.
SRC-GDRIVE-FILE-0004,Google Drive browser,SRC-GDRIVE-BROWSER-ROOT-0001,Focus on Package Placement.pdf,PDF,application/pdf,Google Drive Chat Bot folder,2024-11-15,2026-08-08,2024-11-15,,Package placement guidance,Service provider personnel,ACCESSIBLE,FULLY_REVIEWED,HIGH_RELEVANCE,,,,SRC-MGB-DOC-0004,research/fedex-ground-driver-knowledge/sources/google-drive/chat-bot/Chat Bot/Focus on Package Placement.pdf,Source mixes agreement terms customer expectations examples and suggestions.,All 12 pages text-extracted and visually reviewed; source-language strength tagged in review notes.,2026-08-08,ORIGINAL_ROW_RETAINED,Row remained intact before the interrupted rewrite.
SRC-GDRIVE-FILE-0005,Google Drive browser,SRC-GDRIVE-BROWSER-ROOT-0001,FORGE Business Closure 220rev6102025.pdf,PDF,application/pdf,Google Drive Chat Bot folder,2023-11-29,2026-08-08,2025-06-10,FORGE 2.0.0 / filename 2.2.0 ambiguous,FORGE business closure workflow,P&D personnel,ACCESSIBLE,FULLY_REVIEWED,HIGH_RELEVANCE,,,,,research/fedex-ground-driver-knowledge/sources/google-drive/chat-bot/Chat Bot/FORGE Business Closure 220rev6102025.pdf,Reporting a closure does not itself establish package attempt or status-code disposition.,Single page text-extracted and visually reviewed; document label and filename version conflict noted.,2026-08-08,ORIGINAL_ROW_RETAINED,Row remained intact before the interrupted rewrite.
SRC-GDRIVE-FILE-0006,Google Drive browser,SRC-GDRIVE-BROWSER-ROOT-0001,FORGE Call Tags 220rev6102025.pdf,PDF,application/pdf,Google Drive Chat Bot folder,2024-02-22,2026-08-08,2025-06-10,FORGE 2.2.0,FORGE call tag workflow,P&D personnel,ACCESSIBLE,FULLY_REVIEWED,HIGH_RELEVANCE,,,,,research/fedex-ground-driver-knowledge/sources/google-drive/chat-bot/Chat Bot/FORGE Call Tags 220rev6102025.pdf,Does not define selection conditions for every status and reason code.,All three pages text-extracted and visually reviewed; OP-117 and comprehensive FORGE reconciliation remains.,2026-08-08,ORIGINAL_ROW_RETAINED,Row remained intact before the interrupted rewrite.
SRC-GDRIVE-FILE-0007,Google Drive browser,SRC-GDRIVE-BROWSER-ROOT-0001,FORGE Delayed Login 250rev6102025.pdf,PDF,application/pdf,Google Drive Chat Bot folder,2024-07-12,2026-08-08,2025-06-10,FORGE 2.5.0,FORGE delayed login workflow,P&D personnel,ACCESSIBLE,FULLY_REVIEWED,HIGH_RELEVANCE,,,,,research/fedex-ground-driver-knowledge/sources/google-drive/chat-bot/Chat Bot/FORGE Delayed Login 250rev6102025.pdf,Version-sensitive trigger and feature availability require current-guide reconciliation.,All five pages text-extracted and visually reviewed.,2026-08-08,ORIGINAL_ROW_RETAINED,Row remained intact before the interrupted rewrite.
SRC-GDRIVE-FILE-0008,Google Drive browser,SRC-GDRIVE-BROWSER-ROOT-0001,FORGE PD 280 Application Guide FXG V0300812025.pdf,PDF,application/pdf,Google Drive Chat Bot folder,2025-04-01,2026-08-08,2025-04-01,3.00 / optimized to FORGE 2.8.0,Comprehensive FORGE P&D application guide,Legacy FedEx Ground P&D personnel,ACCESSIBLE,FULLY_REVIEWED,HIGH_RELEVANCE,,,,,research/fedex-ground-driver-knowledge/sources/google-drive/chat-bot/Chat Bot/FORGE PD 280 Application Guide FXG V0300812025.pdf,Application workflow does not resolve controlling operational policy when a newer operational guide or ISP Agreement differs.,All 246 pages text-extracted read page by page and visually reviewed; OP-201 business-release conflict with newer OP-117 recorded.,2026-08-08,ORIGINAL_ROW_RETAINED,Row remained intact before the interrupted rewrite.
SRC-GDRIVE-FILE-0009,Google Drive browser,SRC-GDRIVE-BROWSER-ROOT-0001,FORGE Quick Start Guide.pdf,PDF,application/pdf,Google Drive Chat Bot folder,2023-07-14,2026-08-08,,FORGE 1.0.0,FORGE quick-start operations,P&D personnel,ACCESSIBLE,FULLY_REVIEWED,HIGH_RELEVANCE,,,,,research/fedex-ground-driver-knowledge/sources/google-drive/chat-bot/Chat Bot/FORGE Quick Start Guide.pdf,Older UI and credential information may be superseded.,All eight pages text-extracted and visually reviewed; marked potentially outdated for knowledge use.,2026-08-08,ORIGINAL_ROW_RETAINED,Row remained intact before the interrupted rewrite.
SRC-GDRIVE-FILE-0010,Google Drive browser,SRC-GDRIVE-BROWSER-ROOT-0001,FORGE Settings 220rev6102025.pdf,PDF,application/pdf,Google Drive Chat Bot folder,2023-11-29,2026-08-08,2025-06-10,FORGE 2.0.0 / filename 2.2.0 ambiguous,FORGE settings workflow,P&D personnel,ACCESSIBLE,FULLY_REVIEWED,HIGH_RELEVANCE,,,,,research/fedex-ground-driver-knowledge/sources/google-drive/chat-bot/Chat Bot/FORGE Settings 220rev6102025.pdf,Settings and UI availability are version-sensitive.,All six pages text-extracted and visually reviewed; version discrepancy noted.,2026-08-08,ORIGINAL_ROW_RETAINED,Row remained intact before the interrupted rewrite.
SRC-GDRIVE-FILE-0011,Google Drive browser,SRC-GDRIVE-BROWSER-ROOT-0001,Hand sheet 2.pdf,PDF,application/pdf,Google Drive Chat Bot folder,2026-08-08,2026-08-08,,,Delivery Record examples and code tables,Service provider personnel,ACCESSIBLE,FULLY_REVIEWED,POTENTIALLY_RELEVANT,,,,,research/fedex-ground-driver-knowledge/sources/google-drive/chat-bot/Chat Bot/Hand sheet 2.pdf,No visible publication identity or revision; examples do not define complete code conditions.,Single image-based page reviewed at full resolution; current-source reconciliation required.,2026-08-08,ORIGINAL_ROW_RETAINED,Row remained intact before the interrupted rewrite.
SRC-GDRIVE-FILE-0012,Google Drive browser,SRC-GDRIVE-BROWSER-ROOT-0001,Hand sheet.pdf,PDF,application/pdf,Google Drive Chat Bot folder,2026-08-08,2026-08-08,,,Manual sheeting barcode and notation guide,Service provider personnel,ACCESSIBLE,FULLY_REVIEWED,POTENTIALLY_RELEVANT,,,,,research/fedex-ground-driver-knowledge/sources/google-drive/chat-bot/Chat Bot/Hand sheet.pdf,No visible publication identity or revision; example includes 2021 date.,Single image-based page reviewed at full resolution; barcode formats and notation require current-source reconciliation.,2026-08-08,ORIGINAL_ROW_RETAINED,Row remained intact before the interrupted rewrite.
SRC-GDRIVE-FILE-0013,Google Drive browser,SRC-GDRIVE-BROWSER-ROOT-0001,Manifest Preview Application Guide10102024.pdf,PDF,application/pdf,Google Drive Chat Bot folder,2024-10-15,2026-08-08,2024-10-10,Manifest Preview 4.5.0 v1.00,Manifest Preview application guide,P&D personnel,ACCESSIBLE,FULLY_REVIEWED,POTENTIALLY_RELEVANT,,,,,research/fedex-ground-driver-knowledge/sources/google-drive/chat-bot/Chat Bot/Manifest Preview Application Guide10102024.pdf,Pre-dispatch tool becomes unavailable after FORGE login; package assignment effects need operational corroboration.,All 14 pages text-extracted and visually reviewed; retained for pre-route and misload context.,2026-08-08,ORIGINAL_ROW_RETAINED,Row remained intact before the interrupted rewrite.
SRC-GDRIVE-FILE-0014,Google Drive browser,SRC-GDRIVE-BROWSER-ROOT-0001,On the Road Reference GuideOP117MGB121525v2.pdf,PDF,application/pdf,Google Drive Chat Bot folder,2025-12-17,2026-08-08,2025-12-15,OP-117 v2,Comprehensive on-road pickup and delivery activities and processes,Service provider personnel,ACCESSIBLE,FULLY_REVIEWED,HIGH_RELEVANCE,,,,SRC-MGB-DOC-0001,research/fedex-ground-driver-knowledge/sources/google-drive/chat-bot/Chat Bot/On the Road Reference GuideOP117MGB121525v2.pdf,ISP Agreement controls conflicts; referenced external cards and guides remain to be acquired.,All 89 pages text-extracted read page by page and visually reviewed; source extraction map created.,2026-08-08,ORIGINAL_ROW_RETAINED,Row remained intact before the interrupted rewrite.
SRC-GDRIVE-FILE-0015,Google Drive browser,SRC-GDRIVE-BROWSER-ROOT-0001,Package placement_quick reference.pdf,PDF,application/pdf,Google Drive Chat Bot folder,2025-02-13,2026-08-08,2025-02-13,,Package placement quick reference,Service provider personnel,ACCESSIBLE,FULLY_REVIEWED,HIGH_RELEVANCE,,,,SRC-MGB-DOC-0005,research/fedex-ground-driver-knowledge/sources/google-drive/chat-bot/Chat Bot/Package placement_quick reference.pdf,Source mixes customer expectations suggestions and operational checks.,Both pages text-extracted and visually reviewed; detailed-source reconciliation remains.,2026-08-08,ORIGINAL_ROW_RETAINED,Row remained intact before the interrupted rewrite.
SRC-GDRIVE-FILE-0016,Google Drive browser,SRC-GDRIVE-BROWSER-ROOT-0001,Personnel Qualification Verification Flow.pdf,PDF,application/pdf,Google Drive Chat Bot folder,2024-08-20,2026-08-08,,,Personnel qualification verification flow,Service provider management,ACCESSIBLE,FULLY_REVIEWED,POTENTIALLY_RELEVANT,,,,,research/fedex-ground-driver-knowledge/sources/google-drive/chat-bot/Chat Bot/Personnel Qualification Verification Flow.pdf,Manager-facing eligibility flow is not on-route procedural guidance.,Single flowchart text-extracted and visually reviewed; retained for manager account and eligibility context.,2026-08-08,ORIGINAL_ROW_RETAINED,Row remained intact before the interrupted rewrite.
SRC-GDRIVE-FILE-0017,Google Drive browser,SRC-GDRIVE-BROWSER-ROOT-0001,Screenshot - FedEx Authenticated Delivery announcement,PNG,image/png,Google Drive Chat Bot folder,2026-08-08,2026-08-08,2026-08-04,,FedEx Authenticated Delivery announcement and future Ground availability,Service providers,ACCESSIBLE,FULLY_REVIEWED,TIME_SENSITIVE_RELEVANCE,,,,MGB-NAV-0082,research/fedex-ground-driver-knowledge/sources/google-drive/chat-bot/Chat Bot/Screenshot 2026-08-08 at 2.54.08%D4ǻPM.png,,The complete screenshot was visually reviewed. It states the service launches for Express and will become available for Ground in the future; it is not current Ground procedure and requires future-status verification before use.,2026-08-08,ORIGINAL_ROW_RETAINED,Row remained intact before the interrupted rewrite.
SRC-MGB-ROOT-0001,MyGroundBiz,,MyGroundBiz Home,website,text/html,https://www.mygroundbiz.com/#,,2026-08-08,,,,Service providers and contractor personnel,ACCESSIBLE,PARTIALLY_REVIEWED,POTENTIALLY_RELEVANT,,,,,,,Authenticated access confirmed; home page and global navigation observed. Dynamic news and linked areas remain to be inventoried.,2026-08-08,ORIGINAL_ROW_RETAINED,Row remained intact before the interrupted rewrite.
SRC-MGB-PAGE-0001,MyGroundBiz,SRC-MGB-ROOT-0001,On the Road Reference Guide,webpage,text/html,https://www.mygroundbiz.com/en/operations/pd/on-the-road-reference-guide,,2025-12-17,2025-12-17,MyGroundBiz page updated 2025-12-17,Overview of pickup and delivery activities; DOT; HOS; FORGE; status codes; customer experience; package placement,Service provider AOs BCs and personnel,ACCESSIBLE,FULLY_REVIEWED,HIGH_RELEVANCE,,,,SRC-MGB-DOC-0001;SRC-MGB-DOC-0002;SRC-MGB-DOC-0003;SRC-MGB-DOC-0004;SRC-MGB-DOC-0005,research/fedex-ground-driver-knowledge/captures/mygroundbiz/on_the_road_reference_guide_2025-12-17.txt,The landing page describes and links the guide family but does not substitute for complete child-document review.,Complete 69-line visible main-content capture and 38-link inventory reviewed; all five guide downloads remain separately inventoried and independently gated pending portal-byte reconciliation.,2026-08-09,ORIGINAL_ROW_RETAINED,Row remained intact before the interrupted rewrite.
SRC-MGB-DOC-0001,MyGroundBiz,SRC-MGB-PAGE-0001,U.S. On the Road Reference Guide,PDF,application/pdf,https://www.mygroundbiz.com/-/media/FXGMGB/docs/Operations/PD/On-the-Road-Reference-GuideOP117MGB121525v2.ashx,,,2025-12-15,OP-117 v2 12/15/2025,On-road pickup and delivery activities and processes,Service provider personnel,ACCESSIBLE,FULLY_REVIEWED,HIGH_RELEVANCE,,,,SRC-MGB-PAGE-0001;SRC-GDRIVE-FILE-0014,research/fedex-ground-driver-knowledge/sources/mygroundbiz/documents/On-the-Road-Reference-GuideOP117MGB121525v2.pdf,Portal PDF differs at byte level from the supplied Drive copy but all 89 pages render identically at the comparison resolution.,All 89 portal pages are visually identical to the previously fully reviewed OP-117 v2 copy; operational mappings remain on the supplied source while both originals are preserved.,2026-08-10,ORIGINAL_BYTES_ACQUIRED_AND_FULLY_REVIEWED,Original portal PDF acquired; complete page-render comparison against the reviewed supplied copy passed 89/89.
SRC-MGB-DOC-0002,MyGroundBiz,SRC-MGB-PAGE-0001,Customer Experience Guide,PDF,application/pdf,https://www.mygroundbiz.com/-/media/FXGMGB/docs/Operations/PD/CustomerExperienceGuideUS10282024.ashx,,,2024-10-28,2024-10-28,Customer experience and delivery or pickup expectations,Service provider personnel,ACCESSIBLE,FULLY_REVIEWED,HIGH_RELEVANCE,SRC-GDRIVE-FILE-0002,,,SRC-MGB-PAGE-0001;SRC-GDRIVE-FILE-0002,research/fedex-ground-driver-knowledge/sources/google-drive/chat-bot/Chat Bot/CustomerExperienceGuideUS10282024.pdf,Authenticated portal download is byte-identical to the fully reviewed supplied Drive source.,Exact SHA-256 identity confirmed; retain one controlled archive object and the existing operational mappings.,2026-08-10,ORIGINAL_BYTES_ACQUIRED_AND_FULLY_REVIEWED,Original portal download acquired and matched to the reviewed supplied source byte-for-byte.
SRC-MGB-DOC-0003,MyGroundBiz,SRC-MGB-PAGE-0001,Customer Experience Quick Reference Guide,PDF,application/pdf,https://www.mygroundbiz.com/-/media/FXGMGB/docs/Operations/PD/Customer-Experience-Quick-Reference-MGB119110625.ashx,,,2025-11-06,MGB-119 11/06/2025,Status codes and customer experience quick reference,Service provider personnel,ACCESSIBLE,FULLY_REVIEWED,HIGH_RELEVANCE,SRC-GDRIVE-FILE-0001,,,SRC-MGB-PAGE-0001;SRC-GDRIVE-FILE-0001,research/fedex-ground-driver-knowledge/sources/google-drive/chat-bot/Chat Bot/Customer Experience Quick Reference MGB119110625.pdf,Authenticated portal download is byte-identical to the fully reviewed supplied Drive source.,Exact SHA-256 identity confirmed; retain one controlled archive object and the existing operational mappings.,2026-08-10,ORIGINAL_BYTES_ACQUIRED_AND_FULLY_REVIEWED,Original portal download acquired and matched to the reviewed supplied source byte-for-byte.
SRC-MGB-DOC-0004,MyGroundBiz,SRC-MGB-PAGE-0001,Focus on Package Placement,PDF,application/pdf,https://www.mygroundbiz.com/-/media/FXGMGB/docs/Operations/PD/Focus-on-Package-Placement.ashx,,,2024-11-15,,Package placement at delivery,Service provider personnel,ACCESSIBLE,FULLY_REVIEWED,HIGH_RELEVANCE,SRC-GDRIVE-FILE-0004,,,SRC-MGB-PAGE-0001;SRC-GDRIVE-FILE-0004,research/fedex-ground-driver-knowledge/sources/google-drive/chat-bot/Chat Bot/Focus on Package Placement.pdf,Authenticated portal download is byte-identical to the fully reviewed supplied Drive source.,Exact SHA-256 identity confirmed; retain one controlled archive object and the existing operational mappings.,2026-08-10,ORIGINAL_BYTES_ACQUIRED_AND_FULLY_REVIEWED,Original portal download acquired and matched to the reviewed supplied source byte-for-byte.
SRC-MGB-DOC-0005,MyGroundBiz,SRC-MGB-PAGE-0001,Package Placement Quick Reference,PDF,application/pdf,https://www.mygroundbiz.com/-/media/FXGMGB/docs/Operations/PD/Package-placement_quick-reference.ashx,,,2025-02-13,,Package placement quick reference,Service provider personnel,ACCESSIBLE,FULLY_REVIEWED,HIGH_RELEVANCE,SRC-GDRIVE-FILE-0015,,,SRC-MGB-PAGE-0001;SRC-GDRIVE-FILE-0015,research/fedex-ground-driver-knowledge/sources/google-drive/chat-bot/Chat Bot/Package placement_quick reference.pdf,Authenticated portal download is byte-identical to the fully reviewed supplied Drive source.,Exact SHA-256 identity confirmed; retain one controlled archive object and the existing operational mappings.,2026-08-10,ORIGINAL_BYTES_ACQUIRED_AND_FULLY_REVIEWED,Original portal download acquired and matched to the reviewed supplied source byte-for-byte.
SRC-MGB-PAGE-0002,MyGroundBiz,SRC-MGB-ROOT-0001,Transporting Hazardous Materials,webpage,text/html,https://www.mygroundbiz.com/en/safety/regulatory-compliance/transporting-hazardous-materials,,2026-05-29,,MyGroundBiz page updated 2026-05-29,Hazmat documentation pickup transport loading delivery leak and check-in rules,Service providers and service provider personnel,ACCESSIBLE,FULLY_REVIEWED,HIGH_RELEVANCE,,,,SRC-MGB-PAGE-0003,research/fedex-ground-driver-knowledge/captures/mygroundbiz/transporting_hazardous_materials_2026-05-29.txt,,Complete visible page text and linked-resource identities reviewed and durably archived in authenticated session; external SIG and referenced cards remain separate sources.,2026-08-09,ORIGINAL_ROW_RETAINED,Row remained intact before the interrupted rewrite.
SRC-MGB-PAGE-0003,MyGroundBiz,SRC-MGB-ROOT-0001,Safety Information Guide,webpage,text/html,https://www.mygroundbiz.com/en/safety/regulatory-compliance/safety-information-guide,,2026-06-24,,MyGroundBiz page updated 2026-06-24,SIG access location and acknowledgment instructions,Service providers and personnel,ACCESSIBLE,FULLY_REVIEWED,POTENTIALLY_RELEVANT,,,,SRC-MGB-PAGE-0002,research/fedex-ground-driver-knowledge/captures/mygroundbiz/safety_information_guide_2026-06-24.txt,The landing page does not contain the current Safety Information Guide itself.,Page re-reviewed and durably archived; current SIG content remains hosted in MyBizAccount and not yet acquired.,2026-08-09,ORIGINAL_ROW_RETAINED,Row remained intact before the interrupted rewrite.
SRC-MGB-PAGE-0004,MyGroundBiz,SRC-MGB-ROOT-0001,Driver Safety Standards - Qualification Certification for P&D,webpage,text/html,https://www.mygroundbiz.com/en/operations/driver-qualification-resources/qualification-certification-for-pd,,2025-11-14,,MyGroundBiz page updated 2025-11-14,P&D qualification certification scope expiration and vehicle-based qualification context,Service providers and P&D personnel,ACCESSIBLE,FULLY_REVIEWED,HIGH_RELEVANCE,,,,SRC-MGB-PAGE-0005,research/fedex-ground-driver-knowledge/captures/mygroundbiz/qualification_certification_pd.txt,Linked forms and complete agreement conditions remain independent sources.,Complete visible page re-reviewed and durably archived; explicit expiration rule promoted while linked conditions remain separate acquisition targets.,2026-08-09,ORIGINAL_ROW_RETAINED,Row remained intact before the interrupted rewrite.
SRC-MGB-PAGE-0005,MyGroundBiz,SRC-MGB-ROOT-0001,Qualification Certification,webpage,text/html,https://www.mygroundbiz.com/en/safety/safety-resources/Qualification-Certification,,2025-12-05,,Schedule I Section 2.1(A)(1),Qualification certification sequence observed hours observer eligibility providers recertification and vehicle-based qualification,Service providers certified trainers observers and driver candidates,ACCESSIBLE,FULLY_REVIEWED,HIGH_RELEVANCE,,,,SRC-MGB-PAGE-0004,research/fedex-ground-driver-knowledge/captures/mygroundbiz/qualification_certification_safety.txt,Linked FAQ forms and complete provider materials are independent sources.,Complete visible page re-reviewed and durably archived; explicit sequence eligibility recertification and vehicle-size rules promoted while linked child resources remain separate acquisition targets.,2026-08-09,ORIGINAL_ROW_RETAINED,Row remained intact before the interrupted rewrite.
SRC-MGB-PAGE-0006,MyGroundBiz,SRC-MGB-ROOT-0001,Accident Reporting,webpage,text/html,https://www.mygroundbiz.com/en/safety/safety-resources/accident-reporting,,2025-10-13,,MyGroundBiz page updated 2025-10-13,Accident notification data and required forms,Service provider representatives and drivers,ACCESSIBLE,FULLY_REVIEWED,HIGH_RELEVANCE,,,,SRC-MGB-DOC-0006;SRC-MGB-DOC-0007;SRC-MGB-DOC-0008,research/fedex-ground-driver-knowledge/captures/mygroundbiz/accident_reporting_2025-10-13.txt,,Complete visible page re-reviewed against durable authenticated capture; OP-130 and OP-132 are separate fully reviewed sources and OP-135 remains partial.,2026-08-09,ORIGINAL_ROW_RETAINED,Row remained intact before the interrupted rewrite.
SRC-MGB-DOC-0006,MyGroundBiz,SRC-MGB-PAGE-0006,Accident Packet Instructions for Drivers OP-130,PDF,application/pdf,https://www.mygroundbiz.com/-/media/FXGMGB/docs/Safety/Accident-Reporting/OP-130-US-101025.ashx,,2025-10-10,2025-08-01,OP-130 8/2025,Immediate accident-scene actions and reporting,Service provider drivers,ACCESSIBLE,FULLY_REVIEWED,HIGH_RELEVANCE,,,,SRC-MGB-PAGE-0006,research/fedex-ground-driver-knowledge/sources/mygroundbiz/documents/OP-130-US-101025.pdf,Station and service-provider contact blanks must be locally completed.,Original one-page PDF archived and completely visually reviewed; title date and all eight steps confirmed.,2026-08-10,ORIGINAL_BYTES_ACQUIRED_AND_FULLY_REVIEWED,Original portal PDF acquired and completely reviewed.
SRC-MGB-DOC-0007,MyGroundBiz,SRC-MGB-PAGE-0006,Passenger In Other Vehicle Or Witness Form OP-132,PDF,application/pdf,https://www.mygroundbiz.com/-/media/FXGMGB/docs/Safety/Accident-Reporting/OP-132-US-101025.ashx,,2025-10-10,2025-08-01,OP-132 Rev 8/2025,Witness and other-vehicle passenger information,Service provider drivers and witnesses,ACCESSIBLE,FULLY_REVIEWED,HIGH_RELEVANCE,,,,SRC-MGB-PAGE-0006,research/fedex-ground-driver-knowledge/sources/mygroundbiz/documents/OP-132-US-101025.pdf,Passenger or witness completes the form with driver assistance.,Original one-page form archived and completely visually reviewed; all identity injury contact remarks and signature fields confirmed.,2026-08-10,ORIGINAL_BYTES_ACQUIRED_AND_FULLY_REVIEWED,Original portal PDF acquired and completely reviewed.
SRC-MGB-DOC-0008,MyGroundBiz,,Accident Report Form OP-135,PDF,application/pdf,https://www.mygroundbiz.com/-/media/FXGMGB/docs/Safety/Accident-Reporting/OP-135-US-101025.ashx,,,,Document revision 9/2025,Accident details and required local reporting fields,Service-provider and temporary-agency drivers,ACCESSIBLE,FULLY_REVIEWED,HIGH_RELEVANCE,,,,,research/fedex-ground-driver-knowledge/sources/mygroundbiz/documents/OP-135-US-101025.pdf,All five pages textually and visually reviewed from the checksum-preserved original; all form fields and general instruction 13 are reconciled.,Original PDF bytes are archived locally and prior authenticated viewer renders are retained as acquisition history.,2026-08-10,ORIGINAL_BYTES_ACQUIRED_AND_FULLY_REVIEWED,Downloaded by the project owner from the authenticated current MyGroundBiz document link; complete review closes the former cropped-region limitation.
SRC-MGB-PAGE-0007,MyGroundBiz,,Security,webpage,text/html,https://www.mygroundbiz.com/en/safety/safety-resources/security,,,,,,,ACCESSIBLE,FULLY_REVIEWED,HIGH_RELEVANCE,,,,,research/fedex-ground-driver-knowledge/captures/mygroundbiz/security_2025-11-19.txt,7 exact mapping row(s) support 5 knowledge record(s) from reviewed source content.,Reconcile open referenced-source obligations and reassess when a newer source version is acquired.,2026-08-09,RECONSTRUCTED_FROM_CONTROLLED_LEDGERS,"Core metadata reconstructed from source-capture, source-knowledge, authenticated-queue, navigation, and source-review artifacts; unrecoverable descriptive cells remain blank."
SRC-MGB-PAGE-0008,MyGroundBiz,,Customer Experience and Pickup Coordination,webpage,text/html,https://www.mygroundbiz.com/en/operations/pd/customer-pickup-coordination,,,,,,,ACCESSIBLE,FULLY_REVIEWED,HIGH_RELEVANCE,,,,,research/fedex-ground-driver-knowledge/captures/mygroundbiz/customer_experience_pickup_coordination_2024-11-21.txt,The complete page and all visible resources are durably captured and reviewed; it functions as a pickup-resource index and does not itself establish the linked procedures.,Acquire and review the eleven linked documents and six embedded videos before using their procedures or status-code guidance.,2026-08-09,RECONSTRUCTED_FROM_CONTROLLED_LEDGERS,"Core metadata reconstructed from source-capture, source-knowledge, authenticated-queue, navigation, and source-review artifacts; unrecoverable descriptive cells remain blank."
SRC-MGB-PAGE-0009,MyGroundBiz,,ISP Agreement,webpage,text/html,https://www.mygroundbiz.com/en/agreement/general-agreement-information/isp-agreement,,,,,,,ACCESSIBLE,FULLY_REVIEWED,HIGH_RELEVANCE,,,,,,The ISP Agreement landing/version page is reviewed; the sample child is partial and cannot substitute for the executed negotiated agreement.,Fully review the sample for context and acquire the executed ISP Agreement and schedules for controlling obligations.,2026-08-08,RECONSTRUCTED_FROM_CONTROLLED_LEDGERS,"Core metadata reconstructed from source-capture, source-knowledge, authenticated-queue, navigation, and source-review artifacts; unrecoverable descriptive cells remain blank."
SRC-MGB-DOC-0009,MyGroundBiz,,Sample 2026 ISP Agreement,PDF,application/pdf,https://www.mygroundbiz.com/-/media/FXGMGB/docs/Agreement/General-agreement-information/ISP-Agreement/2026-ISP-Combined-Sample.ashx,,,,,,,ACCESSIBLE,PARTIALLY_REVIEWED,HIGH_RELEVANCE,,,,,,Only the first page/identity of the official 89-page sample 2026 ISP Agreement is reviewed.,Acquire or navigate and review all 89 pages; preserve that a sample does not establish negotiated terms.,2026-08-08,RECONSTRUCTED_FROM_CONTROLLED_LEDGERS,"Core metadata reconstructed from source-capture, source-knowledge, authenticated-queue, navigation, and source-review artifacts; unrecoverable descriptive cells remain blank."
SRC-MGB-PAGE-0010,MyGroundBiz,,Commercial customers to initiate requests for OP-201 recipient release authorizations,webpage,text/html,,,,,,,,ACCESSIBLE,FULLY_REVIEWED,HIGH_RELEVANCE,,,,,research/fedex-ground-driver-knowledge/captures/mygroundbiz/op201_recipient_initiation_2022-11-29.txt,1 exact mapping row(s) support 1 knowledge record(s) from reviewed source content.,Reconcile open referenced-source obligations and reassess when a newer source version is acquired.,2026-08-09,RECONSTRUCTED_FROM_CONTROLLED_LEDGERS,"Core metadata reconstructed from source-capture, source-knowledge, authenticated-queue, navigation, and source-review artifacts; unrecoverable descriptive cells remain blank."
SRC-MGB-PAGE-0011,MyGroundBiz,,Beginning Nov. 17 commercial delivery driver release option available in STAR only with confirmed OP-201,webpage,text/html,,,,,,,,ACCESSIBLE,FULLY_REVIEWED,HIGH_RELEVANCE,,,,,research/fedex-ground-driver-knowledge/captures/mygroundbiz/op201_commercial_release_2022-11-15.txt,2 exact mapping row(s) support 2 knowledge record(s) from reviewed source content.,Reconcile open referenced-source obligations and reassess when a newer source version is acquired.,2026-08-09,RECONSTRUCTED_FROM_CONTROLLED_LEDGERS,"Core metadata reconstructed from source-capture, source-knowledge, authenticated-queue, navigation, and source-review artifacts; unrecoverable descriptive cells remain blank."
SRC-MGB-PAGE-0012,MyGroundBiz,,Safety and Compliance Program Resources,webpage,text/html,https://www.mygroundbiz.com/en/safety/regulatory-compliance/safety-and-compliance-program-resources,,,,,,,ACCESSIBLE,FULLY_REVIEWED,POTENTIALLY_RELEVANT,,,,,,"The Safety and Compliance Program Resources landing page is reviewed, but its substantive linked PDFs remain separate unacquired sources.","Inventory, acquire, and review every reasonably driver-relevant child resource.",2026-08-08,RECONSTRUCTED_FROM_CONTROLLED_LEDGERS,"Core metadata reconstructed from source-capture, source-knowledge, authenticated-queue, navigation, and source-review artifacts; unrecoverable descriptive cells remain blank."
SRC-MGB-PAGE-0013,MyGroundBiz,,Safety Topic Library,webpage,text/html,https://www.mygroundbiz.com/en/safety/safety-resources/safety-topic-library,,,,,,,ACCESSIBLE,FULLY_REVIEWED,HIGH_RELEVANCE,,,,,,The Safety Topic Library index and all 77 displayed listings are inventoried; 73 unique child documents remain unacquired and Dog Bite Prevention is fully reviewed from seven hashed rendered pages.,"Acquire and review every unique child document, preserving duplicate URL relationships and dates.",2026-08-08,RECONSTRUCTED_FROM_CONTROLLED_LEDGERS,"Core metadata reconstructed from source-capture, source-knowledge, authenticated-queue, navigation, and source-review artifacts; unrecoverable descriptive cells remain blank."
SRC-MGB-PAGE-0014,MyGroundBiz,,CSA/DOT Regulations,webpage,text/html,https://www.mygroundbiz.com/en/safety/regulatory-compliance/dot-regulations,,,,,,,ACCESSIBLE,FULLY_REVIEWED,HIGH_RELEVANCE,,,,,research/fedex-ground-driver-knowledge/captures/mygroundbiz/csa_dot_regulations_2025-11-18.txt,3 exact mapping row(s) support 3 knowledge record(s) from reviewed source content.,Reconcile open referenced-source obligations and reassess when a newer source version is acquired.,2026-08-09,RECONSTRUCTED_FROM_CONTROLLED_LEDGERS,"Core metadata reconstructed from source-capture, source-knowledge, authenticated-queue, navigation, and source-review artifacts; unrecoverable descriptive cells remain blank."
SRC-MGB-PAGE-0015,MyGroundBiz,,Unsafe Driving,webpage,text/html,https://www.mygroundbiz.com/en/safety/regulatory-compliance/dot-regulations/unsafe-driving,,,,,,,ACCESSIBLE,FULLY_REVIEWED,POTENTIALLY_RELEVANT,,,,,research/fedex-ground-driver-knowledge/captures/mygroundbiz/unsafe_driving_2021-02-04.txt,The complete 2021 Unsafe Driving page is durably captured and reviewed; it supplies high-level violation examples but no distinct operational procedure beyond the broader 2025 CSA/DOT parent page.,Retain as contextual evidence and reassess only if the source is updated or a more specific current procedure is acquired.,2026-08-09,RECONSTRUCTED_FROM_CONTROLLED_LEDGERS,"Core metadata reconstructed from source-capture, source-knowledge, authenticated-queue, navigation, and source-review artifacts; unrecoverable descriptive cells remain blank."
SRC-MGB-PAGE-0016,MyGroundBiz,,Equipment Terms,webpage,text/html,https://www.mygroundbiz.com/en/vehicles-fuel/vehicle-standards-tbd/vehicle-standards,,2025-11-24,,MyGroundBiz page updated 2025-11-24,Current ISP and TSP equipment-term document index,Service providers and vehicle/equipment administrators,ACCESSIBLE,FULLY_REVIEWED,HIGH_RELEVANCE,,,,SRC-MGB-DOC-0010;SRC-MGB-DOC-0040,research/fedex-ground-driver-knowledge/captures/mygroundbiz/equipment_terms_2025-11-24.txt,The landing page establishes current document identities and portal update labels but does not substitute for the linked terms or FAQ content.,Complete the November 2025 ISP Equipment Terms and January 2026 Vehicle Appearance FAQ; keep the explicitly older French tractor translation from overriding newer English terms.,2026-08-09,NEW_AUTHORITATIVE_ROW_AFTER_RECOVERY,Exact update link identity audience and capture were re-established from the live authenticated current page.
SRC-MGB-DOC-0010,MyGroundBiz,SRC-MGB-PAGE-0016,Independent Service Provider Agreement Equipment Terms,PDF,application/pdf,https://www.mygroundbiz.com/-/media/FXGMGB/docs/Vehicles/Vehicle-Standards/ISPAEquipmentTermsMGB112125.ashx,,2025-11-24,2025-11-21,ISP Equipment Terms 11/21/2025,Vehicle configuration security safety appearance and qualification documentation,Service providers and vehicle administrators,ACCESSIBLE,FULLY_REVIEWED,HIGH_RELEVANCE,,,,SRC-MGB-PAGE-0016,research/fedex-ground-driver-knowledge/sources/mygroundbiz/documents/ISPAEquipmentTermsMGB112125.pdf,Contractor equipment terms do not independently establish every driver-at-stop or state-specific legal procedure.,All five pages and every checklist region were reviewed from the original PDF; current FAI proof equipment safety and vehicle-configuration requirements are preserved as contractor controls.,2026-08-10,ORIGINAL_BYTES_ACQUIRED_AND_FULLY_REVIEWED,Original portal PDF acquired and all five pages completely reviewed.
SRC-MGB-PAGE-0017,MyGroundBiz,,Trailer and Dolly Coupling,webpage,text/html,https://www.mygroundbiz.com/en/vehicles-fuel/vehicle-regulations/trailer-and-dolly-coupling,,,,,,,ACCESSIBLE,FULLY_REVIEWED,HIGH_RELEVANCE,,,,,,1 exact mapping row(s) support 1 knowledge record(s) from reviewed source content.,Reconcile open referenced-source obligations and reassess when a newer source version is acquired.,2026-08-08,RECONSTRUCTED_FROM_CONTROLLED_LEDGERS,"Core metadata reconstructed from source-capture, source-knowledge, authenticated-queue, navigation, and source-review artifacts; unrecoverable descriptive cells remain blank."
SRC-MGB-PAGE-0018,MyGroundBiz,,FedEx Authenticated Delivery launches August 12,webpage,text/html,https://www.mygroundbiz.com/en/news/2026/New-QR-code-authentication-delivery-service-FedEx-Authenticated-Delivery-launches-August-12,2026-08-04,,2026-08-12,Express launch 2026-08-12; Ground availability stated only as future,FedEx Authenticated Delivery launch and future Ground availability,Service providers and drivers,ACCESSIBLE,FULLY_REVIEWED,TIME_SENSITIVE_RELEVANCE,,,,,research/fedex-ground-driver-knowledge/captures/mygroundbiz/fedex_authenticated_delivery_2026-08-04.txt,The current article supports one time-sensitive record but explicitly does not establish a current Ground launch date or Ground operating procedure.,Rechecked live on 2026-08-09; keep Ground procedure withheld until a later current source announces Ground availability and instructions.,2026-08-09,NEW_AUTHORITATIVE_ROW_AFTER_RECOVERY,Exact URL and temporal scope were re-established from the live authenticated article and durable capture.
SRC-MGB-PAGE-0019,MyGroundBiz,,Important heat and dry ice safety reminders,webpage,text/html,https://www.mygroundbiz.com/en/news/2026/Important-heat-and-dry-ice-safety-reminders,2026-08-04,,2026-08-04,Published 2026-08-04,Heat illness and dry-ice transport safety,Service providers and drivers,ACCESSIBLE,FULLY_REVIEWED,HIGH_RELEVANCE,,,,,research/fedex-ground-driver-knowledge/captures/mygroundbiz/heat_and_dry_ice_safety_2026-08-04.txt,2 exact mapping row(s) support 2 knowledge record(s) from complete visible current source content.,Live authenticated article rechecked on 2026-08-09; existing heat and dry-ice records remain supported without expansion.,2026-08-09,NEW_AUTHORITATIVE_ROW_AFTER_RECOVERY,Exact URL subject audience and date were re-established from the live authenticated article and durable capture.
SRC-MGB-DOC-0011,MyGroundBiz,SRC-MGB-PAGE-0013,Dog Bite Prevention safety topic,PDF,application/pdf,https://www.mygroundbiz.com/-/media/FXGMGB/docs/Safety/FY26-VSM/Dog-Bite-Prevention-VSM-04062026-EN.ashx,,,2026-04-06,Safety 04/06/2026,Dog encounter avoidance response and wound care,Service provider personnel,ACCESSIBLE,FULLY_REVIEWED,HIGH_RELEVANCE,,,,SRC-MGB-PAGE-0013,research/fedex-ground-driver-knowledge/sources/mygroundbiz/documents/Dog-Bite-Prevention-VSM-04062026-EN.pdf,The source does not establish delivery status or package-disposition rules for a dog-blocked stop.,Original seven-page PDF archived and completely visually reviewed; existing page-specific dog-safety mappings remain controlling.,2026-08-10,ORIGINAL_BYTES_ACQUIRED_AND_FULLY_REVIEWED,Original portal PDF acquired and all seven pages completely reviewed.
SRC-MGB-PAGE-0020,MyGroundBiz,,Rental Vehicle Information,webpage,text/html,https://www.mygroundbiz.com/en/vehicles-fuel/vehicle-standards-tbd/rental-vehicle-information,,,,,,,ACCESSIBLE,FULLY_REVIEWED,HIGH_RELEVANCE,,,,,research/fedex-ground-driver-knowledge/captures/mygroundbiz/rental_vehicle_information_2026-01-09.txt,1 exact mapping row(s) support 1 knowledge record(s) from reviewed source content.,Reconcile open referenced-source obligations and reassess when a newer source version is acquired.,2026-08-09,RECONSTRUCTED_FROM_CONTROLLED_LEDGERS,"Core metadata reconstructed from source-capture, source-knowledge, authenticated-queue, navigation, and source-review artifacts; unrecoverable descriptive cells remain blank."
SRC-MGB-PAGE-0021,MyGroundBiz,,Annual Inspections,webpage,text/html,https://www.mygroundbiz.com/en/vehicles-fuel/vehicle-regulations/periodic-inspections,,,,,,,ACCESSIBLE,FULLY_REVIEWED,HIGH_RELEVANCE,,,,,research/fedex-ground-driver-knowledge/captures/mygroundbiz/annual_inspections_2024-06-27.txt,1 exact mapping row(s) support 1 knowledge record(s) from reviewed source content.,Reconcile open referenced-source obligations and reassess when a newer source version is acquired.,2026-08-09,RECONSTRUCTED_FROM_CONTROLLED_LEDGERS,"Core metadata reconstructed from source-capture, source-knowledge, authenticated-queue, navigation, and source-review artifacts; unrecoverable descriptive cells remain blank."
SRC-MGB-PAGE-0022,MyGroundBiz,,California P&D 90-Day Periodic Inspections,webpage,text/html,https://www.mygroundbiz.com/en/vehicles-fuel/state-regulations/pd-90-day-periodic-inspections,,,,,,,ACCESSIBLE,FULLY_REVIEWED,HIGH_RELEVANCE,,,,,,1 exact mapping row(s) support 1 knowledge record(s) from reviewed source content.,Reconcile open referenced-source obligations and reassess when a newer source version is acquired.,2026-08-08,RECONSTRUCTED_FROM_CONTROLLED_LEDGERS,"Core metadata reconstructed from source-capture, source-knowledge, authenticated-queue, navigation, and source-review artifacts; unrecoverable descriptive cells remain blank."
SRC-MGB-PAGE-0023,MyGroundBiz,,Recent Customer Alerts,webpage,text/html,https://www.mygroundbiz.com/news/CY26-recent-customer-alerts,,,,Published 2021-02-01; Updated 2026-08-06,,,ACCESSIBLE,FULLY_REVIEWED,TIME_SENSITIVE_RELEVANCE,,,,,research/fedex-ground-driver-knowledge/captures/mygroundbiz/recent_customer_alerts_2026-08-06.txt,All 138 alert segments in the durable page capture are reviewed and represented in the separate customer-alert operational and source-mapping layers; general-record mappings remain intentionally separate.,Revalidate the page when it changes and complete the independently inventoried linked child-source acquisitions.,2026-08-09,RECONSTRUCTED_FROM_CONTROLLED_LEDGERS,"Core metadata reconstructed from source-capture, source-knowledge, authenticated-queue, navigation, and source-review artifacts; unrecoverable descriptive cells remain blank."
SRC-MGB-DOC-0012,MyGroundBiz,,Pickup Familiarization Guide,downloadable document,,https://www.mygroundbiz.com/-/media/FXGMGB/docs/Operations/CPC/2021-CPC/CPC-Familiarization-Guide-Oct-2021-Final.ashx,,,,,,,ACCESSIBLE,NOT_YET_REVIEWED,HIGH_RELEVANCE,,,,,,No operational evidence mapping is permitted because this source has not been reviewed.,Acquire/review the exact source and create evidence mappings only for source-established knowledge.,,RECONSTRUCTED_FROM_CONTROLLED_LEDGERS,"Core metadata reconstructed from source-capture, source-knowledge, authenticated-queue, navigation, and source-review artifacts; unrecoverable descriptive cells remain blank."
SRC-MGB-DOC-0013,MyGroundBiz,SRC-MGB-PAGE-0008,Pickup Familiarization Notes,PDF,application/pdf,https://www.mygroundbiz.com/-/media/FXGMGB/docs/Operations/CPC/2021-CPC/CPC-Familiarization-Notes-Oct-2021-Final.ashx,,,2021-10-01,CPC Familiarization Notes Oct. 2021,Pickup listings reconciliation FCC/CPC messaging offers transfers and exceptions,Service provider personnel and business contacts,ACCESSIBLE,FULLY_REVIEWED,HIGH_RELEVANCE,,,,SRC-MGB-PAGE-0008,research/fedex-ground-driver-knowledge/sources/mygroundbiz/documents/CPC-Familiarization-Notes-Oct-2021-Final.pdf,The 2021 STAR-era interface is older than current OP-117 and FORGE guidance and cannot override newer procedures.,All 40 pages were completely visually reviewed; current records already preserve newer controlling pickup procedures while unresolved decline criteria remain unresolved.,2026-08-10,ORIGINAL_BYTES_ACQUIRED_AND_FULLY_REVIEWED,Original portal PDF acquired and all 40 pages completely reviewed.
SRC-MGB-DOC-0014,MyGroundBiz,SRC-MGB-PAGE-0008,Meeting pickup service obligations,PDF,application/pdf,https://www.mygroundbiz.com/-/media/FXGMGB/docs/Operations/CPC/PickupServiceObligationsFinal10162020.ashx,,,2020-10-16,Pickup Service Obligations Oct. 2020,Pickup listing address window details and reason-code accuracy,Service provider personnel,ACCESSIBLE,FULLY_REVIEWED,HIGH_RELEVANCE,,,,SRC-MGB-PAGE-0008,research/fedex-ground-driver-knowledge/sources/mygroundbiz/documents/PickupServiceObligationsFinal10162020.pdf,The 2020 STAR-era quick reference is older than current OP-117 and FORGE guidance and cannot override newer procedures.,The original one-page source was completely reviewed and retained as historical corroboration of pickup listing window and reason-code accuracy.,2026-08-10,ORIGINAL_BYTES_ACQUIRED_AND_FULLY_REVIEWED,Original portal PDF acquired and completely reviewed.
SRC-MGB-DOC-0015,MyGroundBiz,,Common Reason Codes for Unsuccessful Pickup Attempts,downloadable document,,https://www.mygroundbiz.com/-/media/FXGMGB/docs/Operations/PD-Technology/STAR-FRO/2023/Pickup-Status-Codes-English-2023.ashx,,,,Version ambiguous: portal path 2023; authenticated viewer title 0827COL Pickup Status Codes 2017.indd,,,ACCESSIBLE,PARTIALLY_REVIEWED,HIGH_RELEVANCE,,,,,,The source was rejected for current operational extraction: its authenticated viewer title identifies 2017 while its portal path suggests 2023. Only partial page renders were retained as provenance of that decision.,No code or procedure from this source is included in the active reference layer. Do not spend further review time unless an authoritative current version is established; acquire current OP-321 instead.,2026-08-09,RECONSTRUCTED_FROM_CONTROLLED_LEDGERS,"Core metadata reconstructed from source-capture, source-knowledge, authenticated-queue, navigation, and source-review artifacts; unrecoverable descriptive cells remain blank."
SRC-MGB-DOC-0016,MyGroundBiz,SRC-MGB-PAGE-0008,FCC and CXPC Fast Facts,PDF,application/pdf,https://www.mygroundbiz.com/-/media/FXGMGB/docs/Operations/PD-Technology/STAR-FRO/2023/FCC-and-CPC-Fast-Facts.ashx,,,2023-01-01,FCC and CPC Facts updated 2023,FCC transfers messaging pickup monitoring and customer coordination,Authorized officers business contacts and service provider personnel,ACCESSIBLE,FULLY_REVIEWED,HIGH_RELEVANCE,,,,SRC-MGB-PAGE-0008,research/fedex-ground-driver-knowledge/sources/mygroundbiz/documents/FCC-and-CPC-Fast-Facts.pdf,The 2023 facts document is older than current OP-117 and FORGE guidance and does not define all current authority limits.,All three pages were completely visually reviewed; newer current sources remain controlling and the document is preserved as corroborative FCC/CPC context.,2026-08-10,ORIGINAL_BYTES_ACQUIRED_AND_FULLY_REVIEWED,Original portal PDF acquired and all three pages completely reviewed.
SRC-MGB-DOC-0017,MyGroundBiz,,FedEx Customer Connection features,downloadable document,,https://www.mygroundbiz.com/-/media/FXGMGB/docs/Operations/CPC/FedEx-Customer-Connection-Flyer-Final.ashx,,,,,,,ACCESSIBLE,NOT_YET_REVIEWED,POTENTIALLY_RELEVANT,,,,,,No operational evidence mapping is permitted because this source has not been reviewed.,Acquire/review the exact source and create evidence mappings only for source-established knowledge.,,RECONSTRUCTED_FROM_CONTROLLED_LEDGERS,"Core metadata reconstructed from source-capture, source-knowledge, authenticated-queue, navigation, and source-review artifacts; unrecoverable descriptive cells remain blank."
SRC-MGB-DOC-0018,MyGroundBiz,,Opportunities to Contact CXPC,downloadable document,,https://www.mygroundbiz.com/-/media/FXGMGB/docs/Operations/CPC/2021-CPC/CPC-Pickup-Slides-Final-Feb-2021.ashx,,,,,,,ACCESSIBLE,NOT_YET_REVIEWED,HIGH_RELEVANCE,,,,,,No operational evidence mapping is permitted because this source has not been reviewed.,Acquire/review the exact source and create evidence mappings only for source-established knowledge.,,RECONSTRUCTED_FROM_CONTROLLED_LEDGERS,"Core metadata reconstructed from source-capture, source-knowledge, authenticated-queue, navigation, and source-review artifacts; unrecoverable descriptive cells remain blank."
SRC-MGB-DOC-0019,MyGroundBiz,,Growing Business through Sales Leads,downloadable document,,https://www.mygroundbiz.com/-/media/FXGMGB/docs/Operations/CPC/CPC-Sales-Leads-Flyer-Final.ashx,,,,,,,ACCESSIBLE,NOT_YET_REVIEWED,POTENTIALLY_RELEVANT,,,,,,No operational evidence mapping is permitted because this source has not been reviewed.,Acquire/review the exact source and create evidence mappings only for source-established knowledge.,,RECONSTRUCTED_FROM_CONTROLLED_LEDGERS,"Core metadata reconstructed from source-capture, source-knowledge, authenticated-queue, navigation, and source-review artifacts; unrecoverable descriptive cells remain blank."
SRC-MGB-DOC-0020,MyGroundBiz,SRC-MGB-PAGE-0008,Assigning Same Pickup ID to Multiple Pickups in FORGE,PDF,application/pdf,https://www.mygroundbiz.com/-/media/FXGMGB/docs/Operations/PD-Technology/STAR-FRO/2023/FORGE-Additional_PU_Guide-2023.ashx,,,2023-01-01,P&D Systems Design updated 2023,Assign one pickup ID to multiple unmanifested pickup stops,Service provider personnel,ACCESSIBLE,FULLY_REVIEWED,HIGH_RELEVANCE,,,,SRC-MGB-PAGE-0008,research/fedex-ground-driver-knowledge/sources/mygroundbiz/documents/FORGE-Additional_PU_Guide-2023.pdf,The feature is documented in a 2023 FORGE guide and is retained pending confirmation against the current 3.3 interface before definitive publication.,All three pages and both open-stop and already-closed-stop branches were completely visually reviewed.,2026-08-10,ORIGINAL_BYTES_ACQUIRED_AND_FULLY_REVIEWED,Original portal PDF acquired and all three pages completely reviewed.
SRC-MGB-DOC-0021,MyGroundBiz,,Single/Multiple-Stop Scenarios chart — U.S.,downloadable document,,https://www.mygroundbiz.com/-/media/FXGMGB/docs/News-articles/2021/20FL088-Stop-Type-Chart-US.ashx,,,,,,,ACCESSIBLE,NOT_YET_REVIEWED,HIGH_RELEVANCE,,,,,,No operational evidence mapping is permitted because this source has not been reviewed.,Acquire/review the exact source and create evidence mappings only for source-established knowledge.,,RECONSTRUCTED_FROM_CONTROLLED_LEDGERS,"Core metadata reconstructed from source-capture, source-knowledge, authenticated-queue, navigation, and source-review artifacts; unrecoverable descriptive cells remain blank."
SRC-MGB-DOC-0022,MyGroundBiz,,CXPC Facts Template 2024,downloadable document,,https://www.mygroundbiz.com/-/media/FXGMGB/docs/Operations/CPC/CXPC-Facts-Template_2024.ashx,,,,,,,ACCESSIBLE,NOT_YET_REVIEWED,HIGH_RELEVANCE,,,,,,No operational evidence mapping is permitted because this source has not been reviewed.,Acquire/review the exact source and create evidence mappings only for source-established knowledge.,,RECONSTRUCTED_FROM_CONTROLLED_LEDGERS,"Core metadata reconstructed from source-capture, source-knowledge, authenticated-queue, navigation, and source-review artifacts; unrecoverable descriptive cells remain blank."
SRC-MGB-VIDEO-0001,MyGroundBiz,,FCC Overview,embedded video,,https://players.brightcove.net/948035318001/BJh1e6leZ_default/index.html?videoId=5480386429001,,,,,,,ACCESSIBLE,FULLY_REVIEWED,POTENTIALLY_RELEVANT,,,,,research/fedex-ground-driver-knowledge/sources/mygroundbiz/brightcove/SRC-MGB-VIDEO-0001-5480386429001.mp4,Historical 2017 FCC supervisory-system demonstration; it does not establish current driver-facing procedure or override newer OP-117/FORGE authority.,Complete checksum-preserved MP4 audio-visual review; machine transcript and time-addressed visual aids are retained in the source-specific review. No distinct current canonical procedure was extracted.,2026-08-10,RECONSTRUCTED_FROM_CONTROLLED_LEDGERS,"Core metadata reconstructed from source-capture, source-knowledge, authenticated-queue, navigation, and source-review artifacts; unrecoverable descriptive cells remain blank."
SRC-MGB-VIDEO-0002,MyGroundBiz,,FCC Messaging,embedded video,,https://players.brightcove.net/948035318001/BJh1e6leZ_default/index.html?videoId=5480362561001,,,,,,,ACCESSIBLE,FULLY_REVIEWED,HIGH_RELEVANCE,,,,,research/fedex-ground-driver-knowledge/sources/mygroundbiz/brightcove/SRC-MGB-VIDEO-0002-5480362561001.mp4,Historical 2017 FCC supervisory-system demonstration; it does not establish current driver-facing procedure or override newer OP-117/FORGE authority.,Complete checksum-preserved MP4 audio-visual review; machine transcript and time-addressed visual aids are retained in the source-specific review. No distinct current canonical procedure was extracted.,2026-08-10,RECONSTRUCTED_FROM_CONTROLLED_LEDGERS,"Core metadata reconstructed from source-capture, source-knowledge, authenticated-queue, navigation, and source-review artifacts; unrecoverable descriptive cells remain blank."
SRC-MGB-VIDEO-0003,MyGroundBiz,,FCC P&D Manifests,embedded video,,https://players.brightcove.net/948035318001/BJh1e6leZ_default/index.html?videoId=5480356333001,,,,,,,ACCESSIBLE,FULLY_REVIEWED,HIGH_RELEVANCE,,,,,research/fedex-ground-driver-knowledge/sources/mygroundbiz/brightcove/SRC-MGB-VIDEO-0003-5480356333001.mp4,Historical 2017 FCC supervisory-system demonstration; it does not establish current driver-facing procedure or override newer OP-117/FORGE authority.,Complete checksum-preserved MP4 audio-visual review; machine transcript and time-addressed visual aids are retained in the source-specific review. No distinct current canonical procedure was extracted.,2026-08-10,RECONSTRUCTED_FROM_CONTROLLED_LEDGERS,"Core metadata reconstructed from source-capture, source-knowledge, authenticated-queue, navigation, and source-review artifacts; unrecoverable descriptive cells remain blank."
SRC-MGB-VIDEO-0004,MyGroundBiz,,FCC Service Area Status,embedded video,,https://players.brightcove.net/948035318001/BJh1e6leZ_default/index.html?videoId=5480356335001,,,,,,,ACCESSIBLE,FULLY_REVIEWED,POTENTIALLY_RELEVANT,,,,,research/fedex-ground-driver-knowledge/sources/mygroundbiz/brightcove/SRC-MGB-VIDEO-0004-5480356335001.mp4,Historical 2017 FCC supervisory-system demonstration; it does not establish current driver-facing procedure or override newer OP-117/FORGE authority.,Complete checksum-preserved MP4 audio-visual review; machine transcript and time-addressed visual aids are retained in the source-specific review. No distinct current canonical procedure was extracted.,2026-08-10,RECONSTRUCTED_FROM_CONTROLLED_LEDGERS,"Core metadata reconstructed from source-capture, source-knowledge, authenticated-queue, navigation, and source-review artifacts; unrecoverable descriptive cells remain blank."
SRC-MGB-VIDEO-0005,MyGroundBiz,,FCC Pickup Alerts,embedded video,,https://players.brightcove.net/948035318001/BJh1e6leZ_default/index.html?videoId=5480369902001,,,,,,,ACCESSIBLE,FULLY_REVIEWED,HIGH_RELEVANCE,,,,,research/fedex-ground-driver-knowledge/sources/mygroundbiz/brightcove/SRC-MGB-VIDEO-0005-5480369902001.mp4,Historical 2017 FCC supervisory-system demonstration; it does not establish current driver-facing procedure or override newer OP-117/FORGE authority.,Complete checksum-preserved MP4 audio-visual review; machine transcript and time-addressed visual aids are retained in the source-specific review. No distinct current canonical procedure was extracted.,2026-08-10,RECONSTRUCTED_FROM_CONTROLLED_LEDGERS,"Core metadata reconstructed from source-capture, source-knowledge, authenticated-queue, navigation, and source-review artifacts; unrecoverable descriptive cells remain blank."
SRC-MGB-VIDEO-0006,MyGroundBiz,,FCC Pickup Planning,embedded video,,https://players.brightcove.net/948035318001/BJh1e6leZ_default/index.html?videoId=5480362464001,,,,,,,ACCESSIBLE,FULLY_REVIEWED,HIGH_RELEVANCE,,,,,research/fedex-ground-driver-knowledge/sources/mygroundbiz/brightcove/SRC-MGB-VIDEO-0006-5480362464001.mp4,Historical 2017 FCC supervisory-system demonstration; it does not establish current driver-facing procedure or override newer OP-117/FORGE authority.,Complete checksum-preserved MP4 audio-visual review; machine transcript and time-addressed visual aids are retained in the source-specific review. No distinct current canonical procedure was extracted.,2026-08-10,RECONSTRUCTED_FROM_CONTROLLED_LEDGERS,"Core metadata reconstructed from source-capture, source-knowledge, authenticated-queue, navigation, and source-review artifacts; unrecoverable descriptive cells remain blank."
SRC-MGB-PAGE-0024,MyGroundBiz,,Customer Alerts redirect,redirect,,https://www.mygroundbiz.com/en/operations/pd/customer-alerts,,,,,,,ACCESSIBLE,FULLY_REVIEWED,HIGH_RELEVANCE,,,,,research/fedex-ground-driver-knowledge/captures/mygroundbiz/customer_alerts_redirect_2026-08-09.txt,The authenticated Customer Alerts navigation URL redirects to SRC-MGB-PAGE-0023 and exposes no separate operational content.,Revalidate SRC-MGB-PAGE-0023 when its page version changes and continue linked child-source acquisition.,2026-08-09,RECONSTRUCTED_FROM_CONTROLLED_LEDGERS,"Core metadata reconstructed from source-capture, source-knowledge, authenticated-queue, navigation, and source-review artifacts; unrecoverable descriptive cells remain blank."
SRC-MGB-PAGE-0025,MyGroundBiz,,Meeting customer expectations when delivering to lockers,web page,,,,,,Published 2024-05-09,,,ACCESSIBLE,FULLY_REVIEWED,HIGH_RELEVANCE,,,,,research/fedex-ground-driver-knowledge/captures/mygroundbiz/locker_delivery_ppod_2024-05-09.txt,3 exact mapping row(s) support 2 knowledge record(s) from reviewed source content.,Reconcile open referenced-source obligations and reassess when a newer source version is acquired.,2026-08-09,RECONSTRUCTED_FROM_CONTROLLED_LEDGERS,"Core metadata reconstructed from source-capture, source-knowledge, authenticated-queue, navigation, and source-review artifacts; unrecoverable descriptive cells remain blank."
SRC-MGB-PAGE-0026,MyGroundBiz,,Pure Country requests NSR packages be released on first attempt,web page,,https://www.mygroundbiz.com/news/2025/Pure-Country-requests-NSR-packages-be-released-on-first-attempt,,,,,,,ACCESSIBLE,NOT_YET_REVIEWED,HIGH_RELEVANCE,,,,,,No operational evidence mapping is permitted because this source has not been reviewed.,Acquire/review the exact source and create evidence mappings only for source-established knowledge.,,RECONSTRUCTED_FROM_CONTROLLED_LEDGERS,"Core metadata reconstructed from source-capture, source-knowledge, authenticated-queue, navigation, and source-review artifacts; unrecoverable descriptive cells remain blank."
SRC-MGB-PAGE-0027,MyGroundBiz,,Customer expectations for Orvis retail store pickups and deliveries,web page,,https://www.mygroundbiz.com/news/2025/Customer-expectations-for-Orvis-retail-store-pickups-and-deliveries,,,,,,,ACCESSIBLE,NOT_YET_REVIEWED,HIGH_RELEVANCE,,,,,,No operational evidence mapping is permitted because this source has not been reviewed.,Acquire/review the exact source and create evidence mappings only for source-established knowledge.,,RECONSTRUCTED_FROM_CONTROLLED_LEDGERS,"Core metadata reconstructed from source-capture, source-knowledge, authenticated-queue, navigation, and source-review artifacts; unrecoverable descriptive cells remain blank."
SRC-MGB-PAGE-0028,MyGroundBiz,,Customer requests valuable ACT packages to be handled with care (2025),web page,,https://www.mygroundbiz.com/news/2025/Customer-requests-valuable-ACT-packages-to-be-handled-with-care,,,,,,,ACCESSIBLE,NOT_YET_REVIEWED,HIGH_RELEVANCE,,,,,,No operational evidence mapping is permitted because this source has not been reviewed.,Acquire/review the exact source and create evidence mappings only for source-established knowledge.,,RECONSTRUCTED_FROM_CONTROLLED_LEDGERS,"Core metadata reconstructed from source-capture, source-knowledge, authenticated-queue, navigation, and source-review artifacts; unrecoverable descriptive cells remain blank."
SRC-MGB-PAGE-0029,MyGroundBiz,,Customer requests valuable ACT packages to be handled with care (2026),web page,,https://www.mygroundbiz.com/news/2026/Customer-requests-valuable-ACT-packages-to-be-handled-with-care,,,,,,,ACCESSIBLE,NOT_YET_REVIEWED,HIGH_RELEVANCE,,,,,,No operational evidence mapping is permitted because this source has not been reviewed.,Acquire/review the exact source and create evidence mappings only for source-established knowledge.,,RECONSTRUCTED_FROM_CONTROLLED_LEDGERS,"Core metadata reconstructed from source-capture, source-knowledge, authenticated-queue, navigation, and source-review artifacts; unrecoverable descriptive cells remain blank."
SRC-MGB-PAGE-0030,MyGroundBiz,,Dick's Sporting Goods Scan All Exemption details (broken link),broken internal link,,,,,,,,,INACCESSIBLE,INACCESSIBLE,HIGH_RELEVANCE,,,,,,The captured URL is an explicit Sitecore not-found endpoint; exemption details are unavailable.,Exact broken endpoint preserved from the link inventory; obtain a current replacement source before using any exemption.,,RECONSTRUCTED_FROM_CONTROLLED_LEDGERS,"Core metadata reconstructed from source-capture, source-knowledge, authenticated-queue, navigation, and source-review artifacts; unrecoverable descriptive cells remain blank."
SRC-MGB-PAGE-0031,MyGroundBiz,,Dick's Sporting Goods allotted pickup-window details (broken link),broken internal link,,,,,,,,,INACCESSIBLE,INACCESSIBLE,HIGH_RELEVANCE,,,,,,The captured URL is an explicit Sitecore not-found endpoint; window details are unavailable.,Exact broken endpoint preserved from the link inventory; obtain a current replacement source before relying on historical timing.,,RECONSTRUCTED_FROM_CONTROLLED_LEDGERS,"Core metadata reconstructed from source-capture, source-knowledge, authenticated-queue, navigation, and source-review artifacts; unrecoverable descriptive cells remain blank."
SRC-MGB-DOC-0023,MyGroundBiz,,PetSmart master Ship-from-Store list,downloadable document,,https://www.mygroundbiz.com/-/media/FXGMGB/docs/News-articles/PetSmart-master-store-list_MGB.ashx,,,,,,,ACCESSIBLE,NOT_YET_REVIEWED,HIGH_RELEVANCE,,,,,,No operational evidence mapping is permitted because this source has not been reviewed.,Acquire/review the exact source and create evidence mappings only for source-established knowledge.,,RECONSTRUCTED_FROM_CONTROLLED_LEDGERS,"Core metadata reconstructed from source-capture, source-knowledge, authenticated-queue, navigation, and source-review artifacts; unrecoverable descriptive cells remain blank."
SRC-MGB-PAGE-0032,MyGroundBiz,,Dick's Sporting Goods Scan All Exemption (2023),web page,,https://www.mygroundbiz.com/news/2023/Dicks-Sporting-Goods-scan-all-exemption,,,,,,,ACCESSIBLE,NOT_YET_REVIEWED,HIGH_RELEVANCE,,,,,,No operational evidence mapping is permitted because this source has not been reviewed.,Acquire/review the exact source and create evidence mappings only for source-established knowledge.,,RECONSTRUCTED_FROM_CONTROLLED_LEDGERS,"Core metadata reconstructed from source-capture, source-knowledge, authenticated-queue, navigation, and source-review artifacts; unrecoverable descriptive cells remain blank."
SRC-MGB-PAGE-0033,MyGroundBiz,,Safety Results Summary (SRS) / Safety Results Indicator (SRI),webpage,text/html,https://www.mygroundbiz.com/en/safety/safety-resources/SRS-SRI,,,,Published 2023-06-12,,,ACCESSIBLE,FULLY_REVIEWED,POTENTIALLY_RELEVANT,,,,,research/fedex-ground-driver-knowledge/captures/mygroundbiz/srs_sri.txt,The complete SRS/SRI page defines business-level rolling safety indicators but does not establish an individual driver action or response procedure.,Acquire and review the linked FAQs for completeness; retain the landing page as contextual safety-performance evidence unless a distinct procedure is established.,2026-08-09,RECONSTRUCTED_FROM_CONTROLLED_LEDGERS,"Core metadata reconstructed from source-capture, source-knowledge, authenticated-queue, navigation, and source-review artifacts; unrecoverable descriptive cells remain blank."
SRC-MGB-PAGE-0034,MyGroundBiz,,Alternative Vehicle Operations,webpage,text/html,https://www.mygroundbiz.com/en/vehicles-fuel/vehicle-standards-tbd/alternative-vehicle-operations,,,,,,,ACCESSIBLE,FULLY_REVIEWED,HIGH_RELEVANCE,,,,,research/fedex-ground-driver-knowledge/captures/mygroundbiz/alternative_vehicle_operations.txt,1 exact mapping row(s) support 1 knowledge record(s) from reviewed source content.,Reconcile open referenced-source obligations and reassess when a newer source version is acquired.,2026-08-09,RECONSTRUCTED_FROM_CONTROLLED_LEDGERS,"Core metadata reconstructed from source-capture, source-knowledge, authenticated-queue, navigation, and source-review artifacts; unrecoverable descriptive cells remain blank."
SRC-MGB-PAGE-0035,MyGroundBiz,,"Trailer Pull Safety at FedEx, Customer Locations",webpage,text/html,https://www.mygroundbiz.com/en/operations/linehaul/trailer-pull-safety-at-fedex-customer-locations,,,,Published 2022-02-11,,,ACCESSIBLE,FULLY_REVIEWED,HIGH_RELEVANCE,,,,,research/fedex-ground-driver-knowledge/captures/mygroundbiz/trailer_pull_safety.txt,1 exact mapping row(s) support 1 knowledge record(s) from reviewed source content.,Reconcile open referenced-source obligations and reassess when a newer source version is acquired.,2026-08-09,RECONSTRUCTED_FROM_CONTROLLED_LEDGERS,"Core metadata reconstructed from source-capture, source-knowledge, authenticated-queue, navigation, and source-review artifacts; unrecoverable descriptive cells remain blank."
SRC-MGB-DOC-0024,MyGroundBiz,SRC-MGB-PAGE-0033,SRS and SRI FAQ — English,PDF,application/pdf,https://www.mygroundbiz.com/-/media/FXGMGB/docs/Safety/SRS-SRI/FAQ_SRS-and-SRI_MGB_Final_42726.ashx,,,2026-04-27,Portal filename 4/27/2026; PDF footer Rev. Aug. 2025,Safety Results Statement and Indicator calculations classifications and credits,Service-provider management and safety administrators,ACCESSIBLE,FULLY_REVIEWED,POTENTIALLY_RELEVANT,,,,SRC-MGB-PAGE-0033,research/fedex-ground-driver-knowledge/sources/mygroundbiz/documents/FAQ_SRS-and-SRI_MGB_Final_42726.pdf,This business-level metric FAQ does not independently establish a driver accident inspection maintenance or response procedure.,All eight pages were completely visually reviewed; retain as safety-performance context and preserve the filename/footer version discrepancy.,2026-08-10,ORIGINAL_BYTES_ACQUIRED_AND_FULLY_REVIEWED,Original portal PDF acquired and all eight pages completely reviewed.
SRC-MGB-DOC-0025,MyGroundBiz,,SRS and SRI FAQ — French,downloadable document,,https://www.mygroundbiz.com/-/media/FXGMGB/docs/Safety/SRS-SRI/FAQ_SRS-and-SRI_MGB_Final_French_42726.ashx,,,,,,,ACCESSIBLE,NOT_YET_REVIEWED,POTENTIALLY_RELEVANT,,,,,,No operational evidence mapping is permitted because this source has not been reviewed.,Acquire/review the exact source and create evidence mappings only for source-established knowledge.,,RECONSTRUCTED_FROM_CONTROLLED_LEDGERS,"Core metadata reconstructed from source-capture, source-knowledge, authenticated-queue, navigation, and source-review artifacts; unrecoverable descriptive cells remain blank."
SRC-MGB-DOC-0026,MyGroundBiz,,Alternative Vehicle Operations Statement of Lease,downloadable document,,https://www.mygroundbiz.com/-/media/FXGMGB/docs/Vehicles/Vehicle-Standards/Alternative-Vehicles/Alternative-Vehicle-Operations-Statement-of-Lease101424.ashx,,,,,,,ACCESSIBLE,NOT_YET_REVIEWED,HIGH_RELEVANCE,,,,,,No operational evidence mapping is permitted because this source has not been reviewed.,Acquire/review the exact source and create evidence mappings only for source-established knowledge.,,RECONSTRUCTED_FROM_CONTROLLED_LEDGERS,"Core metadata reconstructed from source-capture, source-knowledge, authenticated-queue, navigation, and source-review artifacts; unrecoverable descriptive cells remain blank."
SRC-MGB-DOC-0027,MyGroundBiz,,Alternative Vehicle Operations Statement of Sub-Lease,downloadable document,,https://www.mygroundbiz.com/-/media/FXGMGB/docs/Vehicles/Vehicle-Standards/Alternative-Vehicles/Alternative-Vehicle-Operations-Statement-of-Sub-Lease101424.ashx,,,,,,,ACCESSIBLE,NOT_YET_REVIEWED,HIGH_RELEVANCE,,,,,,No operational evidence mapping is permitted because this source has not been reviewed.,Acquire/review the exact source and create evidence mappings only for source-established knowledge.,,RECONSTRUCTED_FROM_CONTROLLED_LEDGERS,"Core metadata reconstructed from source-capture, source-knowledge, authenticated-queue, navigation, and source-review artifacts; unrecoverable descriptive cells remain blank."
SRC-MGB-DOC-0028,MyGroundBiz,,Trailer Pull Safety Regulations and Safety Obligations — updated flyer,downloadable document,,https://www.mygroundbiz.com/-/media/FXGMGB/docs/Operations/Linehaul/22FL295-FXG-Customer-PUs-Trailer-Pull-SOP-updated-080222.ashx,,,,,,,ACCESSIBLE,NOT_YET_REVIEWED,HIGH_RELEVANCE,,,,,,No operational evidence mapping is permitted because this source has not been reviewed.,Acquire/review the exact source and create evidence mappings only for source-established knowledge.,,RECONSTRUCTED_FROM_CONTROLLED_LEDGERS,"Core metadata reconstructed from source-capture, source-knowledge, authenticated-queue, navigation, and source-review artifacts; unrecoverable descriptive cells remain blank."
SRC-MGB-DOC-0029,MyGroundBiz,,Trailer Pull Safety Regulations and Safety Obligations — July 2022 flyer,downloadable document,,https://www.mygroundbiz.com/-/media/FXGMGB/docs/Operations/Linehaul/22FL295-FXG-Customer-PUs-Trailer-Pull-SOP-July-2022.ashx,,,,,,,ACCESSIBLE,NOT_YET_REVIEWED,HIGH_RELEVANCE,,,,,,No operational evidence mapping is permitted because this source has not been reviewed.,Acquire/review the exact source and create evidence mappings only for source-established knowledge.,,RECONSTRUCTED_FROM_CONTROLLED_LEDGERS,"Core metadata reconstructed from source-capture, source-knowledge, authenticated-queue, navigation, and source-review artifacts; unrecoverable descriptive cells remain blank."
SRC-MGB-DOC-0030,MyGroundBiz,,Trailer dock pull regulations and safety obligations — printable English,downloadable document,,https://www.mygroundbiz.com/-/media/FXGMGB/docs/Operations/Linehaul/Trailer-dock-pull-regulations-and-safety-obligationsLHMGB2822FINAL.ashx,,,,,,,ACCESSIBLE,NOT_YET_REVIEWED,HIGH_RELEVANCE,,,,,,No operational evidence mapping is permitted because this source has not been reviewed.,Acquire/review the exact source and create evidence mappings only for source-established knowledge.,,RECONSTRUCTED_FROM_CONTROLLED_LEDGERS,"Core metadata reconstructed from source-capture, source-knowledge, authenticated-queue, navigation, and source-review artifacts; unrecoverable descriptive cells remain blank."
SRC-MGB-DOC-0031,MyGroundBiz,,Trailer dock pull regulations and safety obligations — French,downloadable document,,https://www.mygroundbiz.com/-/media/FXGMGB/docs/Operations/Linehaul/Trailer-dock-pull-regulations-and-safety-obligationsMGB21622FRFINAL.ashx,,,,,,,ACCESSIBLE,NOT_YET_REVIEWED,HIGH_RELEVANCE,,,,,,No operational evidence mapping is permitted because this source has not been reviewed.,Acquire/review the exact source and create evidence mappings only for source-established knowledge.,,RECONSTRUCTED_FROM_CONTROLLED_LEDGERS,"Core metadata reconstructed from source-capture, source-knowledge, authenticated-queue, navigation, and source-review artifacts; unrecoverable descriptive cells remain blank."
SRC-MGB-PAGE-0036,MyGroundBiz,,Safety alert: Trailer pulled from dock with FedEx Ground employee inside,broken internal link,,,,,,,,,INACCESSIBLE,INACCESSIBLE,HIGH_RELEVANCE,,,,,,The exact link resolves to a Sitecore not-found endpoint; no content is available.,Broken endpoint preserved; obtain a current replacement before using any alert-specific facts.,,RECONSTRUCTED_FROM_CONTROLLED_LEDGERS,"Core metadata reconstructed from source-capture, source-knowledge, authenticated-queue, navigation, and source-review artifacts; unrecoverable descriptive cells remain blank."
SRC-MGB-PAGE-0037,MyGroundBiz,,Safe trailer transportation at FedEx and customer locations,broken internal link,,,,,,,,,INACCESSIBLE,INACCESSIBLE,HIGH_RELEVANCE,,,,,,The exact link resolves to a Sitecore not-found endpoint; no content is available.,Broken endpoint preserved; obtain a current replacement before using any source-specific additions.,,RECONSTRUCTED_FROM_CONTROLLED_LEDGERS,"Core metadata reconstructed from source-capture, source-knowledge, authenticated-queue, navigation, and source-review artifacts; unrecoverable descriptive cells remain blank."
SRC-MGB-PAGE-0038,MyGroundBiz,,Safety alert: Take precautions when performing trailer dock pulls,broken internal link,,,,,,,,,INACCESSIBLE,INACCESSIBLE,HIGH_RELEVANCE,,,,,,The exact link resolves to a Sitecore not-found endpoint; no content is available.,Broken endpoint preserved; obtain a current replacement before using any alert-specific additions.,,RECONSTRUCTED_FROM_CONTROLLED_LEDGERS,"Core metadata reconstructed from source-capture, source-knowledge, authenticated-queue, navigation, and source-review artifacts; unrecoverable descriptive cells remain blank."
SRC-MGB-PAGE-0039,MyGroundBiz,,Standards for P&D Road Tests,webpage,text/html,https://www.mygroundbiz.com/en/operations/driver-qualification-resources/pd-road-tests,,,,,,,ACCESSIBLE,FULLY_REVIEWED,HIGH_RELEVANCE,,,,,research/fedex-ground-driver-knowledge/captures/mygroundbiz/pd_road_tests.txt,1 exact mapping row(s) support 1 knowledge record(s) from reviewed source content.,Reconcile open referenced-source obligations and reassess when a newer source version is acquired.,2026-08-09,RECONSTRUCTED_FROM_CONTROLLED_LEDGERS,"Core metadata reconstructed from source-capture, source-knowledge, authenticated-queue, navigation, and source-review artifacts; unrecoverable descriptive cells remain blank."
SRC-MGB-PAGE-0040,MyGroundBiz,,Driving Standards for Linehaul,webpage,text/html,https://www.mygroundbiz.com/en/operations/driver-qualification-resources/driving-standards-for-linehaul,,,,Published 2022-11-15,,,ACCESSIBLE,FULLY_REVIEWED,POTENTIALLY_RELEVANT,,,,,research/fedex-ground-driver-knowledge/captures/mygroundbiz/driving_standards_linehaul.txt,"The complete Linehaul driving-standards page provides program and qualified-school context but delegates substantive checklist, FAQ, form, school-qualification, and current-school details to five linked documents.",Acquire and review all five linked resources before modeling ELDP or school-selection procedures.,2026-08-09,RECONSTRUCTED_FROM_CONTROLLED_LEDGERS,"Core metadata reconstructed from source-capture, source-knowledge, authenticated-queue, navigation, and source-review artifacts; unrecoverable descriptive cells remain blank."
SRC-MGB-PAGE-0041,MyGroundBiz,,Alternative Vehicle Insurance,webpage,text/html,https://www.mygroundbiz.com/en/vehicles-fuel/insurance/Alternative-Vehicle-Insurance,,,,Published 2023-10-03,,,ACCESSIBLE,FULLY_REVIEWED,POTENTIALLY_RELEVANT,,,,,research/fedex-ground-driver-knowledge/captures/mygroundbiz/alternative_vehicle_insurance.txt,"The complete Alternative Vehicle Insurance FAQ provides contractor liability, insurance, workers-compensation, indemnification, and training-program context but does not establish a source-complete driver action procedure and explicitly disclaims personalized coverage advice.",Retain as legal/insurance context; obtain current legal/compliance review before any product presentation beyond source-traceable contractor context.,2026-08-09,RECONSTRUCTED_FROM_CONTROLLED_LEDGERS,"Core metadata reconstructed from source-capture, source-knowledge, authenticated-queue, navigation, and source-review artifacts; unrecoverable descriptive cells remain blank."
SRC-MGB-PAGE-0042,MyGroundBiz,,Qualification Certification linked endpoint,broken internal link,,,,,,,,,INACCESSIBLE,INACCESSIBLE,HIGH_RELEVANCE,,,,,,The exact link resolves to a Sitecore not-found endpoint; the separate current Qualification Certification page is inventoried as SRC-MGB-PAGE-0005.,Broken endpoint preserved and cross-referenced to the accessible current page.,,RECONSTRUCTED_FROM_CONTROLLED_LEDGERS,"Core metadata reconstructed from source-capture, source-knowledge, authenticated-queue, navigation, and source-review artifacts; unrecoverable descriptive cells remain blank."
SRC-MGB-PAGE-0043,MyGroundBiz,,Reminder: Indemnification terms in ISP Agreement effective April 1,broken internal link,,,,,,,,,INACCESSIBLE,INACCESSIBLE,POTENTIALLY_RELEVANT,,,,,,The exact link resolves to a Sitecore not-found endpoint; no historical article content is available.,Broken endpoint preserved; do not infer historical indemnification terms.,,RECONSTRUCTED_FROM_CONTROLLED_LEDGERS,"Core metadata reconstructed from source-capture, source-knowledge, authenticated-queue, navigation, and source-review artifacts; unrecoverable descriptive cells remain blank."
SRC-MGB-DOC-0032,MyGroundBiz,,ISP Agreement Qualification Certification Conditions,downloadable document,,https://www.mygroundbiz.com/login?redirect=//-/media/FXGMGB/docs/Agreement/Safety-Terms/Qualification-Certification-Conditions--ISPA-01012025.ashx,,,,,,,ACCESSIBLE,NOT_YET_REVIEWED,HIGH_RELEVANCE,,,,,,No operational evidence mapping is permitted because this source has not been reviewed.,Acquire/review the exact source and create evidence mappings only for source-established knowledge.,,RECONSTRUCTED_FROM_CONTROLLED_LEDGERS,"Core metadata reconstructed from source-capture, source-knowledge, authenticated-queue, navigation, and source-review artifacts; unrecoverable descriptive cells remain blank."
SRC-MGB-DOC-0033,MyGroundBiz,,Linehaul ELDP Checklist,downloadable document,,https://www.mygroundbiz.com/-/media/FXGMGB/docs/Operations/Driver-Qualification/Driving-Standards-for-Linehaul/LH-ELDP-Checklistrev71624.ashx,,,,,,,ACCESSIBLE,NOT_YET_REVIEWED,POTENTIALLY_RELEVANT,,,,,,No operational evidence mapping is permitted because this source has not been reviewed.,Acquire/review the exact source and create evidence mappings only for source-established knowledge.,,RECONSTRUCTED_FROM_CONTROLLED_LEDGERS,"Core metadata reconstructed from source-capture, source-knowledge, authenticated-queue, navigation, and source-review artifacts; unrecoverable descriptive cells remain blank."
SRC-MGB-DOC-0034,MyGroundBiz,,Linehaul ELDP Frequently Asked Questions,downloadable document,,https://www.mygroundbiz.com/-/media/FXGMGB/docs/Operations/Driver-Qualification/Driving-Standards-for-Linehaul/FAQ-LH-ELDPrev7172024FINAL.ashx,,,,,,,ACCESSIBLE,NOT_YET_REVIEWED,POTENTIALLY_RELEVANT,,,,,,No operational evidence mapping is permitted because this source has not been reviewed.,Acquire/review the exact source and create evidence mappings only for source-established knowledge.,,RECONSTRUCTED_FROM_CONTROLLED_LEDGERS,"Core metadata reconstructed from source-capture, source-knowledge, authenticated-queue, navigation, and source-review artifacts; unrecoverable descriptive cells remain blank."
SRC-MGB-DOC-0035,MyGroundBiz,,Driving School Form SF-012,downloadable document,,https://www.mygroundbiz.com/-/media/FXGMGB/docs/Safety/SF-012_20240627_CP1.ashx,,,,,,,ACCESSIBLE,NOT_YET_REVIEWED,POTENTIALLY_RELEVANT,,,,,,No operational evidence mapping is permitted because this source has not been reviewed.,Acquire/review the exact source and create evidence mappings only for source-established knowledge.,,RECONSTRUCTED_FROM_CONTROLLED_LEDGERS,"Core metadata reconstructed from source-capture, source-knowledge, authenticated-queue, navigation, and source-review artifacts; unrecoverable descriptive cells remain blank."
SRC-MGB-DOC-0036,MyGroundBiz,,Driving School Evaluation and Guidelines SF-011,downloadable document,,https://www.mygroundbiz.com/-/media/FXGMGB/docs/Safety/Driving-schools/SF011-Driving-School-Terms1292022.ashx,,,,,,,ACCESSIBLE,NOT_YET_REVIEWED,POTENTIALLY_RELEVANT,,,,,,No operational evidence mapping is permitted because this source has not been reviewed.,Acquire/review the exact source and create evidence mappings only for source-established knowledge.,,RECONSTRUCTED_FROM_CONTROLLED_LEDGERS,"Core metadata reconstructed from source-capture, source-knowledge, authenticated-queue, navigation, and source-review artifacts; unrecoverable descriptive cells remain blank."
SRC-MGB-DOC-0037,MyGroundBiz,,Qualified Linehaul Driving Schools list,downloadable document,,https://www.mygroundbiz.com/-/media/FXGMGB/docs/Safety/Driving-schools/2025/Qualified-Linehaul-Driving-Schools-V104US91225.ashx,,,,,,,ACCESSIBLE,NOT_YET_REVIEWED,POTENTIALLY_RELEVANT,,,,,,No operational evidence mapping is permitted because this source has not been reviewed.,Acquire/review the exact source and create evidence mappings only for source-established knowledge.,,RECONSTRUCTED_FROM_CONTROLLED_LEDGERS,"Core metadata reconstructed from source-capture, source-knowledge, authenticated-queue, navigation, and source-review artifacts; unrecoverable descriptive cells remain blank."
SRC-MGB-DOC-0038,MyGroundBiz,SRC-MGB-PAGE-0013,Sideswipe Collisions,PDF,application/pdf,https://www.mygroundbiz.com/-/media/FXGMGB/docs/Safety/FY26-VSM/SIDESWIPEVSM80326-ENG.ashx,2026-08-03,,2026-08-03,Safety Topic dated 08/03/26; library posted 08/04/2026,Intersection safety and sideswipe-collision prevention,Service provider drivers and safety personnel,ACCESSIBLE,FULLY_REVIEWED,HIGH_RELEVANCE,,,,MGB-SAFETY-TOPIC-0001,research/fedex-ground-driver-knowledge/sources/mygroundbiz/documents/SIDESWIPEVSM80326-ENG.pdf,"Original seven-page PDF acquired and hashed. Its embedded title says Preventing HOS Violations, but the filename, authenticated URL, library title, source date, and every body page identify Sideswipe Collisions.","Original bytes acquired from the owner-supplied authenticated download on 2026-08-10; all seven rendered original pages were visually reconciled to the prior complete review. Operational extraction remains limited to exact red-light, speed/following-distance, mirror/blind-spot, turning, and lane-change guidance.",2026-08-10,ORIGINAL_BYTES_ACQUIRED_AND_FULLY_REVIEWED,"Owner-uploaded original PDF bytes were hashed and the complete seven-page original was visually reconciled to the prior authenticated rendered-page review."
SRC-MGB-DOC-0039,MyGroundBiz,SRC-MGB-PAGE-0013,Summer Driving,PDF,application/pdf,https://www.mygroundbiz.com/-/media/FXGMGB/docs/Safety/FY26-VSM/SUMMER-DRIVINGVSM072726ENGFINAL.ashx,2026-07-27,,2026-07-27,Safety Topic dated 07/27/2026; library posted 07/28/2026,"Summer hydration, traffic, sun exposure, distraction, and vehicle heat risks",Service provider drivers and safety personnel,ACCESSIBLE,FULLY_REVIEWED,HIGH_RELEVANCE,,,,MGB-SAFETY-TOPIC-0002,research/fedex-ground-driver-knowledge/sources/mygroundbiz/documents/SUMMER-DRIVINGVSM072726ENGFINAL.pdf,"Original seven-page PDF acquired and hashed. Page 3 states vehicle heat risks but supplies no inspection, defect-disposition, or repair procedure.","Original bytes acquired from the owner-supplied authenticated download on 2026-08-10; all seven rendered original pages were visually reconciled to the prior complete review. Four driver-action branches remain extracted; vehicle-maintenance risk statements remain context only.",2026-08-10,ORIGINAL_BYTES_ACQUIRED_AND_FULLY_REVIEWED,"Owner-uploaded original PDF bytes were hashed and the complete seven-page original was visually reconciled to the prior authenticated rendered-page review."
SRC-MGB-PAGE-0044,MyGroundBiz,SRC-MGB-ROOT-0001,On Road,webpage,text/html,https://www.mygroundbiz.com/en/operations/pd/on-road,,2025-12-17,,MyGroundBiz page updated 2025-12-17,Current on-road resource index,Service providers and drivers,ACCESSIBLE,FULLY_REVIEWED,HIGH_RELEVANCE,,,,SRC-MGB-DOC-0001,research/fedex-ground-driver-knowledge/captures/mygroundbiz/on_road_index_2025-12-17.txt,The landing page establishes current portal link identity and version context but does not substitute for the contents of linked guides.,Live authenticated page captured and fully reviewed on 2026-08-09; OP-117 v2 and other linked resources remain separate evidence sources.,2026-08-09,NEW_AUTHORITATIVE_ROW_AFTER_RECOVERY,Created from the live authenticated current index and its durable checksum-covered capture.
SRC-MGB-PAGE-0045,MyGroundBiz,SRC-MGB-ROOT-0001,Monthly Maintenance Record forms and User Guide,webpage,text/html,https://www.mygroundbiz.com/en/news/2026/Monthly-Maintenance-Record-forms-and-User-Guide,2026-06-19,,2026-06-19,Published 2026-06-19,MMR SMI and maintenance-recording resource location,Service provider administrators and vehicle-maintenance personnel,ACCESSIBLE,FULLY_REVIEWED,POTENTIALLY_RELEVANT,,,,,research/fedex-ground-driver-knowledge/captures/mygroundbiz/monthly_maintenance_record_2026-06-19.txt,The article only identifies MGBA-355 MGBA-357 and MGBA-356 and directs users to MyBizAccount; it contains no driver maintenance or defect-disposition procedure.,Retained as a current resource-location notice; acquire the actual forms and guide through authorized MyBizAccount access before extracting requirements.,2026-08-09,NEW_AUTHORITATIVE_ROW_AFTER_RECOVERY,Created from the live authenticated current article and its durable checksum-covered capture.
SRC-MGB-PAGE-0046,MyGroundBiz,SRC-MGB-ROOT-0001,New Iowa law tightens English Language Proficiency requirements,webpage,text/html,https://www.mygroundbiz.com/en/news/2026/New-Iowa-law-tightens-English-Language-Proficiency-requirements,2026-08-04,,2026-08-04,Published 2026-08-04,English-language proficiency requirements and Iowa carrier penalties,Service providers and commercial motor vehicle drivers,ACCESSIBLE,FULLY_REVIEWED,HIGH_RELEVANCE,,,,,research/fedex-ground-driver-knowledge/captures/mygroundbiz/iowa_elp_requirements_2026-08-04.txt,The article states current ELP capability categories and Iowa carrier consequences but is not a roadside enforcement manual and does not define an in-route corrective procedure.,Retained as current qualification and safety evidence; do not convert carrier penalties or assessment suggestions into unsupported driver instructions.,2026-08-09,NEW_AUTHORITATIVE_ROW_AFTER_RECOVERY,Created from the live authenticated current article and its durable checksum-covered capture.
SRC-MGB-PAGE-0047,MyGroundBiz,SRC-MGB-ROOT-0001,Customer Alert: Reconciliation of outstanding high-value customer shipments,webpage,text/html,https://www.mygroundbiz.com/en/news/2026/Customer-Alert-Reconciliation-of-outstanding-high-value-customer-shipments,2026-08-04,,2026-08-04,Published 2026-08-04,Micron delivery reconciliation and proof-of-delivery alert,Service providers and delivery personnel,ACCESSIBLE,FULLY_REVIEWED,TIME_SENSITIVE_RELEVANCE,,,,,research/fedex-ground-driver-knowledge/captures/mygroundbiz/micron_high_value_reconciliation_2026-08-04.txt,The alert is customer-specific and time-sensitive; its general signature tracking and delivery-instruction statements do not supersede controlling canonical procedures.,Retained for source completeness and customer-alert review; no general operational record was expanded from this narrow notice.,2026-08-09,NEW_AUTHORITATIVE_ROW_AFTER_RECOVERY,Created from the live authenticated current article and its durable checksum-covered capture.
SRC-MGB-DOC-0040,MyGroundBiz,SRC-MGB-PAGE-0016,Vehicle Appearance and Brand Promotion FAQ,PDF,application/pdf,https://www.mygroundbiz.com/-/media/FXGMGB/docs/Vehicles/Vehicle-Standards/Business-name/Vehicle-Appearance-and-Brand-Promotion-FAQ172026.ashx,,2026-01-02,2026-01-02,DM 395662 Jan. 2 2026,Vehicle branding appearance and business-name FAQ,Service providers and vehicle/equipment administrators,ACCESSIBLE,FULLY_REVIEWED,POTENTIALLY_RELEVANT,,,,SRC-MGB-PAGE-0016,research/fedex-ground-driver-knowledge/sources/mygroundbiz/documents/Vehicle-Appearance-and-Brand-Promotion-FAQ172026.pdf,The FAQ establishes contractor branding and decal responsibilities rather than a driver-at-stop procedure.,Both pages and the complete question set were reviewed from the original PDF; retain as vehicle-administration context.,2026-08-10,ORIGINAL_BYTES_ACQUIRED_AND_FULLY_REVIEWED,Original portal PDF acquired and both pages completely reviewed.
SRC-MGB-PAGE-0048,MyGroundBiz,SRC-MGB-ROOT-0001,FORGE Familiarization Guides,webpage,text/html,https://www.mygroundbiz.com/en/operations/pd-technology/star-scanner-specifications-and-vendors/star-v-familiarization-guides-and-videos,,2026-07-13,,Page updated 7/13/2026,Current FORGE P&D guide index,Service providers and P&D drivers,ACCESSIBLE,FULLY_REVIEWED,HIGH_RELEVANCE,,,,SRC-MGB-DOC-0041;SRC-MGB-DOC-0042;SRC-MGB-DOC-0043;SRC-MGB-DOC-0044;SRC-MGB-DOC-0045;SRC-MGB-DOC-0046;SRC-MGB-DOC-0047,research/fedex-ground-driver-knowledge/captures/mygroundbiz/forge_familiarization_guides_2026-07-13.txt,The landing page establishes current child-document identities and dates but not the unseen contents of linked documents.,Complete authenticated page captured; current mainstream child guides inventoried and partially captured separately.,2026-08-10,NEW_AUTHORITATIVE_ROW_AFTER_RECOVERY,Created from the authenticated current FORGE guide index and durable DOM capture.
SRC-MGB-DOC-0041,MyGroundBiz,SRC-MGB-PAGE-0048,FORGE Delayed Login,PDF,application/pdf,https://www.mygroundbiz.com/-/media/FXGMGB/docs/Operations/PD-Technology/FORGE/FORGE-Delayed-Login-250rev6102025.ashx,,,2025-06-10,Revision 2.5.0 updated 6/10/2025,Delayed login during authentication or network failure,P&D drivers,ACCESSIBLE,FULLY_REVIEWED,HIGH_RELEVANCE,SRC-GDRIVE-FILE-0007,,,,research/fedex-ground-driver-knowledge/sources/google-drive/chat-bot/Chat Bot/FORGE Delayed Login 250rev6102025.pdf,Version-sensitive trigger and feature availability require current-guide reconciliation.,The authenticated MyGroundBiz download is byte-identical to the fully reviewed supplied Drive file; all five pages are text-extracted and visually reviewed.,2026-08-10,ORIGINAL_BYTES_ACQUIRED_AND_FULLY_REVIEWED,Authenticated original download matched SRC-GDRIVE-FILE-0007 by exact SHA-256 content identity.
SRC-MGB-DOC-0042,MyGroundBiz,SRC-MGB-PAGE-0048,FORGE Download Pickup List,PDF,application/pdf,https://www.mygroundbiz.com/-/media/FXGMGB/docs/Operations/PD-Technology/FORGE/FORGE-Download-Pickup-List-220rev6102025.ashx,,,2025-06-10,Revision 2.2.0 updated 6/10/2025,Downloading an on-road pickup list,P&D drivers,ACCESSIBLE,FULLY_REVIEWED,HIGH_RELEVANCE,,,,,research/fedex-ground-driver-knowledge/sources/mygroundbiz/documents/FORGE Download Pickup List 220rev6102025.pdf,Current guide is version-sensitive and establishes only the displayed on-road download conditions and outcomes.,"Original one-page PDF is checksum-preserved, text-extracted, and visually reviewed in full.",2026-08-10,ORIGINAL_BYTES_ACQUIRED_AND_FULLY_REVIEWED,Authenticated original download archived and fully reviewed.
SRC-MGB-DOC-0043,MyGroundBiz,SRC-MGB-PAGE-0048,FORGE Call Tags,PDF,application/pdf,https://www.mygroundbiz.com/-/media/FXGMGB/docs/Operations/PD-Technology/FORGE/FORGE-Call-Tags-220rev6102025.ashx,,,2025-06-10,Revision 2.2.0 updated 6/10/2025,Call-tag pickup and delivery workflow,P&D drivers,ACCESSIBLE,FULLY_REVIEWED,HIGH_RELEVANCE,SRC-GDRIVE-FILE-0006,,,,research/fedex-ground-driver-knowledge/sources/google-drive/chat-bot/Chat Bot/FORGE Call Tags 220rev6102025.pdf,Does not define selection conditions for every status and reason code.,The authenticated MyGroundBiz download is byte-identical to the fully reviewed supplied Drive file; all three pages are text-extracted and visually reviewed.,2026-08-10,ORIGINAL_BYTES_ACQUIRED_AND_FULLY_REVIEWED,Authenticated original download matched SRC-GDRIVE-FILE-0006 by exact SHA-256 content identity.
SRC-MGB-DOC-0044,MyGroundBiz,SRC-MGB-PAGE-0048,FORGE Settings and Camera Scanning,PDF,application/pdf,https://www.mygroundbiz.com/-/media/FXGMGB/docs/Operations/PD-Technology/FORGE/FORGE-Settings-220rev6102025.ashx,,,2025-06-10,FORGE 2.0.0 / filename and portal label 2.2.0 ambiguous,FORGE preferences navigation stop-list and camera-scanning settings,P&D drivers,ACCESSIBLE,FULLY_REVIEWED,HIGH_RELEVANCE,SRC-GDRIVE-FILE-0010,,,,research/fedex-ground-driver-knowledge/sources/google-drive/chat-bot/Chat Bot/FORGE Settings 220rev6102025.pdf,Settings and UI availability are version-sensitive; the filename/portal label and PDF body version differ.,The authenticated MyGroundBiz download is byte-identical to the fully reviewed supplied Drive file; all six pages are text-extracted and visually reviewed and the version discrepancy is preserved.,2026-08-10,ORIGINAL_BYTES_ACQUIRED_AND_FULLY_REVIEWED,Authenticated original download matched SRC-GDRIVE-FILE-0010 by exact SHA-256 content identity.
SRC-MGB-DOC-0045,MyGroundBiz,SRC-MGB-PAGE-0048,FORGE Business Closure,PDF,application/pdf,https://www.mygroundbiz.com/-/media/FXGMGB/docs/Operations/PD-Technology/FORGE/FORGE-Business-Closure-220rev6102025.ashx,,,2025-06-10,FORGE 2.0.0 / filename and portal label 2.2.0 ambiguous,Business-closure message workflow,P&D drivers,ACCESSIBLE,FULLY_REVIEWED,HIGH_RELEVANCE,SRC-GDRIVE-FILE-0005,,,,research/fedex-ground-driver-knowledge/sources/google-drive/chat-bot/Chat Bot/FORGE Business Closure 220rev6102025.pdf,Reporting a closure does not itself establish package attempt or status-code disposition; the filename/portal label and PDF body version differ.,The authenticated MyGroundBiz download is byte-identical to the fully reviewed supplied Drive file; the complete page is text-extracted and visually reviewed and the version discrepancy is preserved.,2026-08-10,ORIGINAL_BYTES_ACQUIRED_AND_FULLY_REVIEWED,Authenticated original download matched SRC-GDRIVE-FILE-0005 by exact SHA-256 content identity.
SRC-MGB-DOC-0046,MyGroundBiz,SRC-MGB-PAGE-0048,FORGE 3.2.0 Application Support Guide,PDF,application/pdf,https://www.mygroundbiz.com/-/media/FXGMGB/docs/Operations/PD-Technology/FORGE/FORGE-320-Application-Support-Guide-FXGMGB52626.ashx,,,2026-05-09,Version 1.00 dated 5/9/2026; hub added 5/22/2026,FORGE 3.2 application changes and support,P&D service providers and drivers,ACCESSIBLE,PARTIALLY_REVIEWED,HIGH_RELEVANCE,,,,SRC-MGB-DOC-0047,,Upper visible regions of all 16 pages are checksum-preserved; cropped lower regions and original bytes remain unavailable.,Treat as a supersession/input comparison source for the newer 3.3 combined guide; do not promote unseen or superseded behavior.,2026-08-10,NEW_AUTHORITATIVE_ROW_AFTER_RECOVERY,Created from current FORGE hub link and authenticated page-addressed renders.
SRC-MGB-DOC-0047,MyGroundBiz,SRC-MGB-PAGE-0048,FORGE 3.3.0 Combined Application Support Guide — Service Provider,PDF,application/pdf,https://www.mygroundbiz.com/-/media/FXGMGB/docs/Operations/PD-Technology/FORGE/FORGE-330-Application-Support-Guide-FXGMGB7726.ashx,,,2026-07-23,Version 1.00 dated 7/23/2026; hub added 7/13/2026,Current combined FORGE release changes and accumulated service-provider application support,P&D service providers and drivers,ACCESSIBLE,FULLY_REVIEWED,HIGH_RELEVANCE,,,SRC-MGB-DOC-0046,,research/fedex-ground-driver-knowledge/sources/mygroundbiz/documents/FORGE 330 Application Support Guide FXGMGB7726.pdf,All 198 pages textually extracted and reviewed with full-document visual contact-sheet verification; current 3.3 features and accumulated 3.2 through 2.0 release sections were reconciled against existing knowledge.,Use current 3.3 sections first; older sections remain applicable only where not superseded by later sections in the same guide or a newer controlling source.,2026-08-10,ORIGINAL_BYTES_ACQUIRED_AND_FULLY_REVIEWED,Downloaded by the project owner from the authenticated current MyGroundBiz document link; the hub 7/13 label versus document 7/23 date discrepancy is preserved.
SRC-FMCSA-DOC-0001,FMCSA / Federal Register,,TRALA ELD rental-exemption renewal decision,PDF,application/pdf,https://www.govinfo.gov/content/pkg/FR-2022-09-12/pdf/2022-19636.pdf,2022-09-12,,2022-10-12,"87 FR 55888; exemption effective 2022-10-12 through 2027-10-12 unless renewed or rescinded",Federal ELD exception for property-carrying rental CMVs rented eight days or fewer,Interstate property-carrying motor carriers and drivers,ACCESSIBLE,FULLY_REVIEWED,HIGH_RELEVANCE,,,,,research/fedex-ground-driver-knowledge/sources/public/fmcsa/FR-2022-19556-TRALA-ELD-Rental-Exemption-Renewal.pdf,"The preserved GovInfo page slice contains the complete operative decision and conditions on Federal Register page 55889 plus an unrelated following FRA notice. It establishes a federal interstate exemption only; States need not adopt it for intrastate operation, and it does not establish FedEx or Motive implementation.","Use only for the exact federal exemption scope and conditions. Preserve the 2027 expiration gate and obtain FedEx/state compliance confirmation before production publication.",2026-08-10,OFFICIAL_PUBLIC_SOURCE_ACQUIRED,"Original GovInfo PDF bytes were downloaded from the official Federal Register package, checksum-preserved, text-extracted, and visually reviewed page by page."
SRC-ECFR-DOC-0001,eCFR / Office of the Federal Register,,49 CFR Part 396 snapshot — Inspection repair and maintenance,XML,application/xml,https://www.ecfr.gov/api/versioner/v1/full/2026-08-07/title-49.xml?part=396,2026-08-07,,2026-08-07,Title 49 Part 396 snapshot current through 2026-08-07,Roadside inspection report delivery out-of-service correction and retention duties,Motor carriers intermodal equipment providers and commercial drivers,ACCESSIBLE,FULLY_REVIEWED,HIGH_RELEVANCE,,,,,research/fedex-ground-driver-knowledge/sources/public/ecfr/49-CFR-Part-396-2026-08-07.xml,"The eCFR is an authoritative but unofficial editorial compilation. The preserved full Part 396 snapshot establishes the federal §396.9 duties but does not identify FedEx's internal recipient, contractor workflow, or any additional state requirement.","Use only for the exact federal baseline. Keep the FedEx-specific report recipient, internal repair/citation workflow, and jurisdiction overlays in human review.",2026-08-10,OFFICIAL_PUBLIC_SOURCE_ACQUIRED,"Official eCFR API XML for the complete Part 396 snapshot was checksum-preserved and §396.9 was reviewed in context."
